[[{"__type__":"cc.Prefab","_name":"FToLoad","data":{"__id__":1}},{"__type__":"cc.Node","_name":"FToLoad","_children":[{"__id__":2},{"__id__":3},{"__id__":4},{"__id__":6}],"_components":[{"__type__":"cc.BlockInputEvents","node":{"__id__":1}},{"__type__":"df649Ki7KRMeq9Z+aOVaNyR","node":{"__id__":1},"label_se":{"__id__":7},"label_msg":{"__id__":5},"mCircle":{"__id__":3}},{"__type__":"cc.BlockInputEvents","node":{"__id__":1}},{"__type__":"cc.Widget","node":{"__id__":1},"_alignFlags":45,"_originalWidth":720,"_originalHeight":1280}],"_prefab":{"__type__":"cc.PrefabInfo","root":{"__id__":1},"asset":{"__uuid__":"459A94TrpG7o0/kx0HjWIt"},"fileId":"79+p0iuAJPVKsvTMkrBWga"},"_contentSize":{"__type__":"cc.Size","width":720,"height":1280},"_trs":{"__type__":"TypedArray","ctor":"Float64Array","array":[360,640,0,0,0,0,1,1,1,1]}},{"__type__":"cc.Node","_name":"dark","_parent":{"__id__":1},"_components":[{"__type__":"cc.Sprite","node":{"__id__":2},"_materials":[{"__uuid__":"ecpdLyjvZBwrvm+cedCcQy"}],"_spriteFrame":{"__uuid__":"a2MjXRFdtLlYQ5ouAFv/+R"},"_sizeMode":0},{"__type__":"cc.Widget","node":{"__id__":2},"_alignFlags":45,"_originalWidth":100,"_originalHeight":100}],"_prefab":{"__type__":"cc.PrefabInfo","root":{"__id__":1},"asset":{"__uuid__":"459A94TrpG7o0/kx0HjWIt"},"fileId":"649phI9PtIH56SwGtrvCh5"},"_opacity":100,"_color":{"__type__":"cc.Color"},"_contentSize":{"__type__":"cc.Size","width":720,"height":1280},"_trs":{"__type__":"TypedArray","ctor":"Float64Array","array":[0,0,0,0,0,0,1,1,1,1]}},{"__type__":"cc.Node","_name":"bt_relink_run","_parent":{"__id__":1},"_components":[{"__type__":"cc.Sprite","node":{"__id__":3},"_materials":[{"__uuid__":"ecpdLyjvZBwrvm+cedCcQy"}],"_spriteFrame":{"__uuid__":"f75AL5Yj5MFJAE3G3vSR4/"}}],"_prefab":{"__type__":"cc.PrefabInfo","root":{"__id__":1},"asset":{"__uuid__":"459A94TrpG7o0/kx0HjWIt"},"fileId":"bcoUxgyjhPr56WO2XxCeAc"},"_contentSize":{"__type__":"cc.Size","width":114,"height":114},"_trs":{"__type__":"TypedArray","ctor":"Float64Array","array":[0,45,0,0,0,0,1,1,1,1]}},{"__type__":"cc.Node","_name":"msg","_parent":{"__id__":1},"_components":[{"__id__":5}],"_prefab":{"__type__":"cc.PrefabInfo","root":{"__id__":1},"asset":{"__uuid__":"459A94TrpG7o0/kx0HjWIt"},"fileId":"57OFlFSLNDr6gL2ceqDK0m"},"_contentSize":{"__type__":"cc.Size","width":140.24,"height":50.4},"_trs":{"__type__":"TypedArray","ctor":"Float64Array","array":[11,-83.7,0,0,0,0,1,1,1,1]}},{"__type__":"cc.Label","node":{"__id__":4},"_materials":[{"__uuid__":"ecpdLyjvZBwrvm+cedCcQy"}],"_useOriginalSize":false,"_string":"Loading...","_N$string":"Loading...","_fontSize":35,"_N$file":{"__uuid__":"4aN5tuVVhJy7/tt7t4W7A4"},"_isSystemFontUsed":false,"_N$horizontalAlign":1,"_N$verticalAlign":1,"_N$fontFamily":"微软雅黑"},{"__type__":"cc.Node","_name":"label","_parent":{"__id__":1},"_components":[{"__id__":7}],"_prefab":{"__type__":"cc.PrefabInfo","root":{"__id__":1},"asset":{"__uuid__":"459A94TrpG7o0/kx0HjWIt"},"fileId":"03QM6i+NFPSa78ZfKwZkw1"},"_contentSize":{"__type__":"cc.Size","width":57.69,"height":50.4},"_trs":{"__type__":"TypedArray","ctor":"Float64Array","array":[0,-131,0,0,0,0,1,1,1,1]}},{"__type__":"cc.Label","node":{"__id__":6},"_materials":[{"__uuid__":"ecpdLyjvZBwrvm+cedCcQy"}],"_useOriginalSize":false,"_string":"48se","_N$string":"48se","_fontSize":30,"_N$file":{"__uuid__":"4aN5tuVVhJy7/tt7t4W7A4"},"_isSystemFontUsed":false,"_N$horizontalAlign":1,"_N$verticalAlign":1,"_N$fontFamily":"微软雅黑"}],{"__type__":"cc.SpriteFrame","content":{"name":"default_sprite_splash","texture":"02delMVqdBD70a/HSD99FK","rect":[0,0,2,2],"offset":[0,0],"originalSize":[2,2],"capInsets":[0,0,0,0]}},{"__type__":"cc.SpriteFrame","content":{"name":"bt_relink_run","texture":"0dG+0IQLtG56Xdr3XPb82G","rect":[0,0,114,114],"offset":[0,0],"originalSize":[114,114],"capInsets":[0,0,0,0]}}]