[{"__type__":"cc.SpriteFrame","content":{"name":"08_hb_jdt","texture":"ecGvR/p5pLUooG6RmCmkiE","rect":[0,0,332,37],"offset":[0,0],"originalSize":[332,37],"capInsets":[0,0,0,0]}},{"__type__":"cc.SpriteFrame","content":{"name":"13_wxhb__Background","texture":"78WNkAmxdKFLITsLJDViL9","rect":[0,0,79,71],"offset":[0,0],"originalSize":[79,71],"capInsets":[23,24,24,23]}},{"__type__":"cc.SpriteFrame","content":{"name":"08_wxhb__Background","texture":"e3Y+dMGRRHCpwswb6MEm/T","rect":[0,6,186,222],"offset":[-0.5,-2.5],"originalSize":[187,229],"capInsets":[0,0,0,0]}},{"__type__":"cc.SpriteFrame","content":{"name":"03_2048_zt_bg","texture":"acsACMQNJMcJ6uXgfbCvOo","rect":[0,0,513,87],"offset":[0,0],"originalSize":[513,87],"capInsets":[28,0,100,0]}},{"__type__":"cc.SpriteFrame","content":{"name":"03_bg","texture":"e6IJTf17xErq9Ot0dbwtXu","rect":[0,0,465,88],"offset":[0,0],"originalSize":[465,88],"capInsets":[0,0,0,0]}},{"__type__":"cc.SpriteFrame","content":{"name":"top","texture":"efFYjdWfpO5ZnXrwWtjs/x","rect":[0,0,719,168],"offset":[0,0],"originalSize":[719,168],"capInsets":[0,0,0,0]}},{"__type__":"cc.SpriteFrame","content":{"name":"14_wxhb__Background","texture":"acxdlipVVMB5o4XIDlgMmn","rect":[2,2,469,27],"offset":[0,0],"originalSize":[473,31],"capInsets":[0,0,0,0]}},{"__type__":"cc.SpriteFrame","content":{"name":"coinbg","texture":"faHMC8dnlHBatyG7AuwgV/","rect":[0,0,184,40],"offset":[0,0],"originalSize":[184,40],"capInsets":[0,0,0,0]}},{"__type__":"cc.SpriteFrame","content":{"name":"01_2048_zt","texture":"ee7SFUKjlFG6YnuQ2wVVlN","rect":[4,4,59,58],"offset":[0,0],"originalSize":[67,66],"capInsets":[0,0,0,0]}},{"__type__":"cc.SpriteFrame","content":{"name":"07_hb_jdt","texture":"1dTGXbp4dNuJiwLTL7IDUO","rect":[2,2,327,33],"offset":[-0.5,0],"originalSize":[332,37],"capInsets":[16.5,0,23.5,0]}},{"__type__":"cc.SpriteFrame","content":{"name":"bg","texture":"61lbsl9ndM25Yd9K5Gh/GX","rect":[0,0,720,1280],"offset":[0,0],"originalSize":[720,1280],"capInsets":[0,0,0,0]}},{"__type__":"cc.SpriteFrame","content":{"name":"hficon","texture":"6eg8y2IuJNGYUuPQYGC/H8","rect":[0,0,47,35],"offset":[0,0],"originalSize":[47,35],"capInsets":[0,0,0,0]}},{"__type__":"cc.SpriteFrame","content":{"name":"redicon","texture":"c386ec9RpDm5hWdkVENizG","rect":[0,0,28,38],"offset":[0,0],"originalSize":[28,38],"capInsets":[0,0,0,0]}},{"__type__":"cc.SpriteFrame","content":{"name":"05_wxhb_bnt","texture":"99Tvb1NJ9FaYnyJIFqcFrA","rect":[0,0,307,94],"offset":[0,0],"originalSize":[307,94],"capInsets":[0,0,0,0]}},{"__type__":"cc.SpriteFrame","content":{"name":"06_wxhb_bnt","texture":"df51hoKoVMspnIZ4nXpAEf","rect":[3,4,162,110],"offset":[0,1],"originalSize":[168,120],"capInsets":[0,0,0,0]}},{"__type__":"cc.SpriteFrame","content":{"name":"15_wxhb__Background","texture":"978wexA25Ly4bGVwURlQa4","rect":[6,5,461,21],"offset":[0,0],"originalSize":[473,31],"capInsets":[15,0,12,0]}},{"__type__":"cc.SpriteFrame","content":{"name":"default_sprite_splash","texture":"02delMVqdBD70a/HSD99FK","rect":[0,0,2,2],"offset":[0,0],"originalSize":[2,2],"capInsets":[0,0,0,0]}},{"__type__":"cc.SpriteFrame","content":{"name":"07_wxhb_bnt","texture":"16vrRbdDhCOZjty+174wsl","rect":[3,4,162,110],"offset":[0,0],"originalSize":[168,118],"capInsets":[0,0,0,0]}},{"__type__":"cc.SpriteFrame","content":{"name":"04_2048_zt_bg","texture":"17dI5XejZMr7tzlWs/XL5u","rect":[0,0,89,66],"offset":[0,0],"originalSize":[89,66],"capInsets":[30,21,28,30]}},{"__type__":"cc.SpriteFrame","content":{"name":"12_wxhb__Background","texture":"c4oUjB6zhDVYThqmtnyCTt","rect":[0,0,197,49],"offset":[0,0],"originalSize":[197,49],"capInsets":[0,0,0,0]}},{"__type__":"cc.SpriteFrame","content":{"name":"10_wxhb__Background1","texture":"82KaL4gglIC7O7t5hUyNqM","rect":[0,0,611,329],"offset":[0,0],"originalSize":[611,329],"capInsets":[0,0,0,0]}},{"__type__":"cc.SpriteFrame","content":{"name":"03_wxhb_zt","texture":"a1Fb4DmWRBq4tdiLN082Gn","rect":[1,0,444,70],"offset":[0,0.5],"originalSize":[446,71],"capInsets":[0,0,0,0]}},{"__type__":"cc.SpriteFrame","content":{"name":"01_hb_bnt","texture":"bascOt7AxCdbKgLY7Hj7F9","rect":[0,0,50,48],"offset":[0,0],"originalSize":[50,48],"capInsets":[0,0,0,0]}},{"__type__":"cc.SpriteFrame","content":{"name":"dui","texture":"56jFbhZOpPZYZ2UlA4dr2K","rect":[0,0,41,41],"offset":[0,0],"originalSize":[41,41],"capInsets":[0,0,0,0]}},{"__type__":"cc.SpriteFrame","content":{"name":"11_wxhb__Background","texture":"420ZxQb89K449MqgpLizva","rect":[0,0,263,80],"offset":[0,0],"originalSize":[263,80],"capInsets":[0,0,0,0]}},{"__type__":"cc.SpriteFrame","content":{"name":"02_wxhb_zt","texture":"50mCcezBxLjqBwuUZfX/2D","rect":[0,0,287,36],"offset":[0,0],"originalSize":[287,36],"capInsets":[0,0,0,0]}},{"__type__":"cc.SpriteFrame","content":{"name":"09_wxhb__Background","texture":"dclw44o+lMYqUNnINEkuPI","rect":[0,0,121,163],"offset":[0,0],"originalSize":[121,163],"capInsets":[0,0,0,0]}},[{"__type__":"cc.Prefab","_name":"FTransPage","data":{"__id__":1}},{"__type__":"cc.Node","_name":"FTransPage","_children":[{"__id__":2},{"__id__":3},{"__id__":17},{"__id__":70}],"_components":[{"__type__":"cc.BlockInputEvents","node":{"__id__":1}},{"__type__":"e3913AivhFHZoDYPla72GW9","node":{"__id__":1},"mRedCredit":{"__id__":21},"mRedTip":{"__id__":30},"mPro":{"__id__":26},"mGetRed":{"__id__":28},"itemNode":{"__id__":33},"mFGetTrans":{"__id__":106}}],"_prefab":{"__type__":"cc.PrefabInfo","root":{"__id__":1},"asset":{"__uuid__":"f0Q9XVAD1Lh41TLblf9Z/e"},"fileId":"d0k2RXZExNNJSKAqeQwPMN"},"_contentSize":{"__type__":"cc.Size","width":720,"height":1280},"_trs":{"__type__":"TypedArray","ctor":"Float64Array","array":[0,0,0,0,0,0,1,1,1,1]}},{"__type__":"cc.Node","_name":"bg","_parent":{"__id__":1},"_components":[{"__type__":"cc.Sprite","node":{"__id__":2},"_materials":[{"__uuid__":"ecpdLyjvZBwrvm+cedCcQy"}],"_spriteFrame":{"__uuid__":"88sovQImtOe67FAbaqm/py"},"_sizeMode":0},{"__type__":"cc.Widget","node":{"__id__":2},"_alignFlags":45,"_originalWidth":100,"_originalHeight":100}],"_prefab":{"__type__":"cc.PrefabInfo","root":{"__id__":1},"asset":{"__uuid__":"f0Q9XVAD1Lh41TLblf9Z/e"},"fileId":"19yH8XqSBPgZxyRqxpaJbr"},"_contentSize":{"__type__":"cc.Size","width":720,"height":1280},"_trs":{"__type__":"TypedArray","ctor":"Float64Array","array":[0,0,0,0,0,0,1,1,1,1]}},{"__type__":"cc.Node","_name":"top","_parent":{"__id__":1},"_children":[{"__id__":4},{"__id__":5},{"__id__":10},{"__id__":15}],"_components":[{"__type__":"cc.Widget","node":{"__id__":3},"_alignFlags":41}],"_prefab":{"__type__":"cc.PrefabInfo","root":{"__id__":1},"asset":{"__uuid__":"f0Q9XVAD1Lh41TLblf9Z/e"},"fileId":"d1gjm8XrVANKkbJ7clumjp"},"_contentSize":{"__type__":"cc.Size","width":720,"height":88},"_trs":{"__type__":"TypedArray","ctor":"Float64Array","array":[0,596,0,0,0,0,1,1,1,1]}},{"__type__":"cc.Node","_name":"bg","_parent":{"__id__":3},"_components":[{"__type__":"cc.Sprite","node":{"__id__":4},"_materials":[{"__uuid__":"ecpdLyjvZBwrvm+cedCcQy"}],"_spriteFrame":{"__uuid__":"58jtA2FFtMBoiLty9SuWhY"},"_sizeMode":0},{"__type__":"cc.Widget","node":{"__id__":4},"_alignFlags":4}],"_prefab":{"__type__":"cc.PrefabInfo","root":{"__id__":1},"asset":{"__uuid__":"f0Q9XVAD1Lh41TLblf9Z/e"},"fileId":"12Ob+FwltIhqBuzNm4gzVT"},"_contentSize":{"__type__":"cc.Size","width":719,"height":168},"_trs":{"__type__":"TypedArray","ctor":"Float64Array","array":[0,40,0,0,0,0,1,1,1,1]}},{"__type__":"cc.Node","_name":"red","_parent":{"__id__":3},"_children":[{"__id__":6},{"__id__":7},{"__id__":8},{"__id__":9}],"_components":[{"__type__":"cc.Sprite","node":{"__id__":5},"_materials":[{"__uuid__":"ecpdLyjvZBwrvm+cedCcQy"}],"_spriteFrame":{"__uuid__":"5dK/LKvglEtZ0+zpmcjKbq"}},{"__type__":"a057bxKWepIIaBjFaleXU1t","node":{"__id__":5},"type":"red"}],"_prefab":{"__type__":"cc.PrefabInfo","root":{"__id__":1},"asset":{"__uuid__":"f0Q9XVAD1Lh41TLblf9Z/e"},"fileId":"7bvaWHvlZI34zEdUjkMrVk"},"_contentSize":{"__type__":"cc.Size","width":184,"height":40},"_trs":{"__type__":"TypedArray","ctor":"Float64Array","array":[-115.561,0,0,0,0,0,1,1,1,1]}},{"__type__":"cc.Node","_name":"redicon","_parent":{"__id__":5},"_components":[{"__type__":"cc.Sprite","node":{"__id__":6},"_materials":[{"__uuid__":"ecpdLyjvZBwrvm+cedCcQy"}],"_spriteFrame":{"__uuid__":"8eV9+gRh9BLrHWw9+PWzbz"}}],"_prefab":{"__type__":"cc.PrefabInfo","root":{"__id__":1},"asset":{"__uuid__":"f0Q9XVAD1Lh41TLblf9Z/e"},"fileId":"42Bs+mSHlMn6iN0bTm90d/"},"_contentSize":{"__type__":"cc.Size","width":28,"height":38},"_trs":{"__type__":"TypedArray","ctor":"Float64Array","array":[-79.621,-1.938,0,0,0,0.08715574274765817,0.9961946980917455,0.9,0.9,1]},"_eulerAngles":{"__type__":"cc.Vec3","z":10}},{"__type__":"cc.Node","_name":"redicon","_parent":{"__id__":5},"_components":[{"__type__":"cc.Sprite","node":{"__id__":7},"_materials":[{"__uuid__":"ecpdLyjvZBwrvm+cedCcQy"}],"_spriteFrame":{"__uuid__":"8eV9+gRh9BLrHWw9+PWzbz"}}],"_prefab":{"__type__":"cc.PrefabInfo","root":{"__id__":1},"asset":{"__uuid__":"f0Q9XVAD1Lh41TLblf9Z/e"},"fileId":"42bybcUdpAj702puBP0Z0j"},"_contentSize":{"__type__":"cc.Size","width":28,"height":38},"_trs":{"__type__":"TypedArray","ctor":"Float64Array","array":[-67.697,-0.234,0,0,0,0,1,1,1,1]}},{"__type__":"cc.Node","_name":"num","_parent":{"__id__":5},"_components":[{"__type__":"cc.Label","node":{"__id__":8},"_materials":[{"__uuid__":"ecpdLyjvZBwrvm+cedCcQy"}],"_useOriginalSize":false,"_string":"100.00","_N$string":"100.00","_fontSize":30,"_N$file":{"__uuid__":"d9/AxTZAFGmZYpXwMIollW"},"_isSystemFontUsed":false,"_styleFlags":1,"_N$horizontalAlign":1,"_N$verticalAlign":1}],"_prefab":{"__type__":"cc.PrefabInfo","root":{"__id__":1},"asset":{"__uuid__":"f0Q9XVAD1Lh41TLblf9Z/e"},"fileId":"55RxrR9AdLIbdG+h7Hia8c"},"_contentSize":{"__type__":"cc.Size","width":91.05,"height":50.4},"_anchorPoint":{"__type__":"cc.Vec2","y":0.5},"_trs":{"__type__":"TypedArray","ctor":"Float64Array","array":[-44.078,1,0,0,0,0,1,1,1,1]}},{"__type__":"cc.Node","_name":"dui","_parent":{"__id__":5},"_components":[{"__type__":"cc.Sprite","node":{"__id__":9},"_materials":[{"__uuid__":"ecpdLyjvZBwrvm+cedCcQy"}],"_spriteFrame":{"__uuid__":"bc/OAgrbJDq7i+a4n7R9AH"}}],"_prefab":{"__type__":"cc.PrefabInfo","root":{"__id__":1},"asset":{"__uuid__":"f0Q9XVAD1Lh41TLblf9Z/e"},"fileId":"66pJspU+BGLrUYcqSSULa4"},"_contentSize":{"__type__":"cc.Size","width":41,"height":41},"_trs":{"__type__":"TypedArray","ctor":"Float64Array","array":[85.563,0,0,0,0,0,1,1,1,1]}},{"__type__":"cc.Node","_name":"hf","_parent":{"__id__":3},"_children":[{"__id__":11},{"__id__":12},{"__id__":13},{"__id__":14}],"_components":[{"__type__":"cc.Sprite","node":{"__id__":10},"_materials":[{"__uuid__":"ecpdLyjvZBwrvm+cedCcQy"}],"_spriteFrame":{"__uuid__":"5dK/LKvglEtZ0+zpmcjKbq"}},{"__type__":"a057bxKWepIIaBjFaleXU1t","node":{"__id__":10},"type":"hf"}],"_prefab":{"__type__":"cc.PrefabInfo","root":{"__id__":1},"asset":{"__uuid__":"f0Q9XVAD1Lh41TLblf9Z/e"},"fileId":"11/SvZPBFMR54JCY2bhCcH"},"_contentSize":{"__type__":"cc.Size","width":184,"height":40},"_trs":{"__type__":"TypedArray","ctor":"Float64Array","array":[109.833,0,0,0,0,0,1,1,1,1]}},{"__type__":"cc.Node","_name":"redicon","_parent":{"__id__":10},"_components":[{"__type__":"cc.Sprite","node":{"__id__":11},"_materials":[{"__uuid__":"ecpdLyjvZBwrvm+cedCcQy"}],"_spriteFrame":{"__uuid__":"8a23iHFw9BIIZ4lPlpf0+A"}}],"_prefab":{"__type__":"cc.PrefabInfo","root":{"__id__":1},"asset":{"__uuid__":"f0Q9XVAD1Lh41TLblf9Z/e"},"fileId":"2bhU25WRJGYJ8+wBki7bHW"},"_contentSize":{"__type__":"cc.Size","width":47,"height":35},"_trs":{"__type__":"TypedArray","ctor":"Float64Array","array":[-72.317,1.435,0,0,0,0.08715574274765817,0.9961946980917455,1,1,1]},"_eulerAngles":{"__type__":"cc.Vec3","z":10}},{"__type__":"cc.Node","_name":"redicon","_parent":{"__id__":10},"_components":[{"__type__":"cc.Sprite","node":{"__id__":12},"_materials":[{"__uuid__":"ecpdLyjvZBwrvm+cedCcQy"}],"_spriteFrame":{"__uuid__":"8a23iHFw9BIIZ4lPlpf0+A"}}],"_prefab":{"__type__":"cc.PrefabInfo","root":{"__id__":1},"asset":{"__uuid__":"f0Q9XVAD1Lh41TLblf9Z/e"},"fileId":"f5zRu6sZ9MCZ/dNUenr38v"},"_contentSize":{"__type__":"cc.Size","width":47,"height":35},"_trs":{"__type__":"TypedArray","ctor":"Float64Array","array":[-67.697,1.766,0,0,0,0,1,1,1,1]}},{"__type__":"cc.Node","_name":"num","_parent":{"__id__":10},"_components":[{"__type__":"cc.Label","node":{"__id__":13},"_materials":[{"__uuid__":"ecpdLyjvZBwrvm+cedCcQy"}],"_useOriginalSize":false,"_string":"100.00","_N$string":"100.00","_fontSize":30,"_N$file":{"__uuid__":"d9/AxTZAFGmZYpXwMIollW"},"_isSystemFontUsed":false,"_styleFlags":1,"_N$horizontalAlign":1,"_N$verticalAlign":1}],"_prefab":{"__type__":"cc.PrefabInfo","root":{"__id__":1},"asset":{"__uuid__":"f0Q9XVAD1Lh41TLblf9Z/e"},"fileId":"bdQmvPiT1FeaVvMw0/jdgO"},"_contentSize":{"__type__":"cc.Size","width":91.05,"height":50.4},"_anchorPoint":{"__type__":"cc.Vec2","y":0.5},"_trs":{"__type__":"TypedArray","ctor":"Float64Array","array":[-39.835,1,0,0,0,0,1,1,1,1]}},{"__type__":"cc.Node","_name":"dui","_parent":{"__id__":10},"_components":[{"__type__":"cc.Sprite","node":{"__id__":14},"_materials":[{"__uuid__":"ecpdLyjvZBwrvm+cedCcQy"}],"_spriteFrame":{"__uuid__":"bc/OAgrbJDq7i+a4n7R9AH"}}],"_prefab":{"__type__":"cc.PrefabInfo","root":{"__id__":1},"asset":{"__uuid__":"f0Q9XVAD1Lh41TLblf9Z/e"},"fileId":"ccgNyH2kZBHp3gHDQKdLd4"},"_contentSize":{"__type__":"cc.Size","width":41,"height":41},"_trs":{"__type__":"TypedArray","ctor":"Float64Array","array":[85.563,0,0,0,0,0,1,1,1,1]}},{"__type__":"cc.Node","_name":"btn_back","_parent":{"__id__":3},"_children":[{"__id__":16}],"_components":[{"__type__":"cc.Button","node":{"__id__":15},"clickEvents":[{"__type__":"cc.ClickEvent","target":{"__id__":1},"_componentId":"e3913AivhFHZoDYPla72GW9","handler":"closePage"}],"_N$transition":3,"transition":3}],"_prefab":{"__type__":"cc.PrefabInfo","root":{"__id__":1},"asset":{"__uuid__":"f0Q9XVAD1Lh41TLblf9Z/e"},"fileId":"d53QX2UC1BqJu58hcHKpp9"},"_contentSize":{"__type__":"cc.Size","width":100,"height":100},"_trs":{"__type__":"TypedArray","ctor":"Float64Array","array":[-314.714,0,0,0,0,0,1,1,1,1]}},{"__type__":"cc.Node","_name":"01_hb_bnt","_parent":{"__id__":15},"_components":[{"__type__":"cc.Sprite","node":{"__id__":16},"_materials":[{"__uuid__":"ecpdLyjvZBwrvm+cedCcQy"}],"_spriteFrame":{"__uuid__":"bbR2ezrSNL47fFpdGoDIBZ"}}],"_prefab":{"__type__":"cc.PrefabInfo","root":{"__id__":1},"asset":{"__uuid__":"f0Q9XVAD1Lh41TLblf9Z/e"},"fileId":"a9VYddScxBTboFpFivRSUQ"},"_contentSize":{"__type__":"cc.Size","width":50,"height":48},"_trs":{"__type__":"TypedArray","ctor":"Float64Array","array":[0,0,0,0,0,0,1,1,1,1]}},{"__type__":"cc.Node","_name":"mainNode","_parent":{"__id__":1},"_children":[{"__id__":18},{"__id__":31},{"__id__":33}],"_prefab":{"__type__":"cc.PrefabInfo","root":{"__id__":1},"asset":{"__uuid__":"f0Q9XVAD1Lh41TLblf9Z/e"},"fileId":"5eSDR9vMdJLq6ALwg2NM2Y"},"_trs":{"__type__":"TypedArray","ctor":"Float64Array","array":[0,0,0,0,0,0,1,1,1,1]}},{"__type__":"cc.Node","_name":"title","_parent":{"__id__":17},"_children":[{"__id__":19},{"__id__":20},{"__id__":22},{"__id__":23},{"__id__":27},{"__id__":29}],"_components":[{"__type__":"cc.Sprite","node":{"__id__":18},"_materials":[{"__uuid__":"ecpdLyjvZBwrvm+cedCcQy"}],"_spriteFrame":{"__uuid__":"f4f68ZrFlPV5DM3l4VYzss"}}],"_prefab":{"__type__":"cc.PrefabInfo","root":{"__id__":1},"asset":{"__uuid__":"f0Q9XVAD1Lh41TLblf9Z/e"},"fileId":"cc0xsb67JNhrQD57jXhjRm"},"_contentSize":{"__type__":"cc.Size","width":682,"height":367},"_trs":{"__type__":"TypedArray","ctor":"Float64Array","array":[0,237.824,0,0,0,0,1,1,1,1]}},{"__type__":"cc.Node","_name":"03_wxhb_zt","_parent":{"__id__":18},"_components":[{"__type__":"cc.Sprite","node":{"__id__":19},"_materials":[{"__uuid__":"ecpdLyjvZBwrvm+cedCcQy"}],"_spriteFrame":{"__uuid__":"b78xYRS0RBE5hpYk5sU3+B"}}],"_prefab":{"__type__":"cc.PrefabInfo","root":{"__id__":1},"asset":{"__uuid__":"f0Q9XVAD1Lh41TLblf9Z/e"},"fileId":"9eTjnomfVAZ7O7ZRn4SKg8"},"_contentSize":{"__type__":"cc.Size","width":444,"height":70},"_trs":{"__type__":"TypedArray","ctor":"Float64Array","array":[0,248.125,0,0,0,0,1,1,1,1]}},{"__type__":"cc.Node","_name":"label","_parent":{"__id__":18},"_components":[{"__id__":21}],"_prefab":{"__type__":"cc.PrefabInfo","root":{"__id__":1},"asset":{"__uuid__":"f0Q9XVAD1Lh41TLblf9Z/e"},"fileId":"3cdx8x6mRB6reliVgYjEJr"},"_contentSize":{"__type__":"cc.Size","width":122.78,"height":40},"_trs":{"__type__":"TypedArray","ctor":"Float64Array","array":[117.683,105.733,0,0,0,0,1,1,1,1]}},{"__type__":"cc.Label","node":{"__id__":20},"_materials":[{"__uuid__":"ecpdLyjvZBwrvm+cedCcQy"}],"_useOriginalSize":false,"_string":"366.5元","_N$string":"366.5元","_fontSize":32,"_N$file":{"__uuid__":"c95iZ26h1DEo8U733GkqTF"},"_isSystemFontUsed":false,"_N$horizontalAlign":1,"_N$verticalAlign":1},{"__type__":"cc.Node","_name":"label","_parent":{"__id__":18},"_components":[{"__type__":"cc.Label","node":{"__id__":22},"_materials":[{"__uuid__":"ecpdLyjvZBwrvm+cedCcQy"}],"_useOriginalSize":false,"_string":"100元","_N$string":"100元","_fontSize":32,"_N$file":{"__uuid__":"c95iZ26h1DEo8U733GkqTF"},"_isSystemFontUsed":false,"_N$horizontalAlign":1,"_N$verticalAlign":1}],"_prefab":{"__type__":"cc.PrefabInfo","root":{"__id__":1},"asset":{"__uuid__":"f0Q9XVAD1Lh41TLblf9Z/e"},"fileId":"f8dtdw11BEEL8ggqdoMU/o"},"_contentSize":{"__type__":"cc.Size","width":85.55,"height":40},"_trs":{"__type__":"TypedArray","ctor":"Float64Array","array":[78.139,50.2,0,0,0,0,1,1,1,1]}},{"__type__":"cc.Node","_name":"progressBar","_parent":{"__id__":18},"_children":[{"__id__":24}],"_components":[{"__type__":"cc.Sprite","node":{"__id__":23},"_materials":[{"__uuid__":"ecpdLyjvZBwrvm+cedCcQy"}],"_spriteFrame":{"__uuid__":"1200RwNeZFtL2G7KGp86n8"}},{"__id__":26}],"_prefab":{"__type__":"cc.PrefabInfo","root":{"__id__":1},"asset":{"__uuid__":"f0Q9XVAD1Lh41TLblf9Z/e"},"fileId":"dchW05rSJAN4SoRHbpcTMg"},"_contentSize":{"__type__":"cc.Size","width":332,"height":37},"_trs":{"__type__":"TypedArray","ctor":"Float64Array","array":[120,-14.876,0,0,0,0,1,1,1,1]}},{"__type__":"cc.Node","_name":"bar","_parent":{"__id__":23},"_components":[{"__id__":25}],"_prefab":{"__type__":"cc.PrefabInfo","root":{"__id__":1},"asset":{"__uuid__":"f0Q9XVAD1Lh41TLblf9Z/e"},"fileId":"f5s06uNLdETpaM3xFPg+zr"},"_contentSize":{"__type__":"cc.Size","width":332,"height":37},"_anchorPoint":{"__type__":"cc.Vec2","y":0.5},"_trs":{"__type__":"TypedArray","ctor":"Float64Array","array":[-166,0,0,0,0,0,1,1,1,1]}},{"__type__":"cc.Sprite","node":{"__id__":24},"_materials":[{"__uuid__":"ecpdLyjvZBwrvm+cedCcQy"}],"_spriteFrame":{"__uuid__":"78IuCy5YxLBKKS9jrtWbi8"},"_type":3,"_sizeMode":0,"_fillRange":0.4},{"__type__":"cc.ProgressBar","node":{"__id__":23},"_N$barSprite":{"__id__":25},"_N$mode":2,"_N$progress":0.4},{"__type__":"cc.Node","_name":"05_wxhb_bnt","_parent":{"__id__":18},"_components":[{"__type__":"cc.Sprite","node":{"__id__":27},"_materials":[{"__uuid__":"ecpdLyjvZBwrvm+cedCcQy"}],"_spriteFrame":{"__uuid__":"97hLG2fX5Bgal60LvHXelx"}},{"__id__":28}],"_prefab":{"__type__":"cc.PrefabInfo","root":{"__id__":1},"asset":{"__uuid__":"f0Q9XVAD1Lh41TLblf9Z/e"},"fileId":"eeAsTWB/FJiYTfDe1Q9BsB"},"_contentSize":{"__type__":"cc.Size","width":307,"height":94},"_trs":{"__type__":"TypedArray","ctor":"Float64Array","array":[120,-104.135,0,0,0,0,1,1,1,1]}},{"__type__":"cc.Button","node":{"__id__":27},"_normalMaterial":{"__uuid__":"ecpdLyjvZBwrvm+cedCcQy"},"_grayMaterial":{"__uuid__":"3ae7efMv1CLq2ilvUY/tQi"},"_N$enableAutoGrayEffect":true,"_N$transition":3,"transition":3},{"__type__":"cc.Node","_name":"label","_parent":{"__id__":18},"_components":[{"__id__":30}],"_prefab":{"__type__":"cc.PrefabInfo","root":{"__id__":1},"asset":{"__uuid__":"f0Q9XVAD1Lh41TLblf9Z/e"},"fileId":"c4MTMOdc9DpLYxv0M3JxcA"},"_color":{"__type__":"cc.Color","r":255,"g":223,"b":75},"_contentSize":{"__type__":"cc.Size","width":298.3,"height":50.4},"_trs":{"__type__":"TypedArray","ctor":"Float64Array","array":[-191.913,-126.535,0,0,0,0,1,1,1,1]}},{"__type__":"cc.Label","node":{"__id__":29},"_materials":[{"__uuid__":"ecpdLyjvZBwrvm+cedCcQy"}],"_useOriginalSize":false,"_string":"（已有1211311位玩家成功提现）","_N$string":"（已有1211311位玩家成功提现）","_fontSize":21,"_N$horizontalAlign":1,"_N$verticalAlign":1,"_N$fontFamily":"微软雅黑"},{"__type__":"cc.Node","_name":"03_bg","_parent":{"__id__":17},"_children":[{"__id__":32}],"_components":[{"__type__":"cc.Sprite","node":{"__id__":31},"_materials":[{"__uuid__":"ecpdLyjvZBwrvm+cedCcQy"}],"_spriteFrame":{"__uuid__":"57PtNjeONHtLs9VMzT23QP"}}],"_prefab":{"__type__":"cc.PrefabInfo","root":{"__id__":1},"asset":{"__uuid__":"f0Q9XVAD1Lh41TLblf9Z/e"},"fileId":"e8XdT6XZlLEaGS+4KG/+25"},"_contentSize":{"__type__":"cc.Size","width":465,"height":88},"_trs":{"__type__":"TypedArray","ctor":"Float64Array","array":[0,-25.615,0,0,0,0,1,1,1,1]}},{"__type__":"cc.Node","_name":"02_wxhb_zt","_parent":{"__id__":31},"_components":[{"__type__":"cc.Sprite","node":{"__id__":32},"_materials":[{"__uuid__":"ecpdLyjvZBwrvm+cedCcQy"}],"_spriteFrame":{"__uuid__":"dc7kZGVWtPR7YJQ6S5CiCq"}}],"_prefab":{"__type__":"cc.PrefabInfo","root":{"__id__":1},"asset":{"__uuid__":"f0Q9XVAD1Lh41TLblf9Z/e"},"fileId":"6crmdQ2ZxPXYafZblt0ubh"},"_contentSize":{"__type__":"cc.Size","width":287,"height":36},"_trs":{"__type__":"TypedArray","ctor":"Float64Array","array":[0,5,0,0,0,0,1,1,1,1]}},{"__type__":"cc.Node","_name":"redNode","_parent":{"__id__":17},"_children":[{"__id__":34},{"__id__":40},{"__id__":46},{"__id__":52},{"__id__":58},{"__id__":64}],"_prefab":{"__type__":"cc.PrefabInfo","root":{"__id__":1},"asset":{"__uuid__":"f0Q9XVAD1Lh41TLblf9Z/e"},"fileId":"daC+nDR/VP0ocBaGiXCX0E"},"_trs":{"__type__":"TypedArray","ctor":"Float64Array","array":[0,-338.638,0,0,0,0,1,1,1,1]}},{"__type__":"cc.Node","_name":"item","_parent":{"__id__":33},"_children":[{"__id__":35},{"__id__":36},{"__id__":38},{"__id__":39}],"_components":[{"__type__":"cc.Sprite","node":{"__id__":34},"_materials":[{"__uuid__":"ecpdLyjvZBwrvm+cedCcQy"}],"_spriteFrame":{"__uuid__":"3cyT7VRVBCAKDWDgPtI83w"}},{"__type__":"686154DQkFKfoQV2ofuhFEt","node":{"__id__":34},"mAmount":{"__id__":37},"mAl":{"__id__":38},"mIng":{"__id__":39}},{"__type__":"cc.Button","node":{"__id__":34},"_normalMaterial":{"__uuid__":"ecpdLyjvZBwrvm+cedCcQy"},"clickEvents":[{"__type__":"cc.ClickEvent","target":{"__id__":34},"_componentId":"686154DQkFKfoQV2ofuhFEt","handler":"openGetTransPage"}],"_N$transition":3,"transition":3}],"_prefab":{"__type__":"cc.PrefabInfo","root":{"__id__":1},"asset":{"__uuid__":"f0Q9XVAD1Lh41TLblf9Z/e"},"fileId":"9aFkyKnz1LKJKWS8p4RCp2"},"_contentSize":{"__type__":"cc.Size","width":186,"height":222},"_trs":{"__type__":"TypedArray","ctor":"Float64Array","array":[-220,122.861,0,0,0,0,1,1,1,1]}},{"__type__":"cc.Node","_name":"09_wxhb__Background","_parent":{"__id__":34},"_components":[{"__type__":"cc.Sprite","node":{"__id__":35},"_materials":[{"__uuid__":"ecpdLyjvZBwrvm+cedCcQy"}],"_spriteFrame":{"__uuid__":"edsdWW8mZMuJjIMZwf75Rm"}}],"_prefab":{"__type__":"cc.PrefabInfo","root":{"__id__":1},"asset":{"__uuid__":"f0Q9XVAD1Lh41TLblf9Z/e"},"fileId":"e6GMFKEMJCco/sJWjDz3q3"},"_contentSize":{"__type__":"cc.Size","width":121,"height":163},"_trs":{"__type__":"TypedArray","ctor":"Float64Array","array":[0,15,0,0,0,0,1,1,1,1]}},{"__type__":"cc.Node","_name":"label","_parent":{"__id__":34},"_components":[{"__id__":37}],"_prefab":{"__type__":"cc.PrefabInfo","root":{"__id__":1},"asset":{"__uuid__":"f0Q9XVAD1Lh41TLblf9Z/e"},"fileId":"37+tZwAxBPIaX9Fu6OiQID"},"_contentSize":{"__type__":"cc.Size","width":100.82,"height":40},"_trs":{"__type__":"TypedArray","ctor":"Float64Array","array":[0,-25,0,0,0,0,1,1,1,1]}},{"__type__":"cc.Label","node":{"__id__":36},"_materials":[{"__uuid__":"ecpdLyjvZBwrvm+cedCcQy"}],"_useOriginalSize":false,"_string":"0.3元","_N$string":"0.3元","_fontSize":38,"_N$file":{"__uuid__":"c95iZ26h1DEo8U733GkqTF"},"_isSystemFontUsed":false,"_N$horizontalAlign":1,"_N$verticalAlign":1},{"__type__":"cc.Node","_name":"al","_parent":{"__id__":34},"_components":[{"__type__":"cc.Sprite","node":{"__id__":38},"_materials":[{"__uuid__":"ecpdLyjvZBwrvm+cedCcQy"}],"_spriteFrame":{"__uuid__":"a0BNBfZJdK3a8ZD+xDkDbq"}}],"_prefab":{"__type__":"cc.PrefabInfo","root":{"__id__":1},"asset":{"__uuid__":"f0Q9XVAD1Lh41TLblf9Z/e"},"fileId":"c5eKbbnyJKsq9P/K1jr7yU"},"_contentSize":{"__type__":"cc.Size","width":162,"height":110},"_trs":{"__type__":"TypedArray","ctor":"Float64Array","array":[0,16,0,0,0,0,1,1,1,1]}},{"__type__":"cc.Node","_name":"ing","_parent":{"__id__":34},"_active":false,"_components":[{"__type__":"cc.Sprite","node":{"__id__":39},"_materials":[{"__uuid__":"ecpdLyjvZBwrvm+cedCcQy"}],"_spriteFrame":{"__uuid__":"a6BgO63/pKj7uuGPGoq+S2"}}],"_prefab":{"__type__":"cc.PrefabInfo","root":{"__id__":1},"asset":{"__uuid__":"f0Q9XVAD1Lh41TLblf9Z/e"},"fileId":"9ffmEim49EjYZTnW+Lusqh"},"_contentSize":{"__type__":"cc.Size","width":162,"height":110},"_trs":{"__type__":"TypedArray","ctor":"Float64Array","array":[0,16,0,0,0,0,1,1,1,1]}},{"__type__":"cc.Node","_name":"item","_parent":{"__id__":33},"_children":[{"__id__":41},{"__id__":42},{"__id__":44},{"__id__":45}],"_components":[{"__type__":"cc.Sprite","node":{"__id__":40},"_materials":[{"__uuid__":"ecpdLyjvZBwrvm+cedCcQy"}],"_spriteFrame":{"__uuid__":"3cyT7VRVBCAKDWDgPtI83w"}},{"__type__":"686154DQkFKfoQV2ofuhFEt","node":{"__id__":40},"mAmount":{"__id__":43},"mAl":{"__id__":44},"mIng":{"__id__":45}},{"__type__":"cc.Button","node":{"__id__":40},"_normalMaterial":{"__uuid__":"ecpdLyjvZBwrvm+cedCcQy"},"clickEvents":[{"__type__":"cc.ClickEvent","target":{"__id__":40},"_componentId":"686154DQkFKfoQV2ofuhFEt","handler":"openGetTransPage"}],"_N$transition":3,"transition":3}],"_prefab":{"__type__":"cc.PrefabInfo","root":{"__id__":1},"asset":{"__uuid__":"f0Q9XVAD1Lh41TLblf9Z/e"},"fileId":"2cf4ZaLypNjqi1A+HHd2+g"},"_contentSize":{"__type__":"cc.Size","width":186,"height":222},"_trs":{"__type__":"TypedArray","ctor":"Float64Array","array":[0,122.861,0,0,0,0,1,1,1,1]}},{"__type__":"cc.Node","_name":"09_wxhb__Background","_parent":{"__id__":40},"_components":[{"__type__":"cc.Sprite","node":{"__id__":41},"_materials":[{"__uuid__":"ecpdLyjvZBwrvm+cedCcQy"}],"_spriteFrame":{"__uuid__":"edsdWW8mZMuJjIMZwf75Rm"}}],"_prefab":{"__type__":"cc.PrefabInfo","root":{"__id__":1},"asset":{"__uuid__":"f0Q9XVAD1Lh41TLblf9Z/e"},"fileId":"92xA2PTq9O4pltRXeAmlhJ"},"_contentSize":{"__type__":"cc.Size","width":121,"height":163},"_trs":{"__type__":"TypedArray","ctor":"Float64Array","array":[0,15,0,0,0,0,1,1,1,1]}},{"__type__":"cc.Node","_name":"label","_parent":{"__id__":40},"_components":[{"__id__":43}],"_prefab":{"__type__":"cc.PrefabInfo","root":{"__id__":1},"asset":{"__uuid__":"f0Q9XVAD1Lh41TLblf9Z/e"},"fileId":"70FCIfO/9Am6HPtPrZ4kjK"},"_contentSize":{"__type__":"cc.Size","width":100.82,"height":40},"_trs":{"__type__":"TypedArray","ctor":"Float64Array","array":[0,-25,0,0,0,0,1,1,1,1]}},{"__type__":"cc.Label","node":{"__id__":42},"_materials":[{"__uuid__":"ecpdLyjvZBwrvm+cedCcQy"}],"_useOriginalSize":false,"_string":"0.3元","_N$string":"0.3元","_fontSize":38,"_N$file":{"__uuid__":"c95iZ26h1DEo8U733GkqTF"},"_isSystemFontUsed":false,"_N$horizontalAlign":1,"_N$verticalAlign":1},{"__type__":"cc.Node","_name":"al","_parent":{"__id__":40},"_components":[{"__type__":"cc.Sprite","node":{"__id__":44},"_materials":[{"__uuid__":"ecpdLyjvZBwrvm+cedCcQy"}],"_spriteFrame":{"__uuid__":"a0BNBfZJdK3a8ZD+xDkDbq"}}],"_prefab":{"__type__":"cc.PrefabInfo","root":{"__id__":1},"asset":{"__uuid__":"f0Q9XVAD1Lh41TLblf9Z/e"},"fileId":"55rRRIbzBEsZb1w56jg6sQ"},"_contentSize":{"__type__":"cc.Size","width":162,"height":110},"_trs":{"__type__":"TypedArray","ctor":"Float64Array","array":[0,16,0,0,0,0,1,1,1,1]}},{"__type__":"cc.Node","_name":"ing","_parent":{"__id__":40},"_active":false,"_components":[{"__type__":"cc.Sprite","node":{"__id__":45},"_materials":[{"__uuid__":"ecpdLyjvZBwrvm+cedCcQy"}],"_spriteFrame":{"__uuid__":"a6BgO63/pKj7uuGPGoq+S2"}}],"_prefab":{"__type__":"cc.PrefabInfo","root":{"__id__":1},"asset":{"__uuid__":"f0Q9XVAD1Lh41TLblf9Z/e"},"fileId":"65FP9HLFhK44HKG53Pw4gh"},"_contentSize":{"__type__":"cc.Size","width":162,"height":110},"_trs":{"__type__":"TypedArray","ctor":"Float64Array","array":[0,16,0,0,0,0,1,1,1,1]}},{"__type__":"cc.Node","_name":"item","_parent":{"__id__":33},"_children":[{"__id__":47},{"__id__":48},{"__id__":50},{"__id__":51}],"_components":[{"__type__":"cc.Sprite","node":{"__id__":46},"_materials":[{"__uuid__":"ecpdLyjvZBwrvm+cedCcQy"}],"_spriteFrame":{"__uuid__":"3cyT7VRVBCAKDWDgPtI83w"}},{"__type__":"686154DQkFKfoQV2ofuhFEt","node":{"__id__":46},"mAmount":{"__id__":49},"mAl":{"__id__":50},"mIng":{"__id__":51}},{"__type__":"cc.Button","node":{"__id__":46},"_normalMaterial":{"__uuid__":"ecpdLyjvZBwrvm+cedCcQy"},"clickEvents":[{"__type__":"cc.ClickEvent","target":{"__id__":46},"_componentId":"686154DQkFKfoQV2ofuhFEt","handler":"openGetTransPage"}],"_N$transition":3,"transition":3}],"_prefab":{"__type__":"cc.PrefabInfo","root":{"__id__":1},"asset":{"__uuid__":"f0Q9XVAD1Lh41TLblf9Z/e"},"fileId":"4aYKmDWSxOUo0zA/hz65wM"},"_contentSize":{"__type__":"cc.Size","width":186,"height":222},"_trs":{"__type__":"TypedArray","ctor":"Float64Array","array":[220,122.861,0,0,0,0,1,1,1,1]}},{"__type__":"cc.Node","_name":"09_wxhb__Background","_parent":{"__id__":46},"_components":[{"__type__":"cc.Sprite","node":{"__id__":47},"_materials":[{"__uuid__":"ecpdLyjvZBwrvm+cedCcQy"}],"_spriteFrame":{"__uuid__":"edsdWW8mZMuJjIMZwf75Rm"}}],"_prefab":{"__type__":"cc.PrefabInfo","root":{"__id__":1},"asset":{"__uuid__":"f0Q9XVAD1Lh41TLblf9Z/e"},"fileId":"de36WyfuZCoq0KUyfubcwf"},"_contentSize":{"__type__":"cc.Size","width":121,"height":163},"_trs":{"__type__":"TypedArray","ctor":"Float64Array","array":[0,15,0,0,0,0,1,1,1,1]}},{"__type__":"cc.Node","_name":"label","_parent":{"__id__":46},"_components":[{"__id__":49}],"_prefab":{"__type__":"cc.PrefabInfo","root":{"__id__":1},"asset":{"__uuid__":"f0Q9XVAD1Lh41TLblf9Z/e"},"fileId":"589KohHr9MJ6n3Ndpw24zR"},"_contentSize":{"__type__":"cc.Size","width":100.82,"height":40},"_trs":{"__type__":"TypedArray","ctor":"Float64Array","array":[0,-25,0,0,0,0,1,1,1,1]}},{"__type__":"cc.Label","node":{"__id__":48},"_materials":[{"__uuid__":"ecpdLyjvZBwrvm+cedCcQy"}],"_useOriginalSize":false,"_string":"0.3元","_N$string":"0.3元","_fontSize":38,"_N$file":{"__uuid__":"c95iZ26h1DEo8U733GkqTF"},"_isSystemFontUsed":false,"_N$horizontalAlign":1,"_N$verticalAlign":1},{"__type__":"cc.Node","_name":"al","_parent":{"__id__":46},"_components":[{"__type__":"cc.Sprite","node":{"__id__":50},"_materials":[{"__uuid__":"ecpdLyjvZBwrvm+cedCcQy"}],"_spriteFrame":{"__uuid__":"a0BNBfZJdK3a8ZD+xDkDbq"}}],"_prefab":{"__type__":"cc.PrefabInfo","root":{"__id__":1},"asset":{"__uuid__":"f0Q9XVAD1Lh41TLblf9Z/e"},"fileId":"e6ohWvOBZMw7mg7gQfItGb"},"_contentSize":{"__type__":"cc.Size","width":162,"height":110},"_trs":{"__type__":"TypedArray","ctor":"Float64Array","array":[0,16,0,0,0,0,1,1,1,1]}},{"__type__":"cc.Node","_name":"ing","_parent":{"__id__":46},"_active":false,"_components":[{"__type__":"cc.Sprite","node":{"__id__":51},"_materials":[{"__uuid__":"ecpdLyjvZBwrvm+cedCcQy"}],"_spriteFrame":{"__uuid__":"a6BgO63/pKj7uuGPGoq+S2"}}],"_prefab":{"__type__":"cc.PrefabInfo","root":{"__id__":1},"asset":{"__uuid__":"f0Q9XVAD1Lh41TLblf9Z/e"},"fileId":"12pory+WBGcZDgcf8TCzED"},"_contentSize":{"__type__":"cc.Size","width":162,"height":110},"_trs":{"__type__":"TypedArray","ctor":"Float64Array","array":[0,16,0,0,0,0,1,1,1,1]}},{"__type__":"cc.Node","_name":"item","_parent":{"__id__":33},"_children":[{"__id__":53},{"__id__":54},{"__id__":56},{"__id__":57}],"_components":[{"__type__":"cc.Sprite","node":{"__id__":52},"_materials":[{"__uuid__":"ecpdLyjvZBwrvm+cedCcQy"}],"_spriteFrame":{"__uuid__":"3cyT7VRVBCAKDWDgPtI83w"}},{"__type__":"686154DQkFKfoQV2ofuhFEt","node":{"__id__":52},"mAmount":{"__id__":55},"mAl":{"__id__":56},"mIng":{"__id__":57}},{"__type__":"cc.Button","node":{"__id__":52},"_normalMaterial":{"__uuid__":"ecpdLyjvZBwrvm+cedCcQy"},"clickEvents":[{"__type__":"cc.ClickEvent","target":{"__id__":52},"_componentId":"686154DQkFKfoQV2ofuhFEt","handler":"openGetTransPage"}],"_N$transition":3,"transition":3}],"_prefab":{"__type__":"cc.PrefabInfo","root":{"__id__":1},"asset":{"__uuid__":"f0Q9XVAD1Lh41TLblf9Z/e"},"fileId":"4dvBKI5DpNKI7aH5szoFiF"},"_contentSize":{"__type__":"cc.Size","width":186,"height":222},"_trs":{"__type__":"TypedArray","ctor":"Float64Array","array":[-220,-122.86,0,0,0,0,1,1,1,1]}},{"__type__":"cc.Node","_name":"09_wxhb__Background","_parent":{"__id__":52},"_components":[{"__type__":"cc.Sprite","node":{"__id__":53},"_materials":[{"__uuid__":"ecpdLyjvZBwrvm+cedCcQy"}],"_spriteFrame":{"__uuid__":"edsdWW8mZMuJjIMZwf75Rm"}}],"_prefab":{"__type__":"cc.PrefabInfo","root":{"__id__":1},"asset":{"__uuid__":"f0Q9XVAD1Lh41TLblf9Z/e"},"fileId":"7767spCGtH2b/zOZCALTT+"},"_contentSize":{"__type__":"cc.Size","width":121,"height":163},"_trs":{"__type__":"TypedArray","ctor":"Float64Array","array":[0,15,0,0,0,0,1,1,1,1]}},{"__type__":"cc.Node","_name":"label","_parent":{"__id__":52},"_components":[{"__id__":55}],"_prefab":{"__type__":"cc.PrefabInfo","root":{"__id__":1},"asset":{"__uuid__":"f0Q9XVAD1Lh41TLblf9Z/e"},"fileId":"bai6xQTThHdoItcY+NLOTd"},"_contentSize":{"__type__":"cc.Size","width":100.82,"height":40},"_trs":{"__type__":"TypedArray","ctor":"Float64Array","array":[0,-25,0,0,0,0,1,1,1,1]}},{"__type__":"cc.Label","node":{"__id__":54},"_materials":[{"__uuid__":"ecpdLyjvZBwrvm+cedCcQy"}],"_useOriginalSize":false,"_string":"0.3元","_N$string":"0.3元","_fontSize":38,"_N$file":{"__uuid__":"c95iZ26h1DEo8U733GkqTF"},"_isSystemFontUsed":false,"_N$horizontalAlign":1,"_N$verticalAlign":1},{"__type__":"cc.Node","_name":"al","_parent":{"__id__":52},"_components":[{"__type__":"cc.Sprite","node":{"__id__":56},"_materials":[{"__uuid__":"ecpdLyjvZBwrvm+cedCcQy"}],"_spriteFrame":{"__uuid__":"a0BNBfZJdK3a8ZD+xDkDbq"}}],"_prefab":{"__type__":"cc.PrefabInfo","root":{"__id__":1},"asset":{"__uuid__":"f0Q9XVAD1Lh41TLblf9Z/e"},"fileId":"44Vi5KEaVDBqt34o81HxaL"},"_contentSize":{"__type__":"cc.Size","width":162,"height":110},"_trs":{"__type__":"TypedArray","ctor":"Float64Array","array":[0,16,0,0,0,0,1,1,1,1]}},{"__type__":"cc.Node","_name":"ing","_parent":{"__id__":52},"_active":false,"_components":[{"__type__":"cc.Sprite","node":{"__id__":57},"_materials":[{"__uuid__":"ecpdLyjvZBwrvm+cedCcQy"}],"_spriteFrame":{"__uuid__":"a6BgO63/pKj7uuGPGoq+S2"}}],"_prefab":{"__type__":"cc.PrefabInfo","root":{"__id__":1},"asset":{"__uuid__":"f0Q9XVAD1Lh41TLblf9Z/e"},"fileId":"0966yDYGRCaah61eCUa9ve"},"_contentSize":{"__type__":"cc.Size","width":162,"height":110},"_trs":{"__type__":"TypedArray","ctor":"Float64Array","array":[0,16,0,0,0,0,1,1,1,1]}},{"__type__":"cc.Node","_name":"item","_parent":{"__id__":33},"_children":[{"__id__":59},{"__id__":60},{"__id__":62},{"__id__":63}],"_components":[{"__type__":"cc.Sprite","node":{"__id__":58},"_materials":[{"__uuid__":"ecpdLyjvZBwrvm+cedCcQy"}],"_spriteFrame":{"__uuid__":"3cyT7VRVBCAKDWDgPtI83w"}},{"__type__":"686154DQkFKfoQV2ofuhFEt","node":{"__id__":58},"mAmount":{"__id__":61},"mAl":{"__id__":62},"mIng":{"__id__":63}},{"__type__":"cc.Button","node":{"__id__":58},"_normalMaterial":{"__uuid__":"ecpdLyjvZBwrvm+cedCcQy"},"clickEvents":[{"__type__":"cc.ClickEvent","target":{"__id__":58},"_componentId":"686154DQkFKfoQV2ofuhFEt","handler":"openGetTransPage"}],"_N$transition":3,"transition":3}],"_prefab":{"__type__":"cc.PrefabInfo","root":{"__id__":1},"asset":{"__uuid__":"f0Q9XVAD1Lh41TLblf9Z/e"},"fileId":"d21MiKw/1O97TUrvWj4KM5"},"_contentSize":{"__type__":"cc.Size","width":186,"height":222},"_trs":{"__type__":"TypedArray","ctor":"Float64Array","array":[0,-122.86,0,0,0,0,1,1,1,1]}},{"__type__":"cc.Node","_name":"09_wxhb__Background","_parent":{"__id__":58},"_components":[{"__type__":"cc.Sprite","node":{"__id__":59},"_materials":[{"__uuid__":"ecpdLyjvZBwrvm+cedCcQy"}],"_spriteFrame":{"__uuid__":"edsdWW8mZMuJjIMZwf75Rm"}}],"_prefab":{"__type__":"cc.PrefabInfo","root":{"__id__":1},"asset":{"__uuid__":"f0Q9XVAD1Lh41TLblf9Z/e"},"fileId":"d3nKXOHNhHdK7c5ZZ8QQDF"},"_contentSize":{"__type__":"cc.Size","width":121,"height":163},"_trs":{"__type__":"TypedArray","ctor":"Float64Array","array":[0,15,0,0,0,0,1,1,1,1]}},{"__type__":"cc.Node","_name":"label","_parent":{"__id__":58},"_components":[{"__id__":61}],"_prefab":{"__type__":"cc.PrefabInfo","root":{"__id__":1},"asset":{"__uuid__":"f0Q9XVAD1Lh41TLblf9Z/e"},"fileId":"a4x+CvLSZMkadEqfTPWniI"},"_contentSize":{"__type__":"cc.Size","width":100.82,"height":40},"_trs":{"__type__":"TypedArray","ctor":"Float64Array","array":[0,-25,0,0,0,0,1,1,1,1]}},{"__type__":"cc.Label","node":{"__id__":60},"_materials":[{"__uuid__":"ecpdLyjvZBwrvm+cedCcQy"}],"_useOriginalSize":false,"_string":"0.3元","_N$string":"0.3元","_fontSize":38,"_N$file":{"__uuid__":"c95iZ26h1DEo8U733GkqTF"},"_isSystemFontUsed":false,"_N$horizontalAlign":1,"_N$verticalAlign":1},{"__type__":"cc.Node","_name":"al","_parent":{"__id__":58},"_components":[{"__type__":"cc.Sprite","node":{"__id__":62},"_materials":[{"__uuid__":"ecpdLyjvZBwrvm+cedCcQy"}],"_spriteFrame":{"__uuid__":"a0BNBfZJdK3a8ZD+xDkDbq"}}],"_prefab":{"__type__":"cc.PrefabInfo","root":{"__id__":1},"asset":{"__uuid__":"f0Q9XVAD1Lh41TLblf9Z/e"},"fileId":"35CGVCU3BPqKKPbuAhEx9l"},"_contentSize":{"__type__":"cc.Size","width":162,"height":110},"_trs":{"__type__":"TypedArray","ctor":"Float64Array","array":[0,16,0,0,0,0,1,1,1,1]}},{"__type__":"cc.Node","_name":"ing","_parent":{"__id__":58},"_active":false,"_components":[{"__type__":"cc.Sprite","node":{"__id__":63},"_materials":[{"__uuid__":"ecpdLyjvZBwrvm+cedCcQy"}],"_spriteFrame":{"__uuid__":"a6BgO63/pKj7uuGPGoq+S2"}}],"_prefab":{"__type__":"cc.PrefabInfo","root":{"__id__":1},"asset":{"__uuid__":"f0Q9XVAD1Lh41TLblf9Z/e"},"fileId":"64OqMjxbxI955aeHz7SR1h"},"_contentSize":{"__type__":"cc.Size","width":162,"height":110},"_trs":{"__type__":"TypedArray","ctor":"Float64Array","array":[0,16,0,0,0,0,1,1,1,1]}},{"__type__":"cc.Node","_name":"item","_parent":{"__id__":33},"_children":[{"__id__":65},{"__id__":66},{"__id__":68},{"__id__":69}],"_components":[{"__type__":"cc.Sprite","node":{"__id__":64},"_materials":[{"__uuid__":"ecpdLyjvZBwrvm+cedCcQy"}],"_spriteFrame":{"__uuid__":"3cyT7VRVBCAKDWDgPtI83w"}},{"__type__":"686154DQkFKfoQV2ofuhFEt","node":{"__id__":64},"mAmount":{"__id__":67},"mAl":{"__id__":68},"mIng":{"__id__":69}},{"__type__":"cc.Button","node":{"__id__":64},"_normalMaterial":{"__uuid__":"ecpdLyjvZBwrvm+cedCcQy"},"clickEvents":[{"__type__":"cc.ClickEvent","target":{"__id__":64},"_componentId":"686154DQkFKfoQV2ofuhFEt","handler":"openGetTransPage"}],"_N$transition":3,"transition":3}],"_prefab":{"__type__":"cc.PrefabInfo","root":{"__id__":1},"asset":{"__uuid__":"f0Q9XVAD1Lh41TLblf9Z/e"},"fileId":"95cHdn7P1LpqzBmx4gJHLV"},"_contentSize":{"__type__":"cc.Size","width":186,"height":222},"_trs":{"__type__":"TypedArray","ctor":"Float64Array","array":[220,-122.86,0,0,0,0,1,1,1,1]}},{"__type__":"cc.Node","_name":"09_wxhb__Background","_parent":{"__id__":64},"_components":[{"__type__":"cc.Sprite","node":{"__id__":65},"_materials":[{"__uuid__":"ecpdLyjvZBwrvm+cedCcQy"}],"_spriteFrame":{"__uuid__":"edsdWW8mZMuJjIMZwf75Rm"}}],"_prefab":{"__type__":"cc.PrefabInfo","root":{"__id__":1},"asset":{"__uuid__":"f0Q9XVAD1Lh41TLblf9Z/e"},"fileId":"7ehbpmOkdDtp13MkzQHwth"},"_contentSize":{"__type__":"cc.Size","width":121,"height":163},"_trs":{"__type__":"TypedArray","ctor":"Float64Array","array":[0,15,0,0,0,0,1,1,1,1]}},{"__type__":"cc.Node","_name":"label","_parent":{"__id__":64},"_components":[{"__id__":67}],"_prefab":{"__type__":"cc.PrefabInfo","root":{"__id__":1},"asset":{"__uuid__":"f0Q9XVAD1Lh41TLblf9Z/e"},"fileId":"4aFbyhao9GvJoxHJMXZAgI"},"_contentSize":{"__type__":"cc.Size","width":100.82,"height":40},"_trs":{"__type__":"TypedArray","ctor":"Float64Array","array":[0,-25,0,0,0,0,1,1,1,1]}},{"__type__":"cc.Label","node":{"__id__":66},"_materials":[{"__uuid__":"ecpdLyjvZBwrvm+cedCcQy"}],"_useOriginalSize":false,"_string":"0.3元","_N$string":"0.3元","_fontSize":38,"_N$file":{"__uuid__":"c95iZ26h1DEo8U733GkqTF"},"_isSystemFontUsed":false,"_N$horizontalAlign":1,"_N$verticalAlign":1},{"__type__":"cc.Node","_name":"al","_parent":{"__id__":64},"_components":[{"__type__":"cc.Sprite","node":{"__id__":68},"_materials":[{"__uuid__":"ecpdLyjvZBwrvm+cedCcQy"}],"_spriteFrame":{"__uuid__":"a0BNBfZJdK3a8ZD+xDkDbq"}}],"_prefab":{"__type__":"cc.PrefabInfo","root":{"__id__":1},"asset":{"__uuid__":"f0Q9XVAD1Lh41TLblf9Z/e"},"fileId":"b51ThTtHxDEozTd4fFGRAm"},"_contentSize":{"__type__":"cc.Size","width":162,"height":110},"_trs":{"__type__":"TypedArray","ctor":"Float64Array","array":[0,16,0,0,0,0,1,1,1,1]}},{"__type__":"cc.Node","_name":"ing","_parent":{"__id__":64},"_active":false,"_components":[{"__type__":"cc.Sprite","node":{"__id__":69},"_materials":[{"__uuid__":"ecpdLyjvZBwrvm+cedCcQy"}],"_spriteFrame":{"__uuid__":"a6BgO63/pKj7uuGPGoq+S2"}}],"_prefab":{"__type__":"cc.PrefabInfo","root":{"__id__":1},"asset":{"__uuid__":"f0Q9XVAD1Lh41TLblf9Z/e"},"fileId":"13hZHKEM1PzKpp//9MDNlp"},"_contentSize":{"__type__":"cc.Size","width":162,"height":110},"_trs":{"__type__":"TypedArray","ctor":"Float64Array","array":[0,16,0,0,0,0,1,1,1,1]}},{"__type__":"cc.Node","_name":"FGetTrans","_parent":{"__id__":1},"_children":[{"__id__":71},{"__id__":72}],"_active":false,"_components":[{"__type__":"cc.Widget","node":{"__id__":70},"_alignFlags":45},{"__id__":106},{"__type__":"cc.BlockInputEvents","node":{"__id__":70}}],"_prefab":{"__type__":"cc.PrefabInfo","root":{"__id__":1},"asset":{"__uuid__":"f0Q9XVAD1Lh41TLblf9Z/e"},"fileId":"3cV1k7GadPYbwGyWOa6nlF"},"_contentSize":{"__type__":"cc.Size","width":720,"height":1280},"_trs":{"__type__":"TypedArray","ctor":"Float64Array","array":[0,0,0,0,0,0,1,1,1,1]}},{"__type__":"cc.Node","_name":"bg","_parent":{"__id__":70},"_components":[{"__type__":"cc.Sprite","node":{"__id__":71},"_materials":[{"__uuid__":"ecpdLyjvZBwrvm+cedCcQy"}],"_spriteFrame":{"__uuid__":"a2MjXRFdtLlYQ5ouAFv/+R"},"_sizeMode":0},{"__type__":"cc.Widget","node":{"__id__":71},"_alignFlags":45,"_originalWidth":100,"_originalHeight":100}],"_prefab":{"__type__":"cc.PrefabInfo","root":{"__id__":1},"asset":{"__uuid__":"f0Q9XVAD1Lh41TLblf9Z/e"},"fileId":"06OLLboRRH2qY0A8Qm/AJV"},"_opacity":200,"_color":{"__type__":"cc.Color"},"_contentSize":{"__type__":"cc.Size","width":720,"height":1280},"_trs":{"__type__":"TypedArray","ctor":"Float64Array","array":[0,0,0,0,0,0,1,1,1,1]}},{"__type__":"cc.Node","_name":"mainNode","_parent":{"__id__":70},"_children":[{"__id__":73},{"__id__":74},{"__id__":77},{"__id__":90},{"__id__":92},{"__id__":99}],"_prefab":{"__type__":"cc.PrefabInfo","root":{"__id__":1},"asset":{"__uuid__":"f0Q9XVAD1Lh41TLblf9Z/e"},"fileId":"79Mmes+ihLGq2ERblOPIC6"},"_contentSize":{"__type__":"cc.Size","width":630,"height":880},"_trs":{"__type__":"TypedArray","ctor":"Float64Array","array":[0,0,0,0,0,0,1,1,1,1]}},{"__type__":"cc.Node","_name":"04_2048_zt_bg","_parent":{"__id__":72},"_components":[{"__type__":"cc.Sprite","node":{"__id__":73},"_materials":[{"__uuid__":"ecpdLyjvZBwrvm+cedCcQy"}],"_spriteFrame":{"__uuid__":"a8Wo6crABI65gmQM6cPSbW"},"_type":1,"_sizeMode":0}],"_prefab":{"__type__":"cc.PrefabInfo","root":{"__id__":1},"asset":{"__uuid__":"f0Q9XVAD1Lh41TLblf9Z/e"},"fileId":"86hNliqpxEKaO/spQg0aeZ"},"_contentSize":{"__type__":"cc.Size","width":630,"height":820},"_trs":{"__type__":"TypedArray","ctor":"Float64Array","array":[0,-30,0,0,0,0,1,1,1,1]}},{"__type__":"cc.Node","_name":"03_2048_zt_bg","_parent":{"__id__":72},"_children":[{"__id__":75},{"__id__":76}],"_components":[{"__type__":"cc.Sprite","node":{"__id__":74},"_materials":[{"__uuid__":"ecpdLyjvZBwrvm+cedCcQy"}],"_spriteFrame":{"__uuid__":"3fz06o12lE74ogRpEWIfmc"},"_sizeMode":0}],"_prefab":{"__type__":"cc.PrefabInfo","root":{"__id__":1},"asset":{"__uuid__":"f0Q9XVAD1Lh41TLblf9Z/e"},"fileId":"b6pgpJTRBHvba1BTZvRMGq"},"_contentSize":{"__type__":"cc.Size","width":635,"height":87},"_trs":{"__type__":"TypedArray","ctor":"Float64Array","array":[0,396.5,0,0,0,0,1,1,1,1]}},{"__type__":"cc.Node","_name":"12_wxhb__Background","_parent":{"__id__":74},"_components":[{"__type__":"cc.Sprite","node":{"__id__":75},"_materials":[{"__uuid__":"ecpdLyjvZBwrvm+cedCcQy"}],"_spriteFrame":{"__uuid__":"a82kpjuyJMKLLsyDbQsnM/"}}],"_prefab":{"__type__":"cc.PrefabInfo","root":{"__id__":1},"asset":{"__uuid__":"f0Q9XVAD1Lh41TLblf9Z/e"},"fileId":"10In/y56JNV7+0bU1p4lq/"},"_contentSize":{"__type__":"cc.Size","width":197,"height":49},"_trs":{"__type__":"TypedArray","ctor":"Float64Array","array":[0,2,0,0,0,0,1,1,1,1]}},{"__type__":"cc.Node","_name":"01_2048_zt","_parent":{"__id__":74},"_components":[{"__type__":"cc.Sprite","node":{"__id__":76},"_materials":[{"__uuid__":"ecpdLyjvZBwrvm+cedCcQy"}],"_spriteFrame":{"__uuid__":"62i/1NrdxLILgwXCWckyNx"}},{"__type__":"cc.Button","node":{"__id__":76},"_normalMaterial":{"__uuid__":"ecpdLyjvZBwrvm+cedCcQy"},"clickEvents":[{"__type__":"cc.ClickEvent","target":{"__id__":70},"_componentId":"71335vAbZNJkYBS84ZI6IFb","handler":"closePage"}],"_N$transition":3,"transition":3}],"_prefab":{"__type__":"cc.PrefabInfo","root":{"__id__":1},"asset":{"__uuid__":"f0Q9XVAD1Lh41TLblf9Z/e"},"fileId":"f2L/gFz/JPXLvuRpY31TRf"},"_contentSize":{"__type__":"cc.Size","width":59,"height":58},"_trs":{"__type__":"TypedArray","ctor":"Float64Array","array":[266.252,2,0,0,0,0,1,1,1,1]}},{"__type__":"cc.Node","_name":"10_wxhb__Background1","_parent":{"__id__":72},"_children":[{"__id__":78},{"__id__":84},{"__id__":86},{"__id__":88}],"_components":[{"__type__":"cc.Sprite","node":{"__id__":77},"_materials":[{"__uuid__":"ecpdLyjvZBwrvm+cedCcQy"}],"_spriteFrame":{"__uuid__":"abe3wBRZxI/40jUbGWv9qP"}}],"_prefab":{"__type__":"cc.PrefabInfo","root":{"__id__":1},"asset":{"__uuid__":"f0Q9XVAD1Lh41TLblf9Z/e"},"fileId":"17P5D7EFxHVI203l+COS8+"},"_contentSize":{"__type__":"cc.Size","width":611,"height":329},"_trs":{"__type__":"TypedArray","ctor":"Float64Array","array":[0,181.649,0,0,0,0,1,1,1,1]}},{"__type__":"cc.Node","_name":"progressBar","_parent":{"__id__":77},"_children":[{"__id__":79},{"__id__":81}],"_active":false,"_components":[{"__type__":"cc.Sprite","node":{"__id__":78},"_materials":[{"__uuid__":"ecpdLyjvZBwrvm+cedCcQy"}],"_spriteFrame":{"__uuid__":"1200RwNeZFtL2G7KGp86n8"}},{"__id__":83}],"_prefab":{"__type__":"cc.PrefabInfo","root":{"__id__":1},"asset":{"__uuid__":"f0Q9XVAD1Lh41TLblf9Z/e"},"fileId":"22OjQLkN1NrLV6Xld4DB3v"},"_contentSize":{"__type__":"cc.Size","width":332,"height":37},"_trs":{"__type__":"TypedArray","ctor":"Float64Array","array":[120,-14.876,0,0,0,0,1,1,1,1]}},{"__type__":"cc.Node","_name":"bar","_parent":{"__id__":78},"_components":[{"__id__":80}],"_prefab":{"__type__":"cc.PrefabInfo","root":{"__id__":1},"asset":{"__uuid__":"f0Q9XVAD1Lh41TLblf9Z/e"},"fileId":"05dn62XdxBQocy4SyTMHcT"},"_contentSize":{"__type__":"cc.Size","width":332,"height":37},"_anchorPoint":{"__type__":"cc.Vec2","y":0.5},"_trs":{"__type__":"TypedArray","ctor":"Float64Array","array":[-166,0,0,0,0,0,1,1,1,1]}},{"__type__":"cc.Sprite","node":{"__id__":79},"_materials":[{"__uuid__":"ecpdLyjvZBwrvm+cedCcQy"}],"_spriteFrame":{"__uuid__":"78IuCy5YxLBKKS9jrtWbi8"},"_type":3,"_sizeMode":0,"_fillRange":0.9},{"__type__":"cc.Node","_name":"label","_parent":{"__id__":78},"_components":[{"__id__":82}],"_prefab":{"__type__":"cc.PrefabInfo","root":{"__id__":1},"asset":{"__uuid__":"f0Q9XVAD1Lh41TLblf9Z/e"},"fileId":"5a2oqWfIJJy4aU18Yn3X+f"},"_contentSize":{"__type__":"cc.Size","width":123.2,"height":28.98},"_trs":{"__type__":"TypedArray","ctor":"Float64Array","array":[0,2,0,0,0,0,1,1,1,1]}},{"__type__":"cc.Label","node":{"__id__":81},"_materials":[{"__uuid__":"ecpdLyjvZBwrvm+cedCcQy"}],"_useOriginalSize":false,"_string":"今日还剩0份","_N$string":"今日还剩0份","_fontSize":22,"_lineHeight":23,"_N$horizontalAlign":1,"_N$verticalAlign":1,"_N$fontFamily":"微软雅黑"},{"__type__":"cc.ProgressBar","node":{"__id__":78},"_N$barSprite":{"__id__":80},"_N$mode":2,"_N$progress":0.9},{"__type__":"cc.Node","_name":"11_wxhb__Background","_parent":{"__id__":77},"_components":[{"__type__":"cc.Sprite","node":{"__id__":84},"_materials":[{"__uuid__":"ecpdLyjvZBwrvm+cedCcQy"}],"_spriteFrame":{"__uuid__":"d7haCGWupKZ4nWkml0rXv6"}},{"__id__":85}],"_prefab":{"__type__":"cc.PrefabInfo","root":{"__id__":1},"asset":{"__uuid__":"f0Q9XVAD1Lh41TLblf9Z/e"},"fileId":"bawyRCKZpAWpfZxGTKqd6v"},"_contentSize":{"__type__":"cc.Size","width":263,"height":80},"_trs":{"__type__":"TypedArray","ctor":"Float64Array","array":[120.388,-97,0,0,0,0,1,1,1,1]}},{"__type__":"cc.Button","node":{"__id__":84},"_normalMaterial":{"__uuid__":"ecpdLyjvZBwrvm+cedCcQy"},"_N$enableAutoGrayEffect":true,"_N$transition":3,"transition":3},{"__type__":"cc.Node","_name":"label","_parent":{"__id__":77},"_components":[{"__id__":87}],"_prefab":{"__type__":"cc.PrefabInfo","root":{"__id__":1},"asset":{"__uuid__":"f0Q9XVAD1Lh41TLblf9Z/e"},"fileId":"e2ToR9LRtO8Zzp+5SDcIQk"},"_contentSize":{"__type__":"cc.Size","width":120.31,"height":40},"_trs":{"__type__":"TypedArray","ctor":"Float64Array","array":[-190.551,-51.878,0,0,0,0.043619387365336,0.9990482215818578,1,1,1]},"_eulerAngles":{"__type__":"cc.Vec3","z":5}},{"__type__":"cc.Label","node":{"__id__":86},"_materials":[{"__uuid__":"ecpdLyjvZBwrvm+cedCcQy"}],"_useOriginalSize":false,"_string":"100元","_N$string":"100元","_fontSize":45,"_N$file":{"__uuid__":"c95iZ26h1DEo8U733GkqTF"},"_isSystemFontUsed":false,"_N$horizontalAlign":1,"_N$verticalAlign":1},{"__type__":"cc.Node","_name":"label","_parent":{"__id__":77},"_components":[{"__id__":89}],"_prefab":{"__type__":"cc.PrefabInfo","root":{"__id__":1},"asset":{"__uuid__":"f0Q9XVAD1Lh41TLblf9Z/e"},"fileId":"1bdYTHwZpKsqlgQ2gxA0a+"},"_color":{"__type__":"cc.Color","r":255,"g":223,"b":75},"_contentSize":{"__type__":"cc.Size","width":276.02,"height":50.4},"_trs":{"__type__":"TypedArray","ctor":"Float64Array","array":[-158.804,-114.873,0,0,0,0,1,1,1,1]}},{"__type__":"cc.Label","node":{"__id__":88},"_materials":[{"__uuid__":"ecpdLyjvZBwrvm+cedCcQy"}],"_useOriginalSize":false,"_string":"（已有12343位玩家成功提现）","_N$string":"（已有12343位玩家成功提现）","_fontSize":20,"_N$horizontalAlign":1,"_N$verticalAlign":1,"_N$fontFamily":"微软雅黑"},{"__type__":"cc.Node","_name":"03_bg","_parent":{"__id__":72},"_children":[{"__id__":91}],"_components":[{"__type__":"cc.Sprite","node":{"__id__":90},"_materials":[{"__uuid__":"ecpdLyjvZBwrvm+cedCcQy"}],"_spriteFrame":{"__uuid__":"57PtNjeONHtLs9VMzT23QP"}}],"_prefab":{"__type__":"cc.PrefabInfo","root":{"__id__":1},"asset":{"__uuid__":"f0Q9XVAD1Lh41TLblf9Z/e"},"fileId":"ffnrlMum9KarXLp7MAF57h"},"_contentSize":{"__type__":"cc.Size","width":465,"height":88},"_trs":{"__type__":"TypedArray","ctor":"Float64Array","array":[0,-37.073,0,0,0,0,1,1,1,1]}},{"__type__":"cc.Node","_name":"02_wxhb_zt","_parent":{"__id__":90},"_components":[{"__type__":"cc.Sprite","node":{"__id__":91},"_materials":[{"__uuid__":"ecpdLyjvZBwrvm+cedCcQy"}],"_spriteFrame":{"__uuid__":"dc7kZGVWtPR7YJQ6S5CiCq"}}],"_prefab":{"__type__":"cc.PrefabInfo","root":{"__id__":1},"asset":{"__uuid__":"f0Q9XVAD1Lh41TLblf9Z/e"},"fileId":"e4vKf0zkhOqKcW+A5/l1C+"},"_contentSize":{"__type__":"cc.Size","width":287,"height":36},"_trs":{"__type__":"TypedArray","ctor":"Float64Array","array":[0,5,0,0,0,0,1,1,1,1]}},{"__type__":"cc.Node","_name":"task1","_parent":{"__id__":72},"_children":[{"__id__":93},{"__id__":97}],"_components":[{"__type__":"cc.Sprite","node":{"__id__":92},"_materials":[{"__uuid__":"ecpdLyjvZBwrvm+cedCcQy"}],"_spriteFrame":{"__uuid__":"33djiSVKJFH6+qEmzs83ay"},"_type":1,"_sizeMode":0}],"_prefab":{"__type__":"cc.PrefabInfo","root":{"__id__":1},"asset":{"__uuid__":"f0Q9XVAD1Lh41TLblf9Z/e"},"fileId":"6ed0HSoFtBxJS7aq22N0Wd"},"_contentSize":{"__type__":"cc.Size","width":583,"height":140},"_trs":{"__type__":"TypedArray","ctor":"Float64Array","array":[0,-168.659,0,0,0,0,1,1,1,1]}},{"__type__":"cc.Node","_name":"progressBar","_parent":{"__id__":92},"_children":[{"__id__":94}],"_components":[{"__type__":"cc.Sprite","node":{"__id__":93},"_materials":[{"__uuid__":"ecpdLyjvZBwrvm+cedCcQy"}],"_spriteFrame":{"__uuid__":"5bu2xixEpM/ZfLWsglV6ns"}},{"__id__":96}],"_prefab":{"__type__":"cc.PrefabInfo","root":{"__id__":1},"asset":{"__uuid__":"f0Q9XVAD1Lh41TLblf9Z/e"},"fileId":"ddmbzl3LJJGoqWu/wVHf3O"},"_contentSize":{"__type__":"cc.Size","width":469,"height":27},"_trs":{"__type__":"TypedArray","ctor":"Float64Array","array":[0,-33.343,0,0,0,0,1,1,1,1]}},{"__type__":"cc.Node","_name":"bar","_parent":{"__id__":93},"_components":[{"__id__":95}],"_prefab":{"__type__":"cc.PrefabInfo","root":{"__id__":1},"asset":{"__uuid__":"f0Q9XVAD1Lh41TLblf9Z/e"},"fileId":"4bI52tyAJBS7pnPYTuTy5f"},"_contentSize":{"__type__":"cc.Size","width":461,"height":21},"_anchorPoint":{"__type__":"cc.Vec2","y":0.5},"_trs":{"__type__":"TypedArray","ctor":"Float64Array","array":[-231,0,0,0,0,0,1,1,1,1]}},{"__type__":"cc.Sprite","node":{"__id__":94},"_materials":[{"__uuid__":"ecpdLyjvZBwrvm+cedCcQy"}],"_spriteFrame":{"__uuid__":"a0btscwCFPHIRc5zTQsy9D"},"_type":1,"_sizeMode":0},{"__type__":"cc.ProgressBar","node":{"__id__":93},"_N$totalLength":461,"_N$barSprite":{"__id__":95}},{"__type__":"cc.Node","_name":"label","_parent":{"__id__":92},"_components":[{"__id__":98}],"_prefab":{"__type__":"cc.PrefabInfo","root":{"__id__":1},"asset":{"__uuid__":"f0Q9XVAD1Lh41TLblf9Z/e"},"fileId":"c1UvEvtkJAVKHQ7OEqUU2P"},"_contentSize":{"__type__":"cc.Size","width":420.95,"height":50.4},"_anchorPoint":{"__type__":"cc.Vec2","y":0.5},"_trs":{"__type__":"TypedArray","ctor":"Float64Array","array":[-229.575,22.957,0,0,0,0,1,1,1,1]}},{"__type__":"cc.Label","node":{"__id__":97},"_materials":[{"__uuid__":"ecpdLyjvZBwrvm+cedCcQy"}],"_useOriginalSize":false,"_string":"完成一个什么任务条件 （12/20）","_N$string":"完成一个什么任务条件 （12/20）","_fontSize":28,"_N$horizontalAlign":1,"_N$verticalAlign":1,"_N$fontFamily":"微软雅黑"},{"__type__":"cc.Node","_name":"task2","_parent":{"__id__":72},"_children":[{"__id__":100},{"__id__":104}],"_components":[{"__type__":"cc.Sprite","node":{"__id__":99},"_materials":[{"__uuid__":"ecpdLyjvZBwrvm+cedCcQy"}],"_spriteFrame":{"__uuid__":"33djiSVKJFH6+qEmzs83ay"},"_type":1,"_sizeMode":0}],"_prefab":{"__type__":"cc.PrefabInfo","root":{"__id__":1},"asset":{"__uuid__":"f0Q9XVAD1Lh41TLblf9Z/e"},"fileId":"37PBTXeAJPfoPNjxJ87kNa"},"_contentSize":{"__type__":"cc.Size","width":583,"height":140},"_trs":{"__type__":"TypedArray","ctor":"Float64Array","array":[0,-327.978,0,0,0,0,1,1,1,1]}},{"__type__":"cc.Node","_name":"progressBar","_parent":{"__id__":99},"_children":[{"__id__":101}],"_components":[{"__type__":"cc.Sprite","node":{"__id__":100},"_materials":[{"__uuid__":"ecpdLyjvZBwrvm+cedCcQy"}],"_spriteFrame":{"__uuid__":"5bu2xixEpM/ZfLWsglV6ns"}},{"__id__":103}],"_prefab":{"__type__":"cc.PrefabInfo","root":{"__id__":1},"asset":{"__uuid__":"f0Q9XVAD1Lh41TLblf9Z/e"},"fileId":"393E0iFy5CxoPqOlGS1zR3"},"_contentSize":{"__type__":"cc.Size","width":469,"height":27},"_trs":{"__type__":"TypedArray","ctor":"Float64Array","array":[0,-33.343,0,0,0,0,1,1,1,1]}},{"__type__":"cc.Node","_name":"bar","_parent":{"__id__":100},"_components":[{"__id__":102}],"_prefab":{"__type__":"cc.PrefabInfo","root":{"__id__":1},"asset":{"__uuid__":"f0Q9XVAD1Lh41TLblf9Z/e"},"fileId":"27IV/4WvFHZauRvqFKhdPm"},"_contentSize":{"__type__":"cc.Size","width":138.3,"height":21},"_anchorPoint":{"__type__":"cc.Vec2","y":0.5},"_trs":{"__type__":"TypedArray","ctor":"Float64Array","array":[-231,0,0,0,0,0,1,1,1,1]}},{"__type__":"cc.Sprite","node":{"__id__":101},"_materials":[{"__uuid__":"ecpdLyjvZBwrvm+cedCcQy"}],"_spriteFrame":{"__uuid__":"a0btscwCFPHIRc5zTQsy9D"},"_type":1,"_sizeMode":0},{"__type__":"cc.ProgressBar","node":{"__id__":100},"_N$totalLength":461,"_N$barSprite":{"__id__":102},"_N$progress":0.30000000000000004},{"__type__":"cc.Node","_name":"label","_parent":{"__id__":99},"_components":[{"__id__":105}],"_prefab":{"__type__":"cc.PrefabInfo","root":{"__id__":1},"asset":{"__uuid__":"f0Q9XVAD1Lh41TLblf9Z/e"},"fileId":"f1OaI4JL9KuqOMyV0iy4ul"},"_contentSize":{"__type__":"cc.Size","width":420.95,"height":50.4},"_anchorPoint":{"__type__":"cc.Vec2","y":0.5},"_trs":{"__type__":"TypedArray","ctor":"Float64Array","array":[-229.575,22.957,0,0,0,0,1,1,1,1]}},{"__type__":"cc.Label","node":{"__id__":104},"_materials":[{"__uuid__":"ecpdLyjvZBwrvm+cedCcQy"}],"_useOriginalSize":false,"_string":"完成一个什么任务条件 （12/20）","_N$string":"完成一个什么任务条件 （12/20）","_fontSize":28,"_N$horizontalAlign":1,"_N$verticalAlign":1,"_N$fontFamily":"微软雅黑"},{"__type__":"71335vAbZNJkYBS84ZI6IFb","node":{"__id__":70},"mAmount":{"__id__":87},"mLimit":{"__id__":82},"pLimit":{"__id__":83},"mTarget_1":{"__id__":98},"mTarGet_2":{"__id__":105},"pTarget_1":{"__id__":96},"pTarget_2":{"__id__":103},"mRedTip":{"__id__":89},"mBtn":{"__id__":85}}],{"__type__":"cc.SpriteFrame","content":{"name":"04_wxhb__Background","texture":"43FUAf+DZM+ZaSzDsS7FYn","rect":[0,0,682,367],"offset":[0,0],"originalSize":[682,367],"capInsets":[0,0,0,0]}}]