[{"__type__":"cc.SpriteFrame","content":{"name":"28_bnt","texture":"afjz9AbiRAW6bgcpQbj/6n","rect":[2,2,154,154],"offset":[0,0],"originalSize":[158,158],"capInsets":[0,0,0,0]}},{"__type__":"cc.SpriteFrame","content":{"name":"29_bnt","texture":"b8Fs2GknNK4qEydGBzKh+1","rect":[0,0,404,96],"offset":[-0.5,0.5],"originalSize":[405,97],"capInsets":[0,0,0,0]}},[{"__type__":"cc.Prefab","_name":"FMorePanel","data":{"__id__":1}},{"__type__":"cc.Node","_name":"FMorePanel","_children":[{"__id__":2},{"__id__":3}],"_components":[{"__type__":"cc.Widget","node":{"__id__":1},"_alignFlags":45,"_left":-360,"_right":360,"_top":640,"_bottom":-640,"_originalWidth":720,"_originalHeight":1280},{"__type__":"cc.BlockInputEvents","node":{"__id__":1}},{"__type__":"4836a2vZgpMqLQPk1YRjIdZ","node":{"__id__":1},"moreIcon":{"__id__":8},"gameName":{"__id__":10},"gameTips":{"__id__":12}}],"_prefab":{"__type__":"cc.PrefabInfo","root":{"__id__":1},"asset":{"__uuid__":"76CwqQzmFOs5li3SZaslN1"},"fileId":"0dxiNyONJKSpzdocaJjCUP"},"_contentSize":{"__type__":"cc.Size","width":720,"height":1280},"_trs":{"__type__":"TypedArray","ctor":"Float64Array","array":[0,0,0,0,0,0,1,1,1,1]}},{"__type__":"cc.Node","_name":"New Sprite(Splash)","_parent":{"__id__":1},"_components":[{"__type__":"cc.Sprite","node":{"__id__":2},"_materials":[{"__uuid__":"ecpdLyjvZBwrvm+cedCcQy"}],"_spriteFrame":{"__uuid__":"a2MjXRFdtLlYQ5ouAFv/+R"},"_sizeMode":0},{"__type__":"cc.Widget","node":{"__id__":2},"_alignFlags":45,"_originalWidth":100,"_originalHeight":100},{"__type__":"cc.BlockInputEvents","node":{"__id__":2}}],"_prefab":{"__type__":"cc.PrefabInfo","root":{"__id__":1},"asset":{"__uuid__":"76CwqQzmFOs5li3SZaslN1"},"fileId":"12jPIyUiZMiIn50mg4AX/v"},"_opacity":200,"_color":{"__type__":"cc.Color"},"_contentSize":{"__type__":"cc.Size","width":720,"height":1280},"_trs":{"__type__":"TypedArray","ctor":"Float64Array","array":[0,0,0,0,0,0,1,1,1,1]}},{"__type__":"cc.Node","_name":"mainNode","_parent":{"__id__":1},"_children":[{"__id__":4},{"__id__":5},{"__id__":6},{"__id__":9},{"__id__":11},{"__id__":13},{"__id__":14}],"_prefab":{"__type__":"cc.PrefabInfo","root":{"__id__":1},"asset":{"__uuid__":"76CwqQzmFOs5li3SZaslN1"},"fileId":"2dJf7F5bBMpqW55VtVtr4R"},"_contentSize":{"__type__":"cc.Size","width":720,"height":1280},"_trs":{"__type__":"TypedArray","ctor":"Float64Array","array":[0,0,0,0,0,0,1,1,1,1]}},{"__type__":"cc.Node","_name":"06_gxhd_bg","_parent":{"__id__":3},"_components":[{"__type__":"cc.Sprite","node":{"__id__":4},"_materials":[{"__uuid__":"ecpdLyjvZBwrvm+cedCcQy"}],"_spriteFrame":{"__uuid__":"ebs8iyD9BJwbaMZ/h4A8ow"},"_type":1}],"_prefab":{"__type__":"cc.PrefabInfo","root":{"__id__":1},"asset":{"__uuid__":"76CwqQzmFOs5li3SZaslN1"},"fileId":"8amcTlMCpC+om6pIAgvHRZ"},"_contentSize":{"__type__":"cc.Size","width":586,"height":586},"_trs":{"__type__":"TypedArray","ctor":"Float64Array","array":[0,56,0,0,0,0,1,1,1,1]}},{"__type__":"cc.Node","_name":"26ztl_26","_parent":{"__id__":3},"_components":[{"__type__":"cc.Sprite","node":{"__id__":5},"_materials":[{"__uuid__":"ecpdLyjvZBwrvm+cedCcQy"}],"_spriteFrame":{"__uuid__":"7f87SO47xBf5mlWZgKT6l6"}}],"_prefab":{"__type__":"cc.PrefabInfo","root":{"__id__":1},"asset":{"__uuid__":"76CwqQzmFOs5li3SZaslN1"},"fileId":"06Uov+rNVBZ7952IvHCBYA"},"_contentSize":{"__type__":"cc.Size","width":337,"height":42},"_trs":{"__type__":"TypedArray","ctor":"Float64Array","array":[0,298,0,0,0,0,1,1,1,1]}},{"__type__":"cc.Node","_name":"144","_parent":{"__id__":3},"_children":[{"__id__":7}],"_components":[{"__id__":8}],"_prefab":{"__type__":"cc.PrefabInfo","root":{"__id__":1},"asset":{"__uuid__":"76CwqQzmFOs5li3SZaslN1"},"fileId":"8ehFsxzztJ+qucJXs2bh09"},"_contentSize":{"__type__":"cc.Size","width":150,"height":150},"_trs":{"__type__":"TypedArray","ctor":"Float64Array","array":[0,142,0,0,0,0,1,1,1,1]}},{"__type__":"cc.Node","_name":"28_bnt","_parent":{"__id__":6},"_components":[{"__type__":"cc.Sprite","node":{"__id__":7},"_materials":[{"__uuid__":"ecpdLyjvZBwrvm+cedCcQy"}],"_spriteFrame":{"__uuid__":"4a3Qw2QOFB0Ze7Tjx/LVRd"}}],"_prefab":{"__type__":"cc.PrefabInfo","root":{"__id__":1},"asset":{"__uuid__":"76CwqQzmFOs5li3SZaslN1"},"fileId":"81DR+NcxpA8ZDuOUv/0NGn"},"_contentSize":{"__type__":"cc.Size","width":154,"height":154},"_trs":{"__type__":"TypedArray","ctor":"Float64Array","array":[0,0,0,0,0,0,1,1,1,1]}},{"__type__":"cc.Sprite","node":{"__id__":6},"_materials":[{"__uuid__":"ecpdLyjvZBwrvm+cedCcQy"}],"_spriteFrame":{"__uuid__":"derHC0PiVFR67m91B+vUkz"},"_sizeMode":0},{"__type__":"cc.Node","_name":"name","_parent":{"__id__":3},"_components":[{"__id__":10}],"_prefab":{"__type__":"cc.PrefabInfo","root":{"__id__":1},"asset":{"__uuid__":"76CwqQzmFOs5li3SZaslN1"},"fileId":"20KhltNABL95P6dm1K8cEm"},"_color":{"__type__":"cc.Color","r":253,"g":85,"b":47},"_contentSize":{"__type__":"cc.Size","width":160,"height":44.1},"_trs":{"__type__":"TypedArray","ctor":"Float64Array","array":[0,34.5,0,0,0,0,1,1,1,1]}},{"__type__":"cc.Label","node":{"__id__":9},"_materials":[{"__uuid__":"ecpdLyjvZBwrvm+cedCcQy"}],"_useOriginalSize":false,"_string":"欢乐消星星","_N$string":"欢乐消星星","_fontSize":32,"_lineHeight":35,"_N$horizontalAlign":1,"_N$verticalAlign":1,"_N$fontFamily":"微软雅黑"},{"__type__":"cc.Node","_name":"tips","_parent":{"__id__":3},"_components":[{"__id__":12}],"_prefab":{"__type__":"cc.PrefabInfo","root":{"__id__":1},"asset":{"__uuid__":"76CwqQzmFOs5li3SZaslN1"},"fileId":"34jnARo8tAv7uJr1z46mcO"},"_color":{"__type__":"cc.Color","r":157,"g":157,"b":157},"_contentSize":{"__type__":"cc.Size","width":394.41,"height":44.1},"_trs":{"__type__":"TypedArray","ctor":"Float64Array","array":[0,-52,0,0,0,0,1,1,1,1]}},{"__type__":"cc.Label","node":{"__id__":11},"_materials":[{"__uuid__":"ecpdLyjvZBwrvm+cedCcQy"}],"_useOriginalSize":false,"_string":"已有$897942位玩家成功提现","_N$string":"已有$897942位玩家成功提现","_fontSize":30,"_lineHeight":35,"_N$horizontalAlign":1,"_N$verticalAlign":1,"_N$fontFamily":"微软雅黑"},{"__type__":"cc.Node","_name":"29_bnt","_parent":{"__id__":3},"_components":[{"__type__":"cc.Sprite","node":{"__id__":13},"_materials":[{"__uuid__":"ecpdLyjvZBwrvm+cedCcQy"}],"_spriteFrame":{"__uuid__":"64Hbu7xB9LAoctSQP/fn1u"}},{"__type__":"cc.Button","node":{"__id__":13},"clickEvents":[{"__type__":"cc.ClickEvent","target":{"__id__":1},"_componentId":"4836a2vZgpMqLQPk1YRjIdZ","handler":"click"}],"_N$transition":3,"transition":3,"_N$normalColor":{"__type__":"cc.Color","r":214,"g":214,"b":214}}],"_prefab":{"__type__":"cc.PrefabInfo","root":{"__id__":1},"asset":{"__uuid__":"76CwqQzmFOs5li3SZaslN1"},"fileId":"9bUvxMAQdLGpO/H42bdZ1U"},"_contentSize":{"__type__":"cc.Size","width":404,"height":96},"_trs":{"__type__":"TypedArray","ctor":"Float64Array","array":[0,-169,0,0,0,0,1,1,1,1]}},{"__type__":"cc.Node","_name":"04_bnt","_parent":{"__id__":3},"_components":[{"__type__":"cc.Sprite","node":{"__id__":14},"_materials":[{"__uuid__":"ecpdLyjvZBwrvm+cedCcQy"}],"_spriteFrame":{"__uuid__":"c1fsvTEehGbZrt/2Byy0nN"}},{"__type__":"cc.Button","node":{"__id__":14},"clickEvents":[{"__type__":"cc.ClickEvent","target":{"__id__":1},"_componentId":"4836a2vZgpMqLQPk1YRjIdZ","handler":"closePage"}],"_N$transition":3,"transition":3,"_N$normalColor":{"__type__":"cc.Color","r":214,"g":214,"b":214}}],"_prefab":{"__type__":"cc.PrefabInfo","root":{"__id__":1},"asset":{"__uuid__":"76CwqQzmFOs5li3SZaslN1"},"fileId":"19zf8D32FEQYVtcvDBNvoy"},"_contentSize":{"__type__":"cc.Size","width":44,"height":44},"_trs":{"__type__":"TypedArray","ctor":"Float64Array","array":[251,302,0,0,0,0,1,1,1,1]}}],{"__type__":"cc.SpriteFrame","content":{"name":"27_bnt","texture":"d9tuBeDqBBFpwr+aCwkKQa","rect":[0,0,337,42],"offset":[0,0],"originalSize":[337,42],"capInsets":[0,0,0,0]}},{"__type__":"cc.SpriteFrame","content":{"name":"default_sprite_splash","texture":"02delMVqdBD70a/HSD99FK","rect":[0,0,2,2],"offset":[0,0],"originalSize":[2,2],"capInsets":[0,0,0,0]}},{"__type__":"cc.SpriteFrame","content":{"name":"04_bnt","texture":"29FDMx275FuIr287ibnzky","rect":[0,0,44,44],"offset":[0,0],"originalSize":[44,44],"capInsets":[0,0,0,0]}},{"__type__":"cc.SpriteFrame","content":{"name":"144","texture":"d2WVLr+GFDvYjaEsJEM03t","rect":[0,0,144,144],"offset":[0,0],"originalSize":[144,144],"capInsets":[0,0,0,0]}},{"__type__":"cc.SpriteFrame","content":{"name":"26_bnt","texture":"158kDJ/UlNorEbEC+Dd325","rect":[0,0,586,586],"offset":[0,0],"originalSize":[586,586],"capInsets":[0,0,0,0]}}]