[{"__type__":"cc.SpriteFrame","content":{"name":"07_hb_7","texture":"49Lb/0rbFJopG7oEqnmiM1","rect":[0,130,642,412],"offset":[0,-65],"originalSize":[642,542],"capInsets":[0,0,0,0]}},{"__type__":"cc.SpriteFrame","content":{"name":"08_hb_8","texture":"f5iv75hcVFe5s2aN59UbDD","rect":[0,0,640,929],"offset":[0,0],"originalSize":[640,929],"capInsets":[0,0,0,0]}},{"__type__":"cc.SpriteFrame","content":{"name":"08_bnt","texture":"07oHmAk1JKbrpfNCPhwXxm","rect":[0,0,378,88],"offset":[0,0],"originalSize":[378,88],"capInsets":[0,0,0,0]}},[{"__type__":"cc.Prefab","_name":"FRedLogin","data":{"__id__":1}},{"__type__":"cc.Node","_name":"FRedLogin","_children":[{"__id__":2},{"__id__":3},{"__id__":14}],"_components":[{"__type__":"4f0b7e/IPZNRIcou7kSqtx5","node":{"__id__":1},"mGetPacket":{"__id__":14},"mIcon":{"__id__":19},"mTitle":{"__id__":21}},{"__type__":"cc.BlockInputEvents","node":{"__id__":1}}],"_prefab":{"__type__":"cc.PrefabInfo","root":{"__id__":1},"asset":{"__uuid__":"53q9AjK8xJ3ofz5HorEGU3"},"fileId":"31ccssa5ZMbbwv632XnqMX"},"_contentSize":{"__type__":"cc.Size","width":720,"height":1280},"_trs":{"__type__":"TypedArray","ctor":"Float64Array","array":[0,0,0,0,0,0,1,1,1,1]}},{"__type__":"cc.Node","_name":"dark","_parent":{"__id__":1},"_components":[{"__type__":"cc.Sprite","node":{"__id__":2},"_materials":[{"__uuid__":"ecpdLyjvZBwrvm+cedCcQy"}],"_spriteFrame":{"__uuid__":"a2MjXRFdtLlYQ5ouAFv/+R"},"_sizeMode":0},{"__type__":"cc.Widget","node":{"__id__":2},"_alignFlags":45,"_originalWidth":100,"_originalHeight":100},{"__type__":"cc.BlockInputEvents","node":{"__id__":2}}],"_prefab":{"__type__":"cc.PrefabInfo","root":{"__id__":1},"asset":{"__uuid__":"53q9AjK8xJ3ofz5HorEGU3"},"fileId":"a3ofHzwOBC9pYNmT0S8YWw"},"_opacity":180,"_color":{"__type__":"cc.Color"},"_contentSize":{"__type__":"cc.Size","width":720,"height":1280},"_trs":{"__type__":"TypedArray","ctor":"Float64Array","array":[0,0,0,0,0,0,1,1,1,1]}},{"__type__":"cc.Node","_name":"mainNode","_parent":{"__id__":1},"_children":[{"__id__":4},{"__id__":5},{"__id__":7},{"__id__":9},{"__id__":10},{"__id__":11},{"__id__":13}],"_components":[{"__type__":"cc.Sprite","node":{"__id__":3},"_materials":[{"__uuid__":"ecpdLyjvZBwrvm+cedCcQy"}],"_spriteFrame":{"__uuid__":"edejQR6iZOW4rdc51wAixK"}}],"_prefab":{"__type__":"cc.PrefabInfo","root":{"__id__":1},"asset":{"__uuid__":"53q9AjK8xJ3ofz5HorEGU3"},"fileId":"23HmjrXzxIWZb4k6j8512B"},"_contentSize":{"__type__":"cc.Size","width":446,"height":612},"_trs":{"__type__":"TypedArray","ctor":"Float64Array","array":[0,0,0,0,0,0,1,1,1,1]}},{"__type__":"cc.Node","_name":"08_bnt","_parent":{"__id__":3},"_components":[{"__type__":"cc.Sprite","node":{"__id__":4},"_materials":[{"__uuid__":"ecpdLyjvZBwrvm+cedCcQy"}],"_spriteFrame":{"__uuid__":"402/V8wx5OWLnGIbMhvu8y"}},{"__type__":"cc.Button","node":{"__id__":4},"clickEvents":[{"__type__":"cc.ClickEvent","target":{"__id__":1},"_componentId":"4f0b7e/IPZNRIcou7kSqtx5","handler":"login"}],"_N$transition":3,"transition":3,"_N$normalColor":{"__type__":"cc.Color","r":214,"g":214,"b":214}}],"_prefab":{"__type__":"cc.PrefabInfo","root":{"__id__":1},"asset":{"__uuid__":"53q9AjK8xJ3ofz5HorEGU3"},"fileId":"c03/zPDmBJYK8B3mUcEcEU"},"_contentSize":{"__type__":"cc.Size","width":378,"height":88},"_trs":{"__type__":"TypedArray","ctor":"Float64Array","array":[0,-207,0,0,0,0,1,1,1,1]}},{"__type__":"cc.Node","_name":"richtext","_parent":{"__id__":3},"_children":[{"__id__":6}],"_components":[{"__type__":"cc.RichText","node":{"__id__":5},"_fontFamily":"微软雅黑","_N$string":"<b>5元</>","_N$fontSize":50,"_N$lineHeight":60}],"_prefab":{"__type__":"cc.PrefabInfo","root":{"__id__":1},"asset":{"__uuid__":"53q9AjK8xJ3ofz5HorEGU3"},"fileId":"e64TRti1BDZ4dCg4iREJz+"},"_color":{"__type__":"cc.Color","r":255,"g":228,"b":158},"_contentSize":{"__type__":"cc.Size","width":80,"height":75.6},"_trs":{"__type__":"TypedArray","ctor":"Float64Array","array":[-46,-31,0,0,0,0,1,1,1,1]}},{"__type__":"cc.PrivateNode","_name":"RICHTEXT_CHILD","_objFlags":1024,"_parent":{"__id__":5},"_components":[{"__type__":"cc.Label","node":{"__id__":6},"_materials":[{"__uuid__":"ecpdLyjvZBwrvm+cedCcQy"}],"_string":"5元","_N$string":"5元","_fontSize":50,"_lineHeight":60,"_styleFlags":1,"_N$verticalAlign":1,"_N$fontFamily":"微软雅黑"}],"_prefab":{"__type__":"cc.PrefabInfo","root":{"__id__":1},"asset":{"__uuid__":"53q9AjK8xJ3ofz5HorEGU3"},"fileId":"98xvpwW91II6ZRu4+iWut5"},"_color":{"__type__":"cc.Color","r":255,"g":228,"b":158},"_contentSize":{"__type__":"cc.Size","width":80,"height":75.6},"_anchorPoint":{"__type__":"cc.Vec2"},"_trs":{"__type__":"TypedArray","ctor":"Float64Array","array":[-40,-37.8,0,0,0,0,1,1,1,1]},"_zIndex":-32768},{"__type__":"cc.Node","_name":"richtext","_parent":{"__id__":3},"_children":[{"__id__":8}],"_components":[{"__type__":"cc.RichText","node":{"__id__":7},"_fontFamily":"微软雅黑","_N$string":"<b>新人红包</>","_N$fontSize":45,"_N$lineHeight":60}],"_prefab":{"__type__":"cc.PrefabInfo","root":{"__id__":1},"asset":{"__uuid__":"53q9AjK8xJ3ofz5HorEGU3"},"fileId":"2bpxh4EyNFJKjqsJYwpdhb"},"_color":{"__type__":"cc.Color","r":255,"g":228,"b":158},"_contentSize":{"__type__":"cc.Size","width":180,"height":75.6},"_trs":{"__type__":"TypedArray","ctor":"Float64Array","array":[0,241,0,0,0,0,1,1,1,1]}},{"__type__":"cc.PrivateNode","_name":"RICHTEXT_CHILD","_objFlags":1024,"_parent":{"__id__":7},"_components":[{"__type__":"cc.Label","node":{"__id__":8},"_materials":[{"__uuid__":"ecpdLyjvZBwrvm+cedCcQy"}],"_string":"新人红包","_N$string":"新人红包","_fontSize":45,"_lineHeight":60,"_styleFlags":1,"_N$verticalAlign":1,"_N$fontFamily":"微软雅黑"}],"_prefab":{"__type__":"cc.PrefabInfo","root":{"__id__":1},"asset":{"__uuid__":"53q9AjK8xJ3ofz5HorEGU3"},"fileId":"a7nj2VyApLC5dmpqI2neru"},"_color":{"__type__":"cc.Color","r":255,"g":228,"b":158},"_contentSize":{"__type__":"cc.Size","width":180,"height":75.6},"_anchorPoint":{"__type__":"cc.Vec2"},"_trs":{"__type__":"TypedArray","ctor":"Float64Array","array":[-90,-37.8,0,0,0,0,1,1,1,1]},"_zIndex":-32768},{"__type__":"cc.Node","_name":"label","_parent":{"__id__":3},"_components":[{"__type__":"cc.Label","node":{"__id__":9},"_materials":[{"__uuid__":"ecpdLyjvZBwrvm+cedCcQy"}],"_useOriginalSize":false,"_string":"微信授权后才可进行提现","_N$string":"微信授权后才可进行提现","_fontSize":18,"_N$horizontalAlign":1,"_N$verticalAlign":1,"_N$fontFamily":"微软雅黑"}],"_prefab":{"__type__":"cc.PrefabInfo","root":{"__id__":1},"asset":{"__uuid__":"53q9AjK8xJ3ofz5HorEGU3"},"fileId":"42sFQQacVLjoxwGo6WVu59"},"_opacity":220,"_color":{"__type__":"cc.Color","r":255,"g":232,"b":173},"_contentSize":{"__type__":"cc.Size","width":198,"height":50.4},"_trs":{"__type__":"TypedArray","ctor":"Float64Array","array":[0,-275,0,0,0,0,1,1,1,1]}},{"__type__":"cc.Node","_name":"05_bnt","_parent":{"__id__":3},"_components":[{"__type__":"cc.Sprite","node":{"__id__":10},"_materials":[{"__uuid__":"ecpdLyjvZBwrvm+cedCcQy"}],"_spriteFrame":{"__uuid__":"9eIImRRjdBIargy0/TRZA3"}}],"_prefab":{"__type__":"cc.PrefabInfo","root":{"__id__":1},"asset":{"__uuid__":"53q9AjK8xJ3ofz5HorEGU3"},"fileId":"a9D+R+vT5FI4FwIKtg+61G"},"_contentSize":{"__type__":"cc.Size","width":136,"height":65},"_trs":{"__type__":"TypedArray","ctor":"Float64Array","array":[72,-35,0,0,0,0,1,0.7,0.7,1]}},{"__type__":"cc.Node","_name":"btn_close","_parent":{"__id__":3},"_children":[{"__id__":12}],"_components":[{"__type__":"cc.Button","node":{"__id__":11},"clickEvents":[{"__type__":"cc.ClickEvent","target":{"__id__":1},"_componentId":"4f0b7e/IPZNRIcou7kSqtx5","handler":"closePage"}],"_N$transition":3,"transition":3,"_N$normalColor":{"__type__":"cc.Color","r":214,"g":214,"b":214}}],"_prefab":{"__type__":"cc.PrefabInfo","root":{"__id__":1},"asset":{"__uuid__":"53q9AjK8xJ3ofz5HorEGU3"},"fileId":"afzt10AKlISKp79Nj3bk4G"},"_contentSize":{"__type__":"cc.Size","width":80,"height":80},"_trs":{"__type__":"TypedArray","ctor":"Float64Array","array":[178,262,0,0,0,0,1,1,1,1]}},{"__type__":"cc.Node","_name":"04_bnt","_parent":{"__id__":11},"_components":[{"__type__":"cc.Sprite","node":{"__id__":12},"_materials":[{"__uuid__":"ecpdLyjvZBwrvm+cedCcQy"}],"_spriteFrame":{"__uuid__":"68PxEHYZ5DlZrlP6o704Db"}}],"_prefab":{"__type__":"cc.PrefabInfo","root":{"__id__":1},"asset":{"__uuid__":"53q9AjK8xJ3ofz5HorEGU3"},"fileId":"42PEBjMfhD15ENJP+yokAb"},"_contentSize":{"__type__":"cc.Size","width":44,"height":44},"_trs":{"__type__":"TypedArray","ctor":"Float64Array","array":[0,0,0,0,0,0,1,1,1,1]}},{"__type__":"cc.Node","_name":"label","_parent":{"__id__":3},"_components":[{"__type__":"cc.Label","node":{"__id__":13},"_materials":[{"__uuid__":"ecpdLyjvZBwrvm+cedCcQy"}],"_useOriginalSize":false,"_string":"微信成功授权后可获得5元红包","_N$string":"微信成功授权后可获得5元红包","_fontSize":20,"_N$horizontalAlign":1,"_N$verticalAlign":1,"_N$fontFamily":"微软雅黑"}],"_prefab":{"__type__":"cc.PrefabInfo","root":{"__id__":1},"asset":{"__uuid__":"53q9AjK8xJ3ofz5HorEGU3"},"fileId":"0b7B9nlHBBop5oYfJN325c"},"_color":{"__type__":"cc.Color","r":211,"g":211,"b":211},"_contentSize":{"__type__":"cc.Size","width":272,"height":50.4},"_trs":{"__type__":"TypedArray","ctor":"Float64Array","array":[0,-114,0,0,0,0,1,1,1,1]}},{"__type__":"cc.Node","_name":"FGetPacket","_parent":{"__id__":1},"_children":[{"__id__":15},{"__id__":16}],"_components":[{"__type__":"cc.BlockInputEvents","node":{"__id__":14}},{"__type__":"cc.Widget","node":{"__id__":14},"_alignFlags":45,"_originalWidth":720,"_originalHeight":1280}],"_prefab":{"__type__":"cc.PrefabInfo","root":{"__id__":1},"asset":{"__uuid__":"53q9AjK8xJ3ofz5HorEGU3"},"fileId":"81wU04KqxC84ZaL/7jEvK6"},"_contentSize":{"__type__":"cc.Size","width":720,"height":1280},"_trs":{"__type__":"TypedArray","ctor":"Float64Array","array":[0,0,0,0,0,0,1,1,1,1]}},{"__type__":"cc.Node","_name":"bg","_parent":{"__id__":14},"_components":[{"__type__":"cc.Sprite","node":{"__id__":15},"_materials":[{"__uuid__":"ecpdLyjvZBwrvm+cedCcQy"}],"_spriteFrame":{"__uuid__":"a2MjXRFdtLlYQ5ouAFv/+R"},"_sizeMode":0},{"__type__":"cc.Widget","node":{"__id__":15},"_alignFlags":45,"_originalWidth":100,"_originalHeight":100}],"_prefab":{"__type__":"cc.PrefabInfo","root":{"__id__":1},"asset":{"__uuid__":"53q9AjK8xJ3ofz5HorEGU3"},"fileId":"24txNJsLVAprYRIXpAx5/w"},"_opacity":200,"_color":{"__type__":"cc.Color"},"_contentSize":{"__type__":"cc.Size","width":720,"height":1280},"_trs":{"__type__":"TypedArray","ctor":"Float64Array","array":[0,0,0,0,0,0,1,1,1,1]}},{"__type__":"cc.Node","_name":"mainNode","_parent":{"__id__":14},"_children":[{"__id__":17},{"__id__":18},{"__id__":20},{"__id__":22},{"__id__":23}],"_prefab":{"__type__":"cc.PrefabInfo","root":{"__id__":1},"asset":{"__uuid__":"53q9AjK8xJ3ofz5HorEGU3"},"fileId":"9826TNXsJIcaEiQFG44QhV"},"_trs":{"__type__":"TypedArray","ctor":"Float64Array","array":[0,0,0,0,0,0,1,1,1,1]}},{"__type__":"cc.Node","_name":"bg","_parent":{"__id__":16},"_components":[{"__type__":"cc.Sprite","node":{"__id__":17},"_materials":[{"__uuid__":"ecpdLyjvZBwrvm+cedCcQy"}],"_spriteFrame":{"__uuid__":"2a+Arp2PxO9I/Jvt0MmYuV"}}],"_prefab":{"__type__":"cc.PrefabInfo","root":{"__id__":1},"asset":{"__uuid__":"53q9AjK8xJ3ofz5HorEGU3"},"fileId":"7bqwrn+8RDOYHtrFltFORB"},"_contentSize":{"__type__":"cc.Size","width":640,"height":929},"_trs":{"__type__":"TypedArray","ctor":"Float64Array","array":[0,0,0,0,0,0,1,1,1,1]}},{"__type__":"cc.Node","_name":"04_hb_4","_parent":{"__id__":16},"_components":[{"__id__":19}],"_prefab":{"__type__":"cc.PrefabInfo","root":{"__id__":1},"asset":{"__uuid__":"53q9AjK8xJ3ofz5HorEGU3"},"fileId":"85Roawy8BAf5CLB1N37LvO"},"_contentSize":{"__type__":"cc.Size","width":144,"height":144},"_trs":{"__type__":"TypedArray","ctor":"Float64Array","array":[0,330.177,0,0,0,0,1,1,1,1]}},{"__type__":"cc.Sprite","node":{"__id__":18},"_materials":[{"__uuid__":"ecpdLyjvZBwrvm+cedCcQy"}],"_spriteFrame":{"__uuid__":"71ssOOhnZAlJr/NNJfFyie"},"_sizeMode":0},{"__type__":"cc.Node","_name":"label","_parent":{"__id__":16},"_components":[{"__id__":21}],"_prefab":{"__type__":"cc.PrefabInfo","root":{"__id__":1},"asset":{"__uuid__":"53q9AjK8xJ3ofz5HorEGU3"},"fileId":"01DiWZNQlLWZUm0zTyIa86"},"_contentSize":{"__type__":"cc.Size","width":279.72,"height":50.4},"_trs":{"__type__":"TypedArray","ctor":"Float64Array","array":[0,196.415,0,0,0,0,1,1,1,1]}},{"__type__":"cc.Label","node":{"__id__":20},"_materials":[{"__uuid__":"ecpdLyjvZBwrvm+cedCcQy"}],"_useOriginalSize":false,"_string":"XXX给你发了一个","_N$string":"XXX给你发了一个","_fontSize":35,"_styleFlags":1,"_N$horizontalAlign":1,"_N$verticalAlign":1,"_N$fontFamily":"微软雅黑"},{"__type__":"cc.Node","_name":"07_hb_7","_parent":{"__id__":16},"_components":[{"__type__":"cc.Sprite","node":{"__id__":22},"_materials":[{"__uuid__":"ecpdLyjvZBwrvm+cedCcQy"}],"_spriteFrame":{"__uuid__":"05j87NmSND1KA0cITspSWK"}}],"_prefab":{"__type__":"cc.PrefabInfo","root":{"__id__":1},"asset":{"__uuid__":"53q9AjK8xJ3ofz5HorEGU3"},"fileId":"ad6UBsAvZFfIoPk5K0T8yR"},"_contentSize":{"__type__":"cc.Size","width":642,"height":412},"_trs":{"__type__":"TypedArray","ctor":"Float64Array","array":[0,-260.8,0,0,0,0,1,1,1,1]}},{"__type__":"cc.Node","_name":"RedNode","_parent":{"__id__":16},"_children":[{"__id__":24},{"__id__":27}],"_prefab":{"__type__":"cc.PrefabInfo","root":{"__id__":1},"asset":{"__uuid__":"53q9AjK8xJ3ofz5HorEGU3"},"fileId":"59BkhuwihICLq/rXtWbIpA"},"_trs":{"__type__":"TypedArray","ctor":"Float64Array","array":[0,0,0,0,0,0,1,1,1,1]}},{"__type__":"cc.Node","_name":"node2","_parent":{"__id__":23},"_children":[{"__id__":25},{"__id__":26}],"_prefab":{"__type__":"cc.PrefabInfo","root":{"__id__":1},"asset":{"__uuid__":"53q9AjK8xJ3ofz5HorEGU3"},"fileId":"8f45GDn/dDRJ7MsKZ/m6Ib"},"_trs":{"__type__":"TypedArray","ctor":"Float64Array","array":[0,0,0,0,0,0,1,1,1,1]}},{"__type__":"cc.Node","_name":"05_hb_5","_parent":{"__id__":24},"_components":[{"__type__":"cc.Sprite","node":{"__id__":25},"_materials":[{"__uuid__":"ecpdLyjvZBwrvm+cedCcQy"}],"_spriteFrame":{"__uuid__":"d6jze1ISBGMJWLgaPtyPbf"}},{"__type__":"cc.Button","node":{"__id__":25},"_normalMaterial":{"__uuid__":"ecpdLyjvZBwrvm+cedCcQy"},"clickEvents":[{"__type__":"cc.ClickEvent","target":{"__id__":1},"_componentId":"4f0b7e/IPZNRIcou7kSqtx5","handler":"getPacketSuc"}],"_N$transition":3,"transition":3},{"__type__":"cc.Animation","node":{"__id__":25},"_defaultClip":{"__uuid__":"a15nveNGRE1obRdbTg0eXH"},"_clips":[{"__uuid__":"a15nveNGRE1obRdbTg0eXH"}],"playOnLoad":true}],"_prefab":{"__type__":"cc.PrefabInfo","root":{"__id__":1},"asset":{"__uuid__":"53q9AjK8xJ3ofz5HorEGU3"},"fileId":"4cFptu8apP6owncNt941+U"},"_contentSize":{"__type__":"cc.Size","width":448,"height":96},"_trs":{"__type__":"TypedArray","ctor":"Float64Array","array":[2.309,-258.585,0,0,0,0,1,1,1,1]}},{"__type__":"cc.Node","_name":"label","_parent":{"__id__":24},"_components":[{"__type__":"cc.Label","node":{"__id__":26},"_materials":[{"__uuid__":"ecpdLyjvZBwrvm+cedCcQy"}],"_useOriginalSize":false,"_string":"5元","_N$string":"5元","_fontSize":100,"_lineHeight":100,"_styleFlags":1,"_N$horizontalAlign":1,"_N$verticalAlign":1,"_N$fontFamily":"微软雅黑"}],"_prefab":{"__type__":"cc.PrefabInfo","root":{"__id__":1},"asset":{"__uuid__":"53q9AjK8xJ3ofz5HorEGU3"},"fileId":"14fg7x4g1MiLtc5LcZ30jI"},"_color":{"__type__":"cc.Color","r":255,"g":223,"b":141},"_contentSize":{"__type__":"cc.Size","width":160,"height":126},"_trs":{"__type__":"TypedArray","ctor":"Float64Array","array":[0,50.434,0,0,0,0,1,1,1,1]}},{"__type__":"cc.Node","_name":"FMarqueeSmall","_parent":{"__id__":23},"_children":[{"__id__":28}],"_components":[{"__type__":"76c0c9U+z5AF5va4DgCx74W","node":{"__id__":27},"tAnnounceNode":[{"__id__":29},{"__id__":31}],"type":"hb"}],"_prefab":{"__type__":"cc.PrefabInfo","root":{"__id__":1},"asset":{"__uuid__":"53q9AjK8xJ3ofz5HorEGU3"},"fileId":"75fCtH8FNKPJxcQQv9T/Vi"},"_contentSize":{"__type__":"cc.Size","width":568,"height":57},"_trs":{"__type__":"TypedArray","ctor":"Float64Array","array":[0,-396.932,0,0,0,0,1,1,1,1]}},{"__type__":"cc.Node","_name":"Mask","_parent":{"__id__":27},"_children":[{"__id__":29},{"__id__":31}],"_components":[{"__type__":"cc.Mask","node":{"__id__":28},"_materials":[{"__uuid__":"ecpdLyjvZBwrvm+cedCcQy"}]}],"_prefab":{"__type__":"cc.PrefabInfo","root":{"__id__":1},"asset":{"__uuid__":"53q9AjK8xJ3ofz5HorEGU3"},"fileId":"88fBOjgsREfYrc+/3XZPhX"},"_contentSize":{"__type__":"cc.Size","width":568,"height":57},"_trs":{"__type__":"TypedArray","ctor":"Float64Array","array":[0,0,0,0,0,0,1,1,1,1]}},{"__type__":"cc.Node","_name":"marquee1","_parent":{"__id__":28},"_children":[{"__id__":30}],"_prefab":{"__type__":"cc.PrefabInfo","root":{"__id__":1},"asset":{"__uuid__":"53q9AjK8xJ3ofz5HorEGU3"},"fileId":"f3kIApvvRIsrKTbN9Klf4O"},"_trs":{"__type__":"TypedArray","ctor":"Float64Array","array":[0,0,0,0,0,0,1,1,1,1]}},{"__type__":"cc.Node","_name":"label","_parent":{"__id__":29},"_components":[{"__type__":"cc.Label","node":{"__id__":30},"_materials":[{"__uuid__":"ecpdLyjvZBwrvm+cedCcQy"}],"_useOriginalSize":false,"_string":"Label","_N$string":"Label","_fontSize":30,"_N$horizontalAlign":1,"_N$verticalAlign":1,"_N$fontFamily":"微软雅黑"}],"_prefab":{"__type__":"cc.PrefabInfo","root":{"__id__":1},"asset":{"__uuid__":"53q9AjK8xJ3ofz5HorEGU3"},"fileId":"a5x+RLQM9Cu7kLgoy4XLI2"},"_color":{"__type__":"cc.Color","r":255,"g":205,"b":170},"_contentSize":{"__type__":"cc.Size","width":75.69,"height":50.4},"_trs":{"__type__":"TypedArray","ctor":"Float64Array","array":[0,0,0,0,0,0,1,1,1,1]}},{"__type__":"cc.Node","_name":"marquee2","_parent":{"__id__":28},"_children":[{"__id__":32}],"_prefab":{"__type__":"cc.PrefabInfo","root":{"__id__":1},"asset":{"__uuid__":"53q9AjK8xJ3ofz5HorEGU3"},"fileId":"bfdhbW+HRN7J4mxEaQ6Jaf"},"_trs":{"__type__":"TypedArray","ctor":"Float64Array","array":[0,-57,0,0,0,0,1,1,1,1]}},{"__type__":"cc.Node","_name":"label","_parent":{"__id__":31},"_components":[{"__type__":"cc.Label","node":{"__id__":32},"_materials":[{"__uuid__":"ecpdLyjvZBwrvm+cedCcQy"}],"_useOriginalSize":false,"_string":"Label","_N$string":"Label","_fontSize":30,"_N$horizontalAlign":1,"_N$verticalAlign":1,"_N$fontFamily":"微软雅黑"}],"_prefab":{"__type__":"cc.PrefabInfo","root":{"__id__":1},"asset":{"__uuid__":"53q9AjK8xJ3ofz5HorEGU3"},"fileId":"6aUwmEcY1KDo7TbJK1kpvM"},"_color":{"__type__":"cc.Color","r":255,"g":205,"b":170},"_contentSize":{"__type__":"cc.Size","width":75.69,"height":50.4},"_trs":{"__type__":"TypedArray","ctor":"Float64Array","array":[0,0,0,0,0,0,1,1,1,1]}}],{"__type__":"cc.SpriteFrame","content":{"name":"04_bnt","texture":"7d0zxo5TlEZLkCtShvJwOI","rect":[0,0,44,44],"offset":[0,0],"originalSize":[44,44],"capInsets":[0,0,0,0]}},{"__type__":"cc.SpriteFrame","content":{"name":"04_hb_4","texture":"b5u5rryjpIF4ub3MV0aVE7","rect":[0,0,143,144],"offset":[0,0],"originalSize":[143,144],"capInsets":[0,0,0,0]}},{"__type__":"cc.SpriteFrame","content":{"name":"05_bnt","texture":"5dTPZDlxlAWI1U3378UpRy","rect":[2,2,136,65],"offset":[0,0],"originalSize":[140,69],"capInsets":[0,0,0,0]}},{"__type__":"cc.SpriteFrame","content":{"name":"default_sprite_splash","texture":"02delMVqdBD70a/HSD99FK","rect":[0,0,2,2],"offset":[0,0],"originalSize":[2,2],"capInsets":[0,0,0,0]}},{"__type__":"cc.SpriteFrame","content":{"name":"05_hb_5","texture":"61hEA8u9xMj6DA7K7UrEl4","rect":[0,0,448,96],"offset":[0,0],"originalSize":[448,96],"capInsets":[0,0,0,0]}},{"__type__":"cc.SpriteFrame","content":{"name":"07_bnt","texture":"5bW9x+ChFB2J+JA1Ax9ZR9","rect":[0,0,446,612],"offset":[0,0],"originalSize":[446,612],"capInsets":[0,0,0,0]}}]