[{"__type__":"cc.SpriteFrame","content":{"name":"22_hb_Background","texture":"e5IKRfKDxAjbpRzPh4Hxc7","rect":[0,2,346,256],"offset":[0,-1],"originalSize":[346,258],"capInsets":[0,0,0,0]}},{"__type__":"cc.SpriteFrame","content":{"name":"02_hb_btzt","texture":"953ojb4NRNQa0OQHDMazur","rect":[1,0,445,70],"offset":[0,0.5],"originalSize":[447,71],"capInsets":[0,0,0,0]}},{"__type__":"cc.SpriteFrame","content":{"name":"07_hb_7","texture":"49Lb/0rbFJopG7oEqnmiM1","rect":[0,130,642,412],"offset":[0,-65],"originalSize":[642,542],"capInsets":[0,0,0,0]}},{"__type__":"cc.SpriteFrame","content":{"name":"23_hb_zt","texture":"11SroZWmtCaYnxiO3pNupC","rect":[0,0,216,36],"offset":[0,0],"originalSize":[216,36],"capInsets":[0,0,0,0]}},{"__type__":"cc.SpriteFrame","content":{"name":"13_hb_1Background","texture":"f2CUIv0jVOa7xFxDSGpHvK","rect":[0,0,53,45],"offset":[0,0],"originalSize":[53,45],"capInsets":[0,0,0,0]}},{"__type__":"cc.SpriteFrame","content":{"name":"20_hb_bnt","texture":"51zl/KKpZBi7FLfARXk2Ul","rect":[0,0,405,121],"offset":[0,0],"originalSize":[405,121],"capInsets":[0,0,0,0]}},[{"__type__":"cc.Prefab","_name":"FSignPage","data":{"__id__":1}},{"__type__":"cc.Node","_name":"FSignPage","_children":[{"__id__":2},{"__id__":3},{"__id__":17},{"__id__":96}],"_components":[{"__type__":"cc.BlockInputEvents","node":{"__id__":1}},{"__type__":"63d97D/KSlIVI+DyMsIvPT8","node":{"__id__":1},"mSignNode":{"__id__":33},"mProbaly":{"__id__":81},"mCredit_hf":{"__id__":21},"mPro":{"__id__":26},"mBtnGet":{"__id__":28},"mHfTip":{"__id__":31},"mBtnSign":{"__id__":76},"mBtnSignFree":{"__id__":77},"mSignAl":{"__id__":80},"mCollect":{"__id__":83},"mCollectAl":{"__id__":84},"mProbablyPro":{"__id__":95},"mProbablyLab":{"__id__":94},"mHfNode":{"__id__":96},"mHfNum":{"__id__":111},"mCollectNo":{"__id__":85},"mIcon":{"__id__":101},"mTitle":{"__id__":103}}],"_prefab":{"__type__":"cc.PrefabInfo","root":{"__id__":1},"asset":{"__uuid__":"115kCJXrxOjKWQwebhRjQf"},"fileId":"d0k2RXZExNNJSKAqeQwPMN"},"_contentSize":{"__type__":"cc.Size","width":720,"height":1280},"_trs":{"__type__":"TypedArray","ctor":"Float64Array","array":[0,0,0,0,0,0,1,1,1,1]}},{"__type__":"cc.Node","_name":"bg","_parent":{"__id__":1},"_components":[{"__type__":"cc.Sprite","node":{"__id__":2},"_materials":[{"__uuid__":"ecpdLyjvZBwrvm+cedCcQy"}],"_spriteFrame":{"__uuid__":"88sovQImtOe67FAbaqm/py"},"_sizeMode":0},{"__type__":"cc.Widget","node":{"__id__":2},"_alignFlags":45,"_originalWidth":100,"_originalHeight":100}],"_prefab":{"__type__":"cc.PrefabInfo","root":{"__id__":1},"asset":{"__uuid__":"115kCJXrxOjKWQwebhRjQf"},"fileId":"19yH8XqSBPgZxyRqxpaJbr"},"_contentSize":{"__type__":"cc.Size","width":720,"height":1280},"_trs":{"__type__":"TypedArray","ctor":"Float64Array","array":[0,0,0,0,0,0,1,1,1,1]}},{"__type__":"cc.Node","_name":"top","_parent":{"__id__":1},"_children":[{"__id__":4},{"__id__":5},{"__id__":10},{"__id__":15}],"_components":[{"__type__":"cc.Widget","node":{"__id__":3},"_alignFlags":41}],"_prefab":{"__type__":"cc.PrefabInfo","root":{"__id__":1},"asset":{"__uuid__":"115kCJXrxOjKWQwebhRjQf"},"fileId":"d1gjm8XrVANKkbJ7clumjp"},"_contentSize":{"__type__":"cc.Size","width":720,"height":88},"_trs":{"__type__":"TypedArray","ctor":"Float64Array","array":[0,596,0,0,0,0,1,1,1,1]}},{"__type__":"cc.Node","_name":"bg","_parent":{"__id__":3},"_components":[{"__type__":"cc.Sprite","node":{"__id__":4},"_materials":[{"__uuid__":"ecpdLyjvZBwrvm+cedCcQy"}],"_spriteFrame":{"__uuid__":"58jtA2FFtMBoiLty9SuWhY"},"_sizeMode":0},{"__type__":"cc.Widget","node":{"__id__":4},"_alignFlags":4}],"_prefab":{"__type__":"cc.PrefabInfo","root":{"__id__":1},"asset":{"__uuid__":"115kCJXrxOjKWQwebhRjQf"},"fileId":"12Ob+FwltIhqBuzNm4gzVT"},"_contentSize":{"__type__":"cc.Size","width":719,"height":168},"_trs":{"__type__":"TypedArray","ctor":"Float64Array","array":[0,40,0,0,0,0,1,1,1,1]}},{"__type__":"cc.Node","_name":"red","_parent":{"__id__":3},"_children":[{"__id__":6},{"__id__":7},{"__id__":8},{"__id__":9}],"_components":[{"__type__":"cc.Sprite","node":{"__id__":5},"_materials":[{"__uuid__":"ecpdLyjvZBwrvm+cedCcQy"}],"_spriteFrame":{"__uuid__":"5dK/LKvglEtZ0+zpmcjKbq"}},{"__type__":"a057bxKWepIIaBjFaleXU1t","node":{"__id__":5},"type":"red"}],"_prefab":{"__type__":"cc.PrefabInfo","root":{"__id__":1},"asset":{"__uuid__":"115kCJXrxOjKWQwebhRjQf"},"fileId":"7bvaWHvlZI34zEdUjkMrVk"},"_contentSize":{"__type__":"cc.Size","width":184,"height":40},"_trs":{"__type__":"TypedArray","ctor":"Float64Array","array":[-115.561,0,0,0,0,0,1,1,1,1]}},{"__type__":"cc.Node","_name":"redicon","_parent":{"__id__":5},"_components":[{"__type__":"cc.Sprite","node":{"__id__":6},"_materials":[{"__uuid__":"ecpdLyjvZBwrvm+cedCcQy"}],"_spriteFrame":{"__uuid__":"8eV9+gRh9BLrHWw9+PWzbz"}}],"_prefab":{"__type__":"cc.PrefabInfo","root":{"__id__":1},"asset":{"__uuid__":"115kCJXrxOjKWQwebhRjQf"},"fileId":"42Bs+mSHlMn6iN0bTm90d/"},"_contentSize":{"__type__":"cc.Size","width":28,"height":38},"_trs":{"__type__":"TypedArray","ctor":"Float64Array","array":[-79.621,-1.938,0,0,0,0.08715574274765817,0.9961946980917455,0.9,0.9,1]},"_eulerAngles":{"__type__":"cc.Vec3","z":10}},{"__type__":"cc.Node","_name":"redicon","_parent":{"__id__":5},"_components":[{"__type__":"cc.Sprite","node":{"__id__":7},"_materials":[{"__uuid__":"ecpdLyjvZBwrvm+cedCcQy"}],"_spriteFrame":{"__uuid__":"8eV9+gRh9BLrHWw9+PWzbz"}}],"_prefab":{"__type__":"cc.PrefabInfo","root":{"__id__":1},"asset":{"__uuid__":"115kCJXrxOjKWQwebhRjQf"},"fileId":"42bybcUdpAj702puBP0Z0j"},"_contentSize":{"__type__":"cc.Size","width":28,"height":38},"_trs":{"__type__":"TypedArray","ctor":"Float64Array","array":[-67.697,-0.234,0,0,0,0,1,1,1,1]}},{"__type__":"cc.Node","_name":"num","_parent":{"__id__":5},"_components":[{"__type__":"cc.Label","node":{"__id__":8},"_materials":[{"__uuid__":"ecpdLyjvZBwrvm+cedCcQy"}],"_useOriginalSize":false,"_string":"100.00","_N$string":"100.00","_fontSize":30,"_N$file":{"__uuid__":"d9/AxTZAFGmZYpXwMIollW"},"_isSystemFontUsed":false,"_styleFlags":1,"_N$horizontalAlign":1,"_N$verticalAlign":1}],"_prefab":{"__type__":"cc.PrefabInfo","root":{"__id__":1},"asset":{"__uuid__":"115kCJXrxOjKWQwebhRjQf"},"fileId":"55RxrR9AdLIbdG+h7Hia8c"},"_contentSize":{"__type__":"cc.Size","width":91.05,"height":50.4},"_anchorPoint":{"__type__":"cc.Vec2","y":0.5},"_trs":{"__type__":"TypedArray","ctor":"Float64Array","array":[-44.078,1,0,0,0,0,1,1,1,1]}},{"__type__":"cc.Node","_name":"dui","_parent":{"__id__":5},"_components":[{"__type__":"cc.Sprite","node":{"__id__":9},"_materials":[{"__uuid__":"ecpdLyjvZBwrvm+cedCcQy"}],"_spriteFrame":{"__uuid__":"bc/OAgrbJDq7i+a4n7R9AH"}}],"_prefab":{"__type__":"cc.PrefabInfo","root":{"__id__":1},"asset":{"__uuid__":"115kCJXrxOjKWQwebhRjQf"},"fileId":"66pJspU+BGLrUYcqSSULa4"},"_contentSize":{"__type__":"cc.Size","width":41,"height":41},"_trs":{"__type__":"TypedArray","ctor":"Float64Array","array":[85.563,0,0,0,0,0,1,1,1,1]}},{"__type__":"cc.Node","_name":"hf","_parent":{"__id__":3},"_children":[{"__id__":11},{"__id__":12},{"__id__":13},{"__id__":14}],"_components":[{"__type__":"cc.Sprite","node":{"__id__":10},"_materials":[{"__uuid__":"ecpdLyjvZBwrvm+cedCcQy"}],"_spriteFrame":{"__uuid__":"5dK/LKvglEtZ0+zpmcjKbq"}},{"__type__":"a057bxKWepIIaBjFaleXU1t","node":{"__id__":10},"type":"hf"}],"_prefab":{"__type__":"cc.PrefabInfo","root":{"__id__":1},"asset":{"__uuid__":"115kCJXrxOjKWQwebhRjQf"},"fileId":"11/SvZPBFMR54JCY2bhCcH"},"_contentSize":{"__type__":"cc.Size","width":184,"height":40},"_trs":{"__type__":"TypedArray","ctor":"Float64Array","array":[109.833,0,0,0,0,0,1,1,1,1]}},{"__type__":"cc.Node","_name":"redicon","_parent":{"__id__":10},"_components":[{"__type__":"cc.Sprite","node":{"__id__":11},"_materials":[{"__uuid__":"ecpdLyjvZBwrvm+cedCcQy"}],"_spriteFrame":{"__uuid__":"8a23iHFw9BIIZ4lPlpf0+A"}}],"_prefab":{"__type__":"cc.PrefabInfo","root":{"__id__":1},"asset":{"__uuid__":"115kCJXrxOjKWQwebhRjQf"},"fileId":"2bhU25WRJGYJ8+wBki7bHW"},"_contentSize":{"__type__":"cc.Size","width":47,"height":35},"_trs":{"__type__":"TypedArray","ctor":"Float64Array","array":[-72.317,1.435,0,0,0,0.08715574274765817,0.9961946980917455,1,1,1]},"_eulerAngles":{"__type__":"cc.Vec3","z":10}},{"__type__":"cc.Node","_name":"redicon","_parent":{"__id__":10},"_components":[{"__type__":"cc.Sprite","node":{"__id__":12},"_materials":[{"__uuid__":"ecpdLyjvZBwrvm+cedCcQy"}],"_spriteFrame":{"__uuid__":"8a23iHFw9BIIZ4lPlpf0+A"}}],"_prefab":{"__type__":"cc.PrefabInfo","root":{"__id__":1},"asset":{"__uuid__":"115kCJXrxOjKWQwebhRjQf"},"fileId":"f5zRu6sZ9MCZ/dNUenr38v"},"_contentSize":{"__type__":"cc.Size","width":47,"height":35},"_trs":{"__type__":"TypedArray","ctor":"Float64Array","array":[-67.697,1.766,0,0,0,0,1,1,1,1]}},{"__type__":"cc.Node","_name":"num","_parent":{"__id__":10},"_components":[{"__type__":"cc.Label","node":{"__id__":13},"_materials":[{"__uuid__":"ecpdLyjvZBwrvm+cedCcQy"}],"_useOriginalSize":false,"_string":"100.00","_N$string":"100.00","_fontSize":30,"_N$file":{"__uuid__":"d9/AxTZAFGmZYpXwMIollW"},"_isSystemFontUsed":false,"_styleFlags":1,"_N$horizontalAlign":1,"_N$verticalAlign":1}],"_prefab":{"__type__":"cc.PrefabInfo","root":{"__id__":1},"asset":{"__uuid__":"115kCJXrxOjKWQwebhRjQf"},"fileId":"bdQmvPiT1FeaVvMw0/jdgO"},"_contentSize":{"__type__":"cc.Size","width":91.05,"height":50.4},"_anchorPoint":{"__type__":"cc.Vec2","y":0.5},"_trs":{"__type__":"TypedArray","ctor":"Float64Array","array":[-39.835,1,0,0,0,0,1,1,1,1]}},{"__type__":"cc.Node","_name":"dui","_parent":{"__id__":10},"_components":[{"__type__":"cc.Sprite","node":{"__id__":14},"_materials":[{"__uuid__":"ecpdLyjvZBwrvm+cedCcQy"}],"_spriteFrame":{"__uuid__":"bc/OAgrbJDq7i+a4n7R9AH"}}],"_prefab":{"__type__":"cc.PrefabInfo","root":{"__id__":1},"asset":{"__uuid__":"115kCJXrxOjKWQwebhRjQf"},"fileId":"ccgNyH2kZBHp3gHDQKdLd4"},"_contentSize":{"__type__":"cc.Size","width":41,"height":41},"_trs":{"__type__":"TypedArray","ctor":"Float64Array","array":[85.563,0,0,0,0,0,1,1,1,1]}},{"__type__":"cc.Node","_name":"btn_back","_parent":{"__id__":3},"_children":[{"__id__":16}],"_components":[{"__type__":"cc.Button","node":{"__id__":15},"clickEvents":[{"__type__":"cc.ClickEvent","target":{"__id__":1},"_componentId":"63d97D/KSlIVI+DyMsIvPT8","handler":"closePage"}],"_N$transition":3,"transition":3}],"_prefab":{"__type__":"cc.PrefabInfo","root":{"__id__":1},"asset":{"__uuid__":"115kCJXrxOjKWQwebhRjQf"},"fileId":"d53QX2UC1BqJu58hcHKpp9"},"_contentSize":{"__type__":"cc.Size","width":100,"height":100},"_trs":{"__type__":"TypedArray","ctor":"Float64Array","array":[-314.714,0,0,0,0,0,1,1,1,1]}},{"__type__":"cc.Node","_name":"01_hb_bnt","_parent":{"__id__":15},"_components":[{"__type__":"cc.Sprite","node":{"__id__":16},"_materials":[{"__uuid__":"ecpdLyjvZBwrvm+cedCcQy"}],"_spriteFrame":{"__uuid__":"bbR2ezrSNL47fFpdGoDIBZ"}}],"_prefab":{"__type__":"cc.PrefabInfo","root":{"__id__":1},"asset":{"__uuid__":"115kCJXrxOjKWQwebhRjQf"},"fileId":"a9VYddScxBTboFpFivRSUQ"},"_contentSize":{"__type__":"cc.Size","width":50,"height":48},"_trs":{"__type__":"TypedArray","ctor":"Float64Array","array":[0,0,0,0,0,0,1,1,1,1]}},{"__type__":"cc.Node","_name":"mainNode","_parent":{"__id__":1},"_children":[{"__id__":18},{"__id__":32},{"__id__":81}],"_prefab":{"__type__":"cc.PrefabInfo","root":{"__id__":1},"asset":{"__uuid__":"115kCJXrxOjKWQwebhRjQf"},"fileId":"5eSDR9vMdJLq6ALwg2NM2Y"},"_trs":{"__type__":"TypedArray","ctor":"Float64Array","array":[0,0,0,0,0,0,1,1,1,1]}},{"__type__":"cc.Node","_name":"title","_parent":{"__id__":17},"_children":[{"__id__":19},{"__id__":20},{"__id__":22},{"__id__":23},{"__id__":27},{"__id__":29},{"__id__":30}],"_components":[{"__type__":"cc.Sprite","node":{"__id__":18},"_materials":[{"__uuid__":"ecpdLyjvZBwrvm+cedCcQy"}],"_spriteFrame":{"__uuid__":"1fk0pxyw9NhIHl91+sH+S/"}}],"_prefab":{"__type__":"cc.PrefabInfo","root":{"__id__":1},"asset":{"__uuid__":"115kCJXrxOjKWQwebhRjQf"},"fileId":"cc0xsb67JNhrQD57jXhjRm"},"_contentSize":{"__type__":"cc.Size","width":682,"height":367},"_trs":{"__type__":"TypedArray","ctor":"Float64Array","array":[0,237.824,0,0,0,0,1,1,1,1]}},{"__type__":"cc.Node","_name":"03_wxhb_zt","_parent":{"__id__":18},"_components":[{"__type__":"cc.Sprite","node":{"__id__":19},"_materials":[{"__uuid__":"ecpdLyjvZBwrvm+cedCcQy"}],"_spriteFrame":{"__uuid__":"04VTz4vv5MyI1KrboXV+9g"}}],"_prefab":{"__type__":"cc.PrefabInfo","root":{"__id__":1},"asset":{"__uuid__":"115kCJXrxOjKWQwebhRjQf"},"fileId":"9eTjnomfVAZ7O7ZRn4SKg8"},"_contentSize":{"__type__":"cc.Size","width":445,"height":70},"_trs":{"__type__":"TypedArray","ctor":"Float64Array","array":[0,248.125,0,0,0,0,1,1,1,1]}},{"__type__":"cc.Node","_name":"label","_parent":{"__id__":18},"_components":[{"__id__":21}],"_prefab":{"__type__":"cc.PrefabInfo","root":{"__id__":1},"asset":{"__uuid__":"115kCJXrxOjKWQwebhRjQf"},"fileId":"3cdx8x6mRB6reliVgYjEJr"},"_contentSize":{"__type__":"cc.Size","width":122.78,"height":40},"_trs":{"__type__":"TypedArray","ctor":"Float64Array","array":[149.416,105.733,0,0,0,0,1,1,1,1]}},{"__type__":"cc.Label","node":{"__id__":20},"_materials":[{"__uuid__":"ecpdLyjvZBwrvm+cedCcQy"}],"_useOriginalSize":false,"_string":"366.5元","_N$string":"366.5元","_fontSize":32,"_N$file":{"__uuid__":"c95iZ26h1DEo8U733GkqTF"},"_isSystemFontUsed":false,"_N$horizontalAlign":1,"_N$verticalAlign":1},{"__type__":"cc.Node","_name":"label","_parent":{"__id__":18},"_components":[{"__type__":"cc.Label","node":{"__id__":22},"_materials":[{"__uuid__":"ecpdLyjvZBwrvm+cedCcQy"}],"_useOriginalSize":false,"_string":"100元","_N$string":"100元","_fontSize":32,"_N$file":{"__uuid__":"c95iZ26h1DEo8U733GkqTF"},"_isSystemFontUsed":false,"_N$horizontalAlign":1,"_N$verticalAlign":1}],"_prefab":{"__type__":"cc.PrefabInfo","root":{"__id__":1},"asset":{"__uuid__":"115kCJXrxOjKWQwebhRjQf"},"fileId":"f8dtdw11BEEL8ggqdoMU/o"},"_contentSize":{"__type__":"cc.Size","width":85.55,"height":40},"_trs":{"__type__":"TypedArray","ctor":"Float64Array","array":[104.033,50.2,0,0,0,0,1,1,1,1]}},{"__type__":"cc.Node","_name":"progressBar","_parent":{"__id__":18},"_children":[{"__id__":24}],"_components":[{"__type__":"cc.Sprite","node":{"__id__":23},"_materials":[{"__uuid__":"ecpdLyjvZBwrvm+cedCcQy"}],"_spriteFrame":{"__uuid__":"1200RwNeZFtL2G7KGp86n8"}},{"__id__":26}],"_prefab":{"__type__":"cc.PrefabInfo","root":{"__id__":1},"asset":{"__uuid__":"115kCJXrxOjKWQwebhRjQf"},"fileId":"dchW05rSJAN4SoRHbpcTMg"},"_contentSize":{"__type__":"cc.Size","width":332,"height":37},"_trs":{"__type__":"TypedArray","ctor":"Float64Array","array":[120,-14.876,0,0,0,0,1,1,1,1]}},{"__type__":"cc.Node","_name":"bar","_parent":{"__id__":23},"_components":[{"__id__":25}],"_prefab":{"__type__":"cc.PrefabInfo","root":{"__id__":1},"asset":{"__uuid__":"115kCJXrxOjKWQwebhRjQf"},"fileId":"f5s06uNLdETpaM3xFPg+zr"},"_contentSize":{"__type__":"cc.Size","width":332,"height":37},"_anchorPoint":{"__type__":"cc.Vec2","y":0.5},"_trs":{"__type__":"TypedArray","ctor":"Float64Array","array":[-166,0,0,0,0,0,1,1,1,1]}},{"__type__":"cc.Sprite","node":{"__id__":24},"_materials":[{"__uuid__":"ecpdLyjvZBwrvm+cedCcQy"}],"_spriteFrame":{"__uuid__":"78IuCy5YxLBKKS9jrtWbi8"},"_type":3,"_sizeMode":0,"_fillRange":0.4},{"__type__":"cc.ProgressBar","node":{"__id__":23},"_N$barSprite":{"__id__":25},"_N$mode":2,"_N$progress":0.4},{"__type__":"cc.Node","_name":"05_wxhb_bnt","_parent":{"__id__":18},"_active":false,"_components":[{"__type__":"cc.Sprite","node":{"__id__":27},"_materials":[{"__uuid__":"ecpdLyjvZBwrvm+cedCcQy"}],"_spriteFrame":{"__uuid__":"3eSrMRogZDBqODZ46YfLPy"}},{"__id__":28}],"_prefab":{"__type__":"cc.PrefabInfo","root":{"__id__":1},"asset":{"__uuid__":"115kCJXrxOjKWQwebhRjQf"},"fileId":"eeAsTWB/FJiYTfDe1Q9BsB"},"_contentSize":{"__type__":"cc.Size","width":307,"height":94},"_trs":{"__type__":"TypedArray","ctor":"Float64Array","array":[120,-104.135,0,0,0,0,1,1,1,1]}},{"__type__":"cc.Button","node":{"__id__":27},"_normalMaterial":{"__uuid__":"ecpdLyjvZBwrvm+cedCcQy"},"_grayMaterial":{"__uuid__":"3ae7efMv1CLq2ilvUY/tQi"},"_N$enableAutoGrayEffect":true,"_N$transition":3,"transition":3},{"__type__":"cc.Node","_name":"label","_parent":{"__id__":18},"_components":[{"__type__":"cc.Label","node":{"__id__":29},"_materials":[{"__uuid__":"ecpdLyjvZBwrvm+cedCcQy"}],"_useOriginalSize":false,"_string":"系统将在7个工作日内为您充值到账，\n请注意查收","_N$string":"系统将在7个工作日内为您充值到账，\n请注意查收","_fontSize":20,"_lineHeight":30,"_N$horizontalAlign":1,"_N$verticalAlign":1,"_N$fontFamily":"微软雅黑"}],"_prefab":{"__type__":"cc.PrefabInfo","root":{"__id__":1},"asset":{"__uuid__":"115kCJXrxOjKWQwebhRjQf"},"fileId":"ffXZRyPnRGNLtFCQrwmrjq"},"_contentSize":{"__type__":"cc.Size","width":330.94,"height":67.8},"_trs":{"__type__":"TypedArray","ctor":"Float64Array","array":[120.198,-91.887,0,0,0,0,1,1,1,1]}},{"__type__":"cc.Node","_name":"label","_parent":{"__id__":18},"_components":[{"__id__":31}],"_prefab":{"__type__":"cc.PrefabInfo","root":{"__id__":1},"asset":{"__uuid__":"115kCJXrxOjKWQwebhRjQf"},"fileId":"c4MTMOdc9DpLYxv0M3JxcA"},"_color":{"__type__":"cc.Color","r":255,"g":223,"b":75},"_contentSize":{"__type__":"cc.Size","width":262.8,"height":50.4},"_trs":{"__type__":"TypedArray","ctor":"Float64Array","array":[-206.106,-116.685,0,0,0,0,1,1,1,1]}},{"__type__":"cc.Label","node":{"__id__":30},"_materials":[{"__uuid__":"ecpdLyjvZBwrvm+cedCcQy"}],"_useOriginalSize":false,"_string":"（已有999999位玩家成功提现）","_N$string":"（已有999999位玩家成功提现）","_fontSize":18,"_N$horizontalAlign":1,"_N$verticalAlign":1,"_N$fontFamily":"微软雅黑"},{"__type__":"cc.Node","_name":"seven","_parent":{"__id__":17},"_children":[{"__id__":33},{"__id__":76},{"__id__":77},{"__id__":78},{"__id__":80}],"_prefab":{"__type__":"cc.PrefabInfo","root":{"__id__":1},"asset":{"__uuid__":"115kCJXrxOjKWQwebhRjQf"},"fileId":"05e4J/tKVOSoFDhhBpqcS+"},"_trs":{"__type__":"TypedArray","ctor":"Float64Array","array":[0,0,0,0,0,0,1,1,1,1]}},{"__type__":"cc.Node","_name":"signNode","_parent":{"__id__":32},"_children":[{"__id__":34},{"__id__":40},{"__id__":46},{"__id__":52},{"__id__":58},{"__id__":64},{"__id__":70}],"_prefab":{"__type__":"cc.PrefabInfo","root":{"__id__":1},"asset":{"__uuid__":"115kCJXrxOjKWQwebhRjQf"},"fileId":"3dVIGdo0VAeIHdgGH8Y5j4"},"_trs":{"__type__":"TypedArray","ctor":"Float64Array","array":[0,-338.638,0,0,0,0,1,1,1,1]}},{"__type__":"cc.Node","_name":"item","_parent":{"__id__":33},"_children":[{"__id__":35},{"__id__":36},{"__id__":37},{"__id__":38},{"__id__":39}],"_components":[{"__type__":"cc.Sprite","node":{"__id__":34},"_materials":[{"__uuid__":"ecpdLyjvZBwrvm+cedCcQy"}],"_spriteFrame":{"__uuid__":"fdhQ6v1m5IEKqTgtY6iQjO"}},{"__type__":"cc.Animation","node":{"__id__":34},"_defaultClip":{"__uuid__":"a15nveNGRE1obRdbTg0eXH"},"_clips":[{"__uuid__":"a15nveNGRE1obRdbTg0eXH"}]}],"_prefab":{"__type__":"cc.PrefabInfo","root":{"__id__":1},"asset":{"__uuid__":"115kCJXrxOjKWQwebhRjQf"},"fileId":"1bz+BYaNtHCp+rQbHIQGJ9"},"_contentSize":{"__type__":"cc.Size","width":161,"height":192},"_trs":{"__type__":"TypedArray","ctor":"Float64Array","array":[-255,170,0,0,0,0,1,1,1,1]}},{"__type__":"cc.Node","_name":"al_bg","_parent":{"__id__":34},"_active":false,"_components":[{"__type__":"cc.Sprite","node":{"__id__":35},"_materials":[{"__uuid__":"ecpdLyjvZBwrvm+cedCcQy"}],"_spriteFrame":{"__uuid__":"69LVepX41P9IsVwG2PKRv3"}}],"_prefab":{"__type__":"cc.PrefabInfo","root":{"__id__":1},"asset":{"__uuid__":"115kCJXrxOjKWQwebhRjQf"},"fileId":"694IjgHXdBprQHmW3oaNAC"},"_contentSize":{"__type__":"cc.Size","width":161,"height":192},"_trs":{"__type__":"TypedArray","ctor":"Float64Array","array":[0,0,0,0,0,0,1,1,1,1]}},{"__type__":"cc.Node","_name":"22_hb_Background","_parent":{"__id__":34},"_components":[{"__type__":"cc.Sprite","node":{"__id__":36},"_materials":[{"__uuid__":"ecpdLyjvZBwrvm+cedCcQy"}],"_spriteFrame":{"__uuid__":"02nmWIkBJGSpxjknWYzH6u"}}],"_prefab":{"__type__":"cc.PrefabInfo","root":{"__id__":1},"asset":{"__uuid__":"115kCJXrxOjKWQwebhRjQf"},"fileId":"353QI6NHhKIpSFNxhD4JeY"},"_contentSize":{"__type__":"cc.Size","width":346,"height":256},"_trs":{"__type__":"TypedArray","ctor":"Float64Array","array":[4.001,10.159,0,0,0,0,1,0.3,0.3,1]}},{"__type__":"cc.Node","_name":"label","_parent":{"__id__":34},"_components":[{"__type__":"cc.Label","node":{"__id__":37},"_materials":[{"__uuid__":"ecpdLyjvZBwrvm+cedCcQy"}],"_useOriginalSize":false,"_string":"第一天","_N$string":"第一天","_fontSize":25,"_styleFlags":1,"_N$horizontalAlign":1,"_N$verticalAlign":1,"_N$fontFamily":"微软雅黑"}],"_prefab":{"__type__":"cc.PrefabInfo","root":{"__id__":1},"asset":{"__uuid__":"115kCJXrxOjKWQwebhRjQf"},"fileId":"68uqDesXNMY57MHPVdk3tX"},"_color":{"__type__":"cc.Color","r":159,"g":99,"b":203},"_contentSize":{"__type__":"cc.Size","width":75,"height":50.4},"_trs":{"__type__":"TypedArray","ctor":"Float64Array","array":[0,75.474,0,0,0,0,1,1,1,1]}},{"__type__":"cc.Node","_name":"msg","_parent":{"__id__":34},"_components":[{"__type__":"cc.Label","node":{"__id__":38},"_materials":[{"__uuid__":"ecpdLyjvZBwrvm+cedCcQy"}],"_useOriginalSize":false,"_string":"5元","_N$string":"5元","_fontSize":28,"_styleFlags":1,"_N$horizontalAlign":1,"_N$verticalAlign":1,"_N$fontFamily":"微软雅黑"}],"_prefab":{"__type__":"cc.PrefabInfo","root":{"__id__":1},"asset":{"__uuid__":"115kCJXrxOjKWQwebhRjQf"},"fileId":"075Wo83FJJiJ+9WeuNrfbW"},"_color":{"__type__":"cc.Color","r":159,"g":99,"b":203},"_contentSize":{"__type__":"cc.Size","width":44.8,"height":50.4},"_trs":{"__type__":"TypedArray","ctor":"Float64Array","array":[0,-57.531,0,0,0,0,1,1,1,1]}},{"__type__":"cc.Node","_name":"al","_parent":{"__id__":34},"_components":[{"__type__":"cc.Sprite","node":{"__id__":39},"_materials":[{"__uuid__":"ecpdLyjvZBwrvm+cedCcQy"}],"_spriteFrame":{"__uuid__":"0dzRR8U+VNmYZsfT/bSR//"}}],"_prefab":{"__type__":"cc.PrefabInfo","root":{"__id__":1},"asset":{"__uuid__":"115kCJXrxOjKWQwebhRjQf"},"fileId":"e7V1yjORRKEYsONh0VflCA"},"_contentSize":{"__type__":"cc.Size","width":53,"height":45},"_trs":{"__type__":"TypedArray","ctor":"Float64Array","array":[53.019,-60.852,0,0,0,0,1,1,1,1]}},{"__type__":"cc.Node","_name":"item","_parent":{"__id__":33},"_children":[{"__id__":41},{"__id__":42},{"__id__":43},{"__id__":44},{"__id__":45}],"_components":[{"__type__":"cc.Sprite","node":{"__id__":40},"_materials":[{"__uuid__":"ecpdLyjvZBwrvm+cedCcQy"}],"_spriteFrame":{"__uuid__":"fdhQ6v1m5IEKqTgtY6iQjO"}},{"__type__":"cc.Animation","node":{"__id__":40},"_defaultClip":{"__uuid__":"a15nveNGRE1obRdbTg0eXH"},"_clips":[{"__uuid__":"a15nveNGRE1obRdbTg0eXH"}]}],"_prefab":{"__type__":"cc.PrefabInfo","root":{"__id__":1},"asset":{"__uuid__":"115kCJXrxOjKWQwebhRjQf"},"fileId":"2eORB8uKdN85tnEOt7wpZf"},"_contentSize":{"__type__":"cc.Size","width":161,"height":192},"_trs":{"__type__":"TypedArray","ctor":"Float64Array","array":[-85,170,0,0,0,0,1,1,1,1]}},{"__type__":"cc.Node","_name":"al_bg","_parent":{"__id__":40},"_components":[{"__type__":"cc.Sprite","node":{"__id__":41},"_materials":[{"__uuid__":"ecpdLyjvZBwrvm+cedCcQy"}],"_spriteFrame":{"__uuid__":"69LVepX41P9IsVwG2PKRv3"}}],"_prefab":{"__type__":"cc.PrefabInfo","root":{"__id__":1},"asset":{"__uuid__":"115kCJXrxOjKWQwebhRjQf"},"fileId":"18zgs6495O4aiiuP9BmFvX"},"_contentSize":{"__type__":"cc.Size","width":161,"height":192},"_trs":{"__type__":"TypedArray","ctor":"Float64Array","array":[0,0,0,0,0,0,1,1,1,1]}},{"__type__":"cc.Node","_name":"22_hb_Background","_parent":{"__id__":40},"_components":[{"__type__":"cc.Sprite","node":{"__id__":42},"_materials":[{"__uuid__":"ecpdLyjvZBwrvm+cedCcQy"}],"_spriteFrame":{"__uuid__":"02nmWIkBJGSpxjknWYzH6u"}}],"_prefab":{"__type__":"cc.PrefabInfo","root":{"__id__":1},"asset":{"__uuid__":"115kCJXrxOjKWQwebhRjQf"},"fileId":"b4HMjekjZBV4ieB3PZIPJ3"},"_contentSize":{"__type__":"cc.Size","width":346,"height":256},"_trs":{"__type__":"TypedArray","ctor":"Float64Array","array":[4.001,10.159,0,0,0,0,1,0.3,0.3,1]}},{"__type__":"cc.Node","_name":"label","_parent":{"__id__":40},"_components":[{"__type__":"cc.Label","node":{"__id__":43},"_materials":[{"__uuid__":"ecpdLyjvZBwrvm+cedCcQy"}],"_useOriginalSize":false,"_string":"第二天","_N$string":"第二天","_fontSize":25,"_styleFlags":1,"_N$horizontalAlign":1,"_N$verticalAlign":1,"_N$fontFamily":"微软雅黑"}],"_prefab":{"__type__":"cc.PrefabInfo","root":{"__id__":1},"asset":{"__uuid__":"115kCJXrxOjKWQwebhRjQf"},"fileId":"9cCx3qYbBJ4Kj2oIcVpmvv"},"_color":{"__type__":"cc.Color","r":235,"g":129,"b":74},"_contentSize":{"__type__":"cc.Size","width":75,"height":50.4},"_trs":{"__type__":"TypedArray","ctor":"Float64Array","array":[0,75.474,0,0,0,0,1,1,1,1]}},{"__type__":"cc.Node","_name":"msg","_parent":{"__id__":40},"_components":[{"__type__":"cc.Label","node":{"__id__":44},"_materials":[{"__uuid__":"ecpdLyjvZBwrvm+cedCcQy"}],"_useOriginalSize":false,"_string":"5元","_N$string":"5元","_fontSize":28,"_styleFlags":1,"_N$horizontalAlign":1,"_N$verticalAlign":1,"_N$fontFamily":"微软雅黑"}],"_prefab":{"__type__":"cc.PrefabInfo","root":{"__id__":1},"asset":{"__uuid__":"115kCJXrxOjKWQwebhRjQf"},"fileId":"femXRsjE1LIoDXEWwLN08N"},"_color":{"__type__":"cc.Color","r":235,"g":129,"b":74},"_contentSize":{"__type__":"cc.Size","width":44.8,"height":50.4},"_trs":{"__type__":"TypedArray","ctor":"Float64Array","array":[0,-57.531,0,0,0,0,1,1,1,1]}},{"__type__":"cc.Node","_name":"al","_parent":{"__id__":40},"_components":[{"__type__":"cc.Sprite","node":{"__id__":45},"_materials":[{"__uuid__":"ecpdLyjvZBwrvm+cedCcQy"}],"_spriteFrame":{"__uuid__":"0dzRR8U+VNmYZsfT/bSR//"}}],"_prefab":{"__type__":"cc.PrefabInfo","root":{"__id__":1},"asset":{"__uuid__":"115kCJXrxOjKWQwebhRjQf"},"fileId":"70GZCpLK1JRIMdo3re2SwC"},"_contentSize":{"__type__":"cc.Size","width":53,"height":45},"_trs":{"__type__":"TypedArray","ctor":"Float64Array","array":[53.019,-60.852,0,0,0,0,1,1,1,1]}},{"__type__":"cc.Node","_name":"item","_parent":{"__id__":33},"_children":[{"__id__":47},{"__id__":48},{"__id__":49},{"__id__":50},{"__id__":51}],"_components":[{"__type__":"cc.Sprite","node":{"__id__":46},"_materials":[{"__uuid__":"ecpdLyjvZBwrvm+cedCcQy"}],"_spriteFrame":{"__uuid__":"fdhQ6v1m5IEKqTgtY6iQjO"}},{"__type__":"cc.Animation","node":{"__id__":46},"_defaultClip":{"__uuid__":"a15nveNGRE1obRdbTg0eXH"},"_clips":[{"__uuid__":"a15nveNGRE1obRdbTg0eXH"}]}],"_prefab":{"__type__":"cc.PrefabInfo","root":{"__id__":1},"asset":{"__uuid__":"115kCJXrxOjKWQwebhRjQf"},"fileId":"9e6lvtiKxEDKPHooqtu53I"},"_contentSize":{"__type__":"cc.Size","width":161,"height":192},"_trs":{"__type__":"TypedArray","ctor":"Float64Array","array":[85,170,0,0,0,0,1,1,1,1]}},{"__type__":"cc.Node","_name":"al_bg","_parent":{"__id__":46},"_active":false,"_components":[{"__type__":"cc.Sprite","node":{"__id__":47},"_materials":[{"__uuid__":"ecpdLyjvZBwrvm+cedCcQy"}],"_spriteFrame":{"__uuid__":"69LVepX41P9IsVwG2PKRv3"}}],"_prefab":{"__type__":"cc.PrefabInfo","root":{"__id__":1},"asset":{"__uuid__":"115kCJXrxOjKWQwebhRjQf"},"fileId":"34glIUBTFPGqBRF2N1YAIw"},"_contentSize":{"__type__":"cc.Size","width":161,"height":192},"_trs":{"__type__":"TypedArray","ctor":"Float64Array","array":[0,0,0,0,0,0,1,1,1,1]}},{"__type__":"cc.Node","_name":"22_hb_Background","_parent":{"__id__":46},"_components":[{"__type__":"cc.Sprite","node":{"__id__":48},"_materials":[{"__uuid__":"ecpdLyjvZBwrvm+cedCcQy"}],"_spriteFrame":{"__uuid__":"02nmWIkBJGSpxjknWYzH6u"}}],"_prefab":{"__type__":"cc.PrefabInfo","root":{"__id__":1},"asset":{"__uuid__":"115kCJXrxOjKWQwebhRjQf"},"fileId":"56iTBxC05LT5q9t8uqtW0Y"},"_contentSize":{"__type__":"cc.Size","width":346,"height":256},"_trs":{"__type__":"TypedArray","ctor":"Float64Array","array":[4.001,10.159,0,0,0,0,1,0.3,0.3,1]}},{"__type__":"cc.Node","_name":"label","_parent":{"__id__":46},"_components":[{"__type__":"cc.Label","node":{"__id__":49},"_materials":[{"__uuid__":"ecpdLyjvZBwrvm+cedCcQy"}],"_useOriginalSize":false,"_string":"第三天","_N$string":"第三天","_fontSize":25,"_styleFlags":1,"_N$horizontalAlign":1,"_N$verticalAlign":1,"_N$fontFamily":"微软雅黑"}],"_prefab":{"__type__":"cc.PrefabInfo","root":{"__id__":1},"asset":{"__uuid__":"115kCJXrxOjKWQwebhRjQf"},"fileId":"78UD0jpJhOk6z1L6t1eEqY"},"_color":{"__type__":"cc.Color","r":159,"g":99,"b":203},"_contentSize":{"__type__":"cc.Size","width":75,"height":50.4},"_trs":{"__type__":"TypedArray","ctor":"Float64Array","array":[0,75.474,0,0,0,0,1,1,1,1]}},{"__type__":"cc.Node","_name":"msg","_parent":{"__id__":46},"_components":[{"__type__":"cc.Label","node":{"__id__":50},"_materials":[{"__uuid__":"ecpdLyjvZBwrvm+cedCcQy"}],"_useOriginalSize":false,"_string":"5元","_N$string":"5元","_fontSize":28,"_styleFlags":1,"_N$horizontalAlign":1,"_N$verticalAlign":1,"_N$fontFamily":"微软雅黑"}],"_prefab":{"__type__":"cc.PrefabInfo","root":{"__id__":1},"asset":{"__uuid__":"115kCJXrxOjKWQwebhRjQf"},"fileId":"6dESJaptRNt63ebcTzwpKy"},"_color":{"__type__":"cc.Color","r":159,"g":99,"b":203},"_contentSize":{"__type__":"cc.Size","width":44.8,"height":50.4},"_trs":{"__type__":"TypedArray","ctor":"Float64Array","array":[0,-57.531,0,0,0,0,1,1,1,1]}},{"__type__":"cc.Node","_name":"al","_parent":{"__id__":46},"_components":[{"__type__":"cc.Sprite","node":{"__id__":51},"_materials":[{"__uuid__":"ecpdLyjvZBwrvm+cedCcQy"}],"_spriteFrame":{"__uuid__":"0dzRR8U+VNmYZsfT/bSR//"}}],"_prefab":{"__type__":"cc.PrefabInfo","root":{"__id__":1},"asset":{"__uuid__":"115kCJXrxOjKWQwebhRjQf"},"fileId":"89SMVn4X1LEKuD4MFmlRMb"},"_contentSize":{"__type__":"cc.Size","width":53,"height":45},"_trs":{"__type__":"TypedArray","ctor":"Float64Array","array":[53.019,-60.852,0,0,0,0,1,1,1,1]}},{"__type__":"cc.Node","_name":"item","_parent":{"__id__":33},"_children":[{"__id__":53},{"__id__":54},{"__id__":55},{"__id__":56},{"__id__":57}],"_components":[{"__type__":"cc.Sprite","node":{"__id__":52},"_materials":[{"__uuid__":"ecpdLyjvZBwrvm+cedCcQy"}],"_spriteFrame":{"__uuid__":"fdhQ6v1m5IEKqTgtY6iQjO"}},{"__type__":"cc.Animation","node":{"__id__":52},"_defaultClip":{"__uuid__":"a15nveNGRE1obRdbTg0eXH"},"_clips":[{"__uuid__":"a15nveNGRE1obRdbTg0eXH"}]}],"_prefab":{"__type__":"cc.PrefabInfo","root":{"__id__":1},"asset":{"__uuid__":"115kCJXrxOjKWQwebhRjQf"},"fileId":"7cj0uK5r1DtLtl3schRmKp"},"_contentSize":{"__type__":"cc.Size","width":161,"height":192},"_trs":{"__type__":"TypedArray","ctor":"Float64Array","array":[255,170,0,0,0,0,1,1,1,1]}},{"__type__":"cc.Node","_name":"al_bg","_parent":{"__id__":52},"_active":false,"_components":[{"__type__":"cc.Sprite","node":{"__id__":53},"_materials":[{"__uuid__":"ecpdLyjvZBwrvm+cedCcQy"}],"_spriteFrame":{"__uuid__":"69LVepX41P9IsVwG2PKRv3"}}],"_prefab":{"__type__":"cc.PrefabInfo","root":{"__id__":1},"asset":{"__uuid__":"115kCJXrxOjKWQwebhRjQf"},"fileId":"baNOAVA6VFc4L5SeJLyrQ8"},"_contentSize":{"__type__":"cc.Size","width":161,"height":192},"_trs":{"__type__":"TypedArray","ctor":"Float64Array","array":[0,0,0,0,0,0,1,1,1,1]}},{"__type__":"cc.Node","_name":"22_hb_Background","_parent":{"__id__":52},"_components":[{"__type__":"cc.Sprite","node":{"__id__":54},"_materials":[{"__uuid__":"ecpdLyjvZBwrvm+cedCcQy"}],"_spriteFrame":{"__uuid__":"02nmWIkBJGSpxjknWYzH6u"}}],"_prefab":{"__type__":"cc.PrefabInfo","root":{"__id__":1},"asset":{"__uuid__":"115kCJXrxOjKWQwebhRjQf"},"fileId":"60B1STkvtLBKHqacieFiL2"},"_contentSize":{"__type__":"cc.Size","width":346,"height":256},"_trs":{"__type__":"TypedArray","ctor":"Float64Array","array":[4.001,10.159,0,0,0,0,1,0.3,0.3,1]}},{"__type__":"cc.Node","_name":"label","_parent":{"__id__":52},"_components":[{"__type__":"cc.Label","node":{"__id__":55},"_materials":[{"__uuid__":"ecpdLyjvZBwrvm+cedCcQy"}],"_useOriginalSize":false,"_string":"第四天","_N$string":"第四天","_fontSize":25,"_styleFlags":1,"_N$horizontalAlign":1,"_N$verticalAlign":1,"_N$fontFamily":"微软雅黑"}],"_prefab":{"__type__":"cc.PrefabInfo","root":{"__id__":1},"asset":{"__uuid__":"115kCJXrxOjKWQwebhRjQf"},"fileId":"b5B2iV+VhP3Ls4wYfbsAKE"},"_color":{"__type__":"cc.Color","r":159,"g":99,"b":203},"_contentSize":{"__type__":"cc.Size","width":75,"height":50.4},"_trs":{"__type__":"TypedArray","ctor":"Float64Array","array":[0,75.474,0,0,0,0,1,1,1,1]}},{"__type__":"cc.Node","_name":"msg","_parent":{"__id__":52},"_components":[{"__type__":"cc.Label","node":{"__id__":56},"_materials":[{"__uuid__":"ecpdLyjvZBwrvm+cedCcQy"}],"_useOriginalSize":false,"_string":"5元","_N$string":"5元","_fontSize":28,"_styleFlags":1,"_N$horizontalAlign":1,"_N$verticalAlign":1,"_N$fontFamily":"微软雅黑"}],"_prefab":{"__type__":"cc.PrefabInfo","root":{"__id__":1},"asset":{"__uuid__":"115kCJXrxOjKWQwebhRjQf"},"fileId":"e6+KY47nJHx7C0XUxzBOTZ"},"_color":{"__type__":"cc.Color","r":159,"g":99,"b":203},"_contentSize":{"__type__":"cc.Size","width":44.8,"height":50.4},"_trs":{"__type__":"TypedArray","ctor":"Float64Array","array":[0,-57.531,0,0,0,0,1,1,1,1]}},{"__type__":"cc.Node","_name":"al","_parent":{"__id__":52},"_components":[{"__type__":"cc.Sprite","node":{"__id__":57},"_materials":[{"__uuid__":"ecpdLyjvZBwrvm+cedCcQy"}],"_spriteFrame":{"__uuid__":"0dzRR8U+VNmYZsfT/bSR//"}}],"_prefab":{"__type__":"cc.PrefabInfo","root":{"__id__":1},"asset":{"__uuid__":"115kCJXrxOjKWQwebhRjQf"},"fileId":"eaa//ezPxApYnaGZ4mk68f"},"_contentSize":{"__type__":"cc.Size","width":53,"height":45},"_trs":{"__type__":"TypedArray","ctor":"Float64Array","array":[53.019,-60.852,0,0,0,0,1,1,1,1]}},{"__type__":"cc.Node","_name":"item","_parent":{"__id__":33},"_children":[{"__id__":59},{"__id__":60},{"__id__":61},{"__id__":62},{"__id__":63}],"_components":[{"__type__":"cc.Sprite","node":{"__id__":58},"_materials":[{"__uuid__":"ecpdLyjvZBwrvm+cedCcQy"}],"_spriteFrame":{"__uuid__":"fdhQ6v1m5IEKqTgtY6iQjO"}},{"__type__":"cc.Animation","node":{"__id__":58},"_defaultClip":{"__uuid__":"a15nveNGRE1obRdbTg0eXH"},"_clips":[{"__uuid__":"a15nveNGRE1obRdbTg0eXH"}]}],"_prefab":{"__type__":"cc.PrefabInfo","root":{"__id__":1},"asset":{"__uuid__":"115kCJXrxOjKWQwebhRjQf"},"fileId":"5but4Lr/tFYaMoXc9EZXGj"},"_contentSize":{"__type__":"cc.Size","width":161,"height":192},"_trs":{"__type__":"TypedArray","ctor":"Float64Array","array":[-255,-33.702,0,0,0,0,1,1,1,1]}},{"__type__":"cc.Node","_name":"al_bg","_parent":{"__id__":58},"_active":false,"_components":[{"__type__":"cc.Sprite","node":{"__id__":59},"_materials":[{"__uuid__":"ecpdLyjvZBwrvm+cedCcQy"}],"_spriteFrame":{"__uuid__":"69LVepX41P9IsVwG2PKRv3"}}],"_prefab":{"__type__":"cc.PrefabInfo","root":{"__id__":1},"asset":{"__uuid__":"115kCJXrxOjKWQwebhRjQf"},"fileId":"d9TPc9EGdCBrCMXDjtDX1Z"},"_contentSize":{"__type__":"cc.Size","width":161,"height":192},"_trs":{"__type__":"TypedArray","ctor":"Float64Array","array":[0,0,0,0,0,0,1,1,1,1]}},{"__type__":"cc.Node","_name":"22_hb_Background","_parent":{"__id__":58},"_components":[{"__type__":"cc.Sprite","node":{"__id__":60},"_materials":[{"__uuid__":"ecpdLyjvZBwrvm+cedCcQy"}],"_spriteFrame":{"__uuid__":"02nmWIkBJGSpxjknWYzH6u"}}],"_prefab":{"__type__":"cc.PrefabInfo","root":{"__id__":1},"asset":{"__uuid__":"115kCJXrxOjKWQwebhRjQf"},"fileId":"4bUIoGZqRHiI9L9q8GQPIY"},"_contentSize":{"__type__":"cc.Size","width":346,"height":256},"_trs":{"__type__":"TypedArray","ctor":"Float64Array","array":[4.001,10.159,0,0,0,0,1,0.3,0.3,1]}},{"__type__":"cc.Node","_name":"label","_parent":{"__id__":58},"_components":[{"__type__":"cc.Label","node":{"__id__":61},"_materials":[{"__uuid__":"ecpdLyjvZBwrvm+cedCcQy"}],"_useOriginalSize":false,"_string":"第五天","_N$string":"第五天","_fontSize":25,"_styleFlags":1,"_N$horizontalAlign":1,"_N$verticalAlign":1,"_N$fontFamily":"微软雅黑"}],"_prefab":{"__type__":"cc.PrefabInfo","root":{"__id__":1},"asset":{"__uuid__":"115kCJXrxOjKWQwebhRjQf"},"fileId":"271fqSvvBCGZXPUT6TqIub"},"_color":{"__type__":"cc.Color","r":159,"g":99,"b":203},"_contentSize":{"__type__":"cc.Size","width":75,"height":50.4},"_trs":{"__type__":"TypedArray","ctor":"Float64Array","array":[0,75.474,0,0,0,0,1,1,1,1]}},{"__type__":"cc.Node","_name":"msg","_parent":{"__id__":58},"_components":[{"__type__":"cc.Label","node":{"__id__":62},"_materials":[{"__uuid__":"ecpdLyjvZBwrvm+cedCcQy"}],"_useOriginalSize":false,"_string":"5元","_N$string":"5元","_fontSize":28,"_styleFlags":1,"_N$horizontalAlign":1,"_N$verticalAlign":1,"_N$fontFamily":"微软雅黑"}],"_prefab":{"__type__":"cc.PrefabInfo","root":{"__id__":1},"asset":{"__uuid__":"115kCJXrxOjKWQwebhRjQf"},"fileId":"1bswmmzCpMEKpGlV9q7jOO"},"_color":{"__type__":"cc.Color","r":159,"g":99,"b":203},"_contentSize":{"__type__":"cc.Size","width":44.8,"height":50.4},"_trs":{"__type__":"TypedArray","ctor":"Float64Array","array":[0,-57.531,0,0,0,0,1,1,1,1]}},{"__type__":"cc.Node","_name":"al","_parent":{"__id__":58},"_components":[{"__type__":"cc.Sprite","node":{"__id__":63},"_materials":[{"__uuid__":"ecpdLyjvZBwrvm+cedCcQy"}],"_spriteFrame":{"__uuid__":"0dzRR8U+VNmYZsfT/bSR//"}}],"_prefab":{"__type__":"cc.PrefabInfo","root":{"__id__":1},"asset":{"__uuid__":"115kCJXrxOjKWQwebhRjQf"},"fileId":"e1qQeJ9aFKUpTYqLZkVs/C"},"_contentSize":{"__type__":"cc.Size","width":53,"height":45},"_trs":{"__type__":"TypedArray","ctor":"Float64Array","array":[53.019,-60.852,0,0,0,0,1,1,1,1]}},{"__type__":"cc.Node","_name":"item","_parent":{"__id__":33},"_children":[{"__id__":65},{"__id__":66},{"__id__":67},{"__id__":68},{"__id__":69}],"_components":[{"__type__":"cc.Sprite","node":{"__id__":64},"_materials":[{"__uuid__":"ecpdLyjvZBwrvm+cedCcQy"}],"_spriteFrame":{"__uuid__":"fdhQ6v1m5IEKqTgtY6iQjO"}},{"__type__":"cc.Animation","node":{"__id__":64},"_defaultClip":{"__uuid__":"a15nveNGRE1obRdbTg0eXH"},"_clips":[{"__uuid__":"a15nveNGRE1obRdbTg0eXH"}]}],"_prefab":{"__type__":"cc.PrefabInfo","root":{"__id__":1},"asset":{"__uuid__":"115kCJXrxOjKWQwebhRjQf"},"fileId":"2cxS9MTgNHQ5v0my3YVrZ/"},"_contentSize":{"__type__":"cc.Size","width":161,"height":192},"_trs":{"__type__":"TypedArray","ctor":"Float64Array","array":[-85,-33.702,0,0,0,0,1,1,1,1]}},{"__type__":"cc.Node","_name":"al_bg","_parent":{"__id__":64},"_active":false,"_components":[{"__type__":"cc.Sprite","node":{"__id__":65},"_materials":[{"__uuid__":"ecpdLyjvZBwrvm+cedCcQy"}],"_spriteFrame":{"__uuid__":"69LVepX41P9IsVwG2PKRv3"}}],"_prefab":{"__type__":"cc.PrefabInfo","root":{"__id__":1},"asset":{"__uuid__":"115kCJXrxOjKWQwebhRjQf"},"fileId":"8fpI7WNCZIsrxlas0azFHn"},"_contentSize":{"__type__":"cc.Size","width":161,"height":192},"_trs":{"__type__":"TypedArray","ctor":"Float64Array","array":[0,0,0,0,0,0,1,1,1,1]}},{"__type__":"cc.Node","_name":"22_hb_Background","_parent":{"__id__":64},"_components":[{"__type__":"cc.Sprite","node":{"__id__":66},"_materials":[{"__uuid__":"ecpdLyjvZBwrvm+cedCcQy"}],"_spriteFrame":{"__uuid__":"02nmWIkBJGSpxjknWYzH6u"}}],"_prefab":{"__type__":"cc.PrefabInfo","root":{"__id__":1},"asset":{"__uuid__":"115kCJXrxOjKWQwebhRjQf"},"fileId":"45cwwhh0VGGJu8v7o3rQFJ"},"_contentSize":{"__type__":"cc.Size","width":346,"height":256},"_trs":{"__type__":"TypedArray","ctor":"Float64Array","array":[4.001,10.159,0,0,0,0,1,0.3,0.3,1]}},{"__type__":"cc.Node","_name":"label","_parent":{"__id__":64},"_components":[{"__type__":"cc.Label","node":{"__id__":67},"_materials":[{"__uuid__":"ecpdLyjvZBwrvm+cedCcQy"}],"_useOriginalSize":false,"_string":"第六天","_N$string":"第六天","_fontSize":25,"_styleFlags":1,"_N$horizontalAlign":1,"_N$verticalAlign":1,"_N$fontFamily":"微软雅黑"}],"_prefab":{"__type__":"cc.PrefabInfo","root":{"__id__":1},"asset":{"__uuid__":"115kCJXrxOjKWQwebhRjQf"},"fileId":"0f6FKmb4pIeJVPNotLr+WL"},"_color":{"__type__":"cc.Color","r":159,"g":99,"b":203},"_contentSize":{"__type__":"cc.Size","width":75,"height":50.4},"_trs":{"__type__":"TypedArray","ctor":"Float64Array","array":[0,75.474,0,0,0,0,1,1,1,1]}},{"__type__":"cc.Node","_name":"msg","_parent":{"__id__":64},"_components":[{"__type__":"cc.Label","node":{"__id__":68},"_materials":[{"__uuid__":"ecpdLyjvZBwrvm+cedCcQy"}],"_useOriginalSize":false,"_string":"5元","_N$string":"5元","_fontSize":28,"_styleFlags":1,"_N$horizontalAlign":1,"_N$verticalAlign":1,"_N$fontFamily":"微软雅黑"}],"_prefab":{"__type__":"cc.PrefabInfo","root":{"__id__":1},"asset":{"__uuid__":"115kCJXrxOjKWQwebhRjQf"},"fileId":"b4SvZ+J0ZM/JpIyT9e2bEt"},"_color":{"__type__":"cc.Color","r":159,"g":99,"b":203},"_contentSize":{"__type__":"cc.Size","width":44.8,"height":50.4},"_trs":{"__type__":"TypedArray","ctor":"Float64Array","array":[0,-57.531,0,0,0,0,1,1,1,1]}},{"__type__":"cc.Node","_name":"al","_parent":{"__id__":64},"_components":[{"__type__":"cc.Sprite","node":{"__id__":69},"_materials":[{"__uuid__":"ecpdLyjvZBwrvm+cedCcQy"}],"_spriteFrame":{"__uuid__":"0dzRR8U+VNmYZsfT/bSR//"}}],"_prefab":{"__type__":"cc.PrefabInfo","root":{"__id__":1},"asset":{"__uuid__":"115kCJXrxOjKWQwebhRjQf"},"fileId":"b8U/868KBHNoijx6WQ09BP"},"_contentSize":{"__type__":"cc.Size","width":53,"height":45},"_trs":{"__type__":"TypedArray","ctor":"Float64Array","array":[53.019,-60.852,0,0,0,0,1,1,1,1]}},{"__type__":"cc.Node","_name":"item","_parent":{"__id__":33},"_children":[{"__id__":71},{"__id__":72},{"__id__":73},{"__id__":74},{"__id__":75}],"_components":[{"__type__":"cc.Sprite","node":{"__id__":70},"_materials":[{"__uuid__":"ecpdLyjvZBwrvm+cedCcQy"}],"_spriteFrame":{"__uuid__":"fdhQ6v1m5IEKqTgtY6iQjO"},"_type":1,"_sizeMode":0},{"__type__":"cc.Animation","node":{"__id__":70},"_defaultClip":{"__uuid__":"a15nveNGRE1obRdbTg0eXH"},"_clips":[{"__uuid__":"a15nveNGRE1obRdbTg0eXH"}]}],"_prefab":{"__type__":"cc.PrefabInfo","root":{"__id__":1},"asset":{"__uuid__":"115kCJXrxOjKWQwebhRjQf"},"fileId":"dchQIJJttNLpGUGgmgZ1dG"},"_contentSize":{"__type__":"cc.Size","width":330,"height":192},"_trs":{"__type__":"TypedArray","ctor":"Float64Array","array":[170.128,-33.702,0,0,0,0,1,1,1,1]}},{"__type__":"cc.Node","_name":"al_bg","_parent":{"__id__":70},"_active":false,"_components":[{"__type__":"cc.Sprite","node":{"__id__":71},"_materials":[{"__uuid__":"ecpdLyjvZBwrvm+cedCcQy"}],"_spriteFrame":{"__uuid__":"69LVepX41P9IsVwG2PKRv3"},"_type":1,"_sizeMode":0}],"_prefab":{"__type__":"cc.PrefabInfo","root":{"__id__":1},"asset":{"__uuid__":"115kCJXrxOjKWQwebhRjQf"},"fileId":"a8XagwebxAuoRbWOxdlvuC"},"_contentSize":{"__type__":"cc.Size","width":331,"height":192},"_trs":{"__type__":"TypedArray","ctor":"Float64Array","array":[0,0,0,0,0,0,1,1,1,1]}},{"__type__":"cc.Node","_name":"22_hb_Background","_parent":{"__id__":70},"_components":[{"__type__":"cc.Sprite","node":{"__id__":72},"_materials":[{"__uuid__":"ecpdLyjvZBwrvm+cedCcQy"}],"_spriteFrame":{"__uuid__":"02nmWIkBJGSpxjknWYzH6u"}}],"_prefab":{"__type__":"cc.PrefabInfo","root":{"__id__":1},"asset":{"__uuid__":"115kCJXrxOjKWQwebhRjQf"},"fileId":"4c2To23YdPWpwlqQTc8TOt"},"_contentSize":{"__type__":"cc.Size","width":346,"height":256},"_trs":{"__type__":"TypedArray","ctor":"Float64Array","array":[4.001,10.159,0,0,0,0,1,0.3,0.3,1]}},{"__type__":"cc.Node","_name":"label","_parent":{"__id__":70},"_components":[{"__type__":"cc.Label","node":{"__id__":73},"_materials":[{"__uuid__":"ecpdLyjvZBwrvm+cedCcQy"}],"_useOriginalSize":false,"_string":"第七天","_N$string":"第七天","_fontSize":25,"_styleFlags":1,"_N$horizontalAlign":1,"_N$verticalAlign":1,"_N$fontFamily":"微软雅黑"}],"_prefab":{"__type__":"cc.PrefabInfo","root":{"__id__":1},"asset":{"__uuid__":"115kCJXrxOjKWQwebhRjQf"},"fileId":"67GkXY+gVLppba1lsATqgl"},"_color":{"__type__":"cc.Color","r":159,"g":99,"b":203},"_contentSize":{"__type__":"cc.Size","width":75,"height":50.4},"_trs":{"__type__":"TypedArray","ctor":"Float64Array","array":[0,75.474,0,0,0,0,1,1,1,1]}},{"__type__":"cc.Node","_name":"msg","_parent":{"__id__":70},"_components":[{"__type__":"cc.Label","node":{"__id__":74},"_materials":[{"__uuid__":"ecpdLyjvZBwrvm+cedCcQy"}],"_useOriginalSize":false,"_string":"5元","_N$string":"5元","_fontSize":28,"_styleFlags":1,"_N$horizontalAlign":1,"_N$verticalAlign":1,"_N$fontFamily":"微软雅黑"}],"_prefab":{"__type__":"cc.PrefabInfo","root":{"__id__":1},"asset":{"__uuid__":"115kCJXrxOjKWQwebhRjQf"},"fileId":"0boiSKdg9KP5Kkx3m3SPRn"},"_color":{"__type__":"cc.Color","r":159,"g":99,"b":203},"_contentSize":{"__type__":"cc.Size","width":44.8,"height":50.4},"_trs":{"__type__":"TypedArray","ctor":"Float64Array","array":[0,-57.531,0,0,0,0,1,1,1,1]}},{"__type__":"cc.Node","_name":"al","_parent":{"__id__":70},"_components":[{"__type__":"cc.Sprite","node":{"__id__":75},"_materials":[{"__uuid__":"ecpdLyjvZBwrvm+cedCcQy"}],"_spriteFrame":{"__uuid__":"0dzRR8U+VNmYZsfT/bSR//"}}],"_prefab":{"__type__":"cc.PrefabInfo","root":{"__id__":1},"asset":{"__uuid__":"115kCJXrxOjKWQwebhRjQf"},"fileId":"b4arrzSyFLv541qAL6nB8E"},"_contentSize":{"__type__":"cc.Size","width":53,"height":45},"_trs":{"__type__":"TypedArray","ctor":"Float64Array","array":[137.51,-60.852,0,0,0,0,1,1,1,1]}},{"__type__":"cc.Node","_name":"btn_sign","_parent":{"__id__":32},"_components":[{"__type__":"cc.Sprite","node":{"__id__":76},"_materials":[{"__uuid__":"ecpdLyjvZBwrvm+cedCcQy"}],"_spriteFrame":{"__uuid__":"ebEUlEORBANqBxzXOkTihX"}},{"__type__":"cc.Button","node":{"__id__":76},"_normalMaterial":{"__uuid__":"ecpdLyjvZBwrvm+cedCcQy"},"clickEvents":[{"__type__":"cc.ClickEvent","target":{"__id__":1},"_componentId":"63d97D/KSlIVI+DyMsIvPT8","handler":"clickSign"}],"_N$transition":3,"transition":3}],"_prefab":{"__type__":"cc.PrefabInfo","root":{"__id__":1},"asset":{"__uuid__":"115kCJXrxOjKWQwebhRjQf"},"fileId":"37CJt00tRKqoAw7RIp5Sj3"},"_contentSize":{"__type__":"cc.Size","width":405,"height":121},"_trs":{"__type__":"TypedArray","ctor":"Float64Array","array":[0,-543.048,0,0,0,0,1,1,1,1]}},{"__type__":"cc.Node","_name":"btn_sign_free","_parent":{"__id__":32},"_components":[{"__type__":"cc.Sprite","node":{"__id__":77},"_materials":[{"__uuid__":"ecpdLyjvZBwrvm+cedCcQy"}],"_spriteFrame":{"__uuid__":"7c60u3JQNArq9J8V9HoA43"}},{"__type__":"cc.Button","node":{"__id__":77},"_normalMaterial":{"__uuid__":"ecpdLyjvZBwrvm+cedCcQy"},"clickEvents":[{"__type__":"cc.ClickEvent","target":{"__id__":1},"_componentId":"63d97D/KSlIVI+DyMsIvPT8","handler":"clickSign"}],"_N$transition":3,"transition":3}],"_prefab":{"__type__":"cc.PrefabInfo","root":{"__id__":1},"asset":{"__uuid__":"115kCJXrxOjKWQwebhRjQf"},"fileId":"c4QdKH0ZtIw7l2uQGsB1C1"},"_contentSize":{"__type__":"cc.Size","width":405,"height":121},"_trs":{"__type__":"TypedArray","ctor":"Float64Array","array":[0,-543.048,0,0,0,0,1,1,1,1]}},{"__type__":"cc.Node","_name":"03_bg","_parent":{"__id__":32},"_children":[{"__id__":79}],"_components":[{"__type__":"cc.Sprite","node":{"__id__":78},"_materials":[{"__uuid__":"ecpdLyjvZBwrvm+cedCcQy"}],"_spriteFrame":{"__uuid__":"58hmZzuLBPKanf7b+JdkrU"}}],"_prefab":{"__type__":"cc.PrefabInfo","root":{"__id__":1},"asset":{"__uuid__":"115kCJXrxOjKWQwebhRjQf"},"fileId":"faLgssxAJBwYCBUA9OeYpb"},"_contentSize":{"__type__":"cc.Size","width":465,"height":88},"_trs":{"__type__":"TypedArray","ctor":"Float64Array","array":[0,-11.651,0,0,0,0,1,1,1,1]}},{"__type__":"cc.Node","_name":"02_wxhb_zt","_parent":{"__id__":78},"_components":[{"__type__":"cc.Sprite","node":{"__id__":79},"_materials":[{"__uuid__":"ecpdLyjvZBwrvm+cedCcQy"}],"_spriteFrame":{"__uuid__":"7bOXcyBPZEdLt0IAK0AzGB"}}],"_prefab":{"__type__":"cc.PrefabInfo","root":{"__id__":1},"asset":{"__uuid__":"115kCJXrxOjKWQwebhRjQf"},"fileId":"6d8c5zQpFOpqihoCCBE1uW"},"_contentSize":{"__type__":"cc.Size","width":272,"height":36},"_trs":{"__type__":"TypedArray","ctor":"Float64Array","array":[0,5,0,0,0,0,1,1,1,1]}},{"__type__":"cc.Node","_name":"17_hb_bnt","_parent":{"__id__":32},"_components":[{"__type__":"cc.Sprite","node":{"__id__":80},"_materials":[{"__uuid__":"ecpdLyjvZBwrvm+cedCcQy"}],"_spriteFrame":{"__uuid__":"e6OW95I3pDnb734JwGPRBv"}},{"__type__":"cc.Button","node":{"__id__":80},"clickEvents":[{"__type__":"cc.ClickEvent","target":{"__id__":1},"_componentId":"63d97D/KSlIVI+DyMsIvPT8","handler":"alSign"}]}],"_prefab":{"__type__":"cc.PrefabInfo","root":{"__id__":1},"asset":{"__uuid__":"115kCJXrxOjKWQwebhRjQf"},"fileId":"aef+HyQ0lMBZfK8UhzH7df"},"_contentSize":{"__type__":"cc.Size","width":405,"height":121},"_trs":{"__type__":"TypedArray","ctor":"Float64Array","array":[0,-543.048,0,0,0,0,1,1,1,1]}},{"__type__":"cc.Node","_name":"next","_parent":{"__id__":17},"_children":[{"__id__":82},{"__id__":83},{"__id__":84},{"__id__":85},{"__id__":86},{"__id__":88},{"__id__":90}],"_prefab":{"__type__":"cc.PrefabInfo","root":{"__id__":1},"asset":{"__uuid__":"115kCJXrxOjKWQwebhRjQf"},"fileId":"e9qJPFQHJM85awMDjo7Ngs"},"_trs":{"__type__":"TypedArray","ctor":"Float64Array","array":[0,0,0,0,0,0,1,1,1,1]}},{"__type__":"cc.Node","_name":"04_2048_zt_bg","_parent":{"__id__":81},"_components":[{"__type__":"cc.Sprite","node":{"__id__":82},"_materials":[{"__uuid__":"ecpdLyjvZBwrvm+cedCcQy"}],"_spriteFrame":{"__uuid__":"a8Wo6crABI65gmQM6cPSbW"},"_type":1,"_sizeMode":0}],"_prefab":{"__type__":"cc.PrefabInfo","root":{"__id__":1},"asset":{"__uuid__":"115kCJXrxOjKWQwebhRjQf"},"fileId":"81mMfBAypM0LzSbAwUZCIf"},"_contentSize":{"__type__":"cc.Size","width":682,"height":450},"_trs":{"__type__":"TypedArray","ctor":"Float64Array","array":[0,-232.731,0,0,0,0,1,1,1,1]}},{"__type__":"cc.Node","_name":"btn_get","_parent":{"__id__":81},"_components":[{"__type__":"cc.Sprite","node":{"__id__":83},"_materials":[{"__uuid__":"ecpdLyjvZBwrvm+cedCcQy"}],"_spriteFrame":{"__uuid__":"fb18vfr65BOK/nXODCNlk5"}},{"__type__":"cc.Button","node":{"__id__":83},"_normalMaterial":{"__uuid__":"ecpdLyjvZBwrvm+cedCcQy"},"clickEvents":[{"__type__":"cc.ClickEvent","target":{"__id__":1},"_componentId":"63d97D/KSlIVI+DyMsIvPT8","handler":"clickSign"}],"_N$transition":3,"transition":3}],"_prefab":{"__type__":"cc.PrefabInfo","root":{"__id__":1},"asset":{"__uuid__":"115kCJXrxOjKWQwebhRjQf"},"fileId":"c4tJPJK+VA+bgZJuls/tlF"},"_contentSize":{"__type__":"cc.Size","width":405,"height":121},"_trs":{"__type__":"TypedArray","ctor":"Float64Array","array":[0,-543.048,0,0,0,0,1,1,1,1]}},{"__type__":"cc.Node","_name":"al","_parent":{"__id__":81},"_components":[{"__type__":"cc.Sprite","node":{"__id__":84},"_materials":[{"__uuid__":"ecpdLyjvZBwrvm+cedCcQy"}],"_spriteFrame":{"__uuid__":"112RrQAbdHj7wJ941nAm2+"}},{"__type__":"cc.Button","node":{"__id__":84},"clickEvents":[{"__type__":"cc.ClickEvent","target":{"__id__":1},"_componentId":"63d97D/KSlIVI+DyMsIvPT8","handler":"collectSuc"}]}],"_prefab":{"__type__":"cc.PrefabInfo","root":{"__id__":1},"asset":{"__uuid__":"115kCJXrxOjKWQwebhRjQf"},"fileId":"e92CgP5yVFxpkiZv6zCkwt"},"_contentSize":{"__type__":"cc.Size","width":405,"height":121},"_trs":{"__type__":"TypedArray","ctor":"Float64Array","array":[0,-543.048,0,0,0,0,1,1,1,1]}},{"__type__":"cc.Node","_name":"btn_getNo","_parent":{"__id__":81},"_components":[{"__type__":"cc.Sprite","node":{"__id__":85},"_materials":[{"__uuid__":"ecpdLyjvZBwrvm+cedCcQy"}],"_spriteFrame":{"__uuid__":"31jfy0DKZBQ51GpudpRw4F"}},{"__type__":"cc.Button","node":{"__id__":85},"clickEvents":[{"__type__":"cc.ClickEvent","target":{"__id__":1},"_componentId":"63d97D/KSlIVI+DyMsIvPT8","handler":"collectGray"}]}],"_prefab":{"__type__":"cc.PrefabInfo","root":{"__id__":1},"asset":{"__uuid__":"115kCJXrxOjKWQwebhRjQf"},"fileId":"e2uERAtK1I8YzeGaE0riRh"},"_contentSize":{"__type__":"cc.Size","width":405,"height":121},"_trs":{"__type__":"TypedArray","ctor":"Float64Array","array":[0,-543.048,0,0,0,0,1,1,1,1]}},{"__type__":"cc.Node","_name":"03_bg","_parent":{"__id__":81},"_children":[{"__id__":87}],"_components":[{"__type__":"cc.Sprite","node":{"__id__":86},"_materials":[{"__uuid__":"ecpdLyjvZBwrvm+cedCcQy"}],"_spriteFrame":{"__uuid__":"58hmZzuLBPKanf7b+JdkrU"}}],"_prefab":{"__type__":"cc.PrefabInfo","root":{"__id__":1},"asset":{"__uuid__":"115kCJXrxOjKWQwebhRjQf"},"fileId":"15F2svG/hFH7qtYCXvydxX"},"_contentSize":{"__type__":"cc.Size","width":465,"height":88},"_trs":{"__type__":"TypedArray","ctor":"Float64Array","array":[0,-11.651,0,0,0,0,1,1,1,1]}},{"__type__":"cc.Node","_name":"02_wxhb_zt","_parent":{"__id__":86},"_components":[{"__type__":"cc.Sprite","node":{"__id__":87},"_materials":[{"__uuid__":"ecpdLyjvZBwrvm+cedCcQy"}],"_spriteFrame":{"__uuid__":"07jDNRdg5HmpjZsreYa5Z9"}}],"_prefab":{"__type__":"cc.PrefabInfo","root":{"__id__":1},"asset":{"__uuid__":"115kCJXrxOjKWQwebhRjQf"},"fileId":"0dh2dVOXZAdp1ZMdNyNOvv"},"_contentSize":{"__type__":"cc.Size","width":216,"height":36},"_trs":{"__type__":"TypedArray","ctor":"Float64Array","array":[0,5,0,0,0,0,1,1,1,1]}},{"__type__":"cc.Node","_name":"22_hb_Background","_parent":{"__id__":81},"_children":[{"__id__":89}],"_components":[{"__type__":"cc.Sprite","node":{"__id__":88},"_materials":[{"__uuid__":"ecpdLyjvZBwrvm+cedCcQy"}],"_spriteFrame":{"__uuid__":"02nmWIkBJGSpxjknWYzH6u"}}],"_prefab":{"__type__":"cc.PrefabInfo","root":{"__id__":1},"asset":{"__uuid__":"115kCJXrxOjKWQwebhRjQf"},"fileId":"31q717fqZNhLkt9a4MMPKV"},"_contentSize":{"__type__":"cc.Size","width":346,"height":256},"_trs":{"__type__":"TypedArray","ctor":"Float64Array","array":[0,-169.757,0,0,0,0,1,0.8,0.8,1]}},{"__type__":"cc.Node","_name":"label","_parent":{"__id__":88},"_components":[{"__type__":"cc.Label","node":{"__id__":89},"_materials":[{"__uuid__":"ecpdLyjvZBwrvm+cedCcQy"}],"_useOriginalSize":false,"_string":"最高可得50元","_N$string":"最高可得50元","_fontSize":55,"_lineHeight":70,"_styleFlags":1,"_N$horizontalAlign":1,"_N$verticalAlign":1,"_N$fontFamily":"微软雅黑"}],"_prefab":{"__type__":"cc.PrefabInfo","root":{"__id__":1},"asset":{"__uuid__":"115kCJXrxOjKWQwebhRjQf"},"fileId":"69/V1jmTpD5qfPJTwK39Tm"},"_color":{"__type__":"cc.Color","r":227,"g":174,"b":24},"_contentSize":{"__type__":"cc.Size","width":341,"height":88.2},"_trs":{"__type__":"TypedArray","ctor":"Float64Array","array":[0,-157.435,0,0,0,0,1,1,1,1]}},{"__type__":"cc.Node","_name":"progressBar","_parent":{"__id__":81},"_children":[{"__id__":91},{"__id__":93}],"_components":[{"__type__":"cc.Sprite","node":{"__id__":90},"_materials":[{"__uuid__":"ecpdLyjvZBwrvm+cedCcQy"}],"_spriteFrame":{"__uuid__":"5bu2xixEpM/ZfLWsglV6ns"}},{"__id__":95}],"_prefab":{"__type__":"cc.PrefabInfo","root":{"__id__":1},"asset":{"__uuid__":"115kCJXrxOjKWQwebhRjQf"},"fileId":"b3vaXw+11AMZ3KXpiPnuA8"},"_contentSize":{"__type__":"cc.Size","width":469,"height":27},"_trs":{"__type__":"TypedArray","ctor":"Float64Array","array":[0,-416.315,0,0,0,0,1,1,1,1]}},{"__type__":"cc.Node","_name":"bar","_parent":{"__id__":90},"_components":[{"__id__":92}],"_prefab":{"__type__":"cc.PrefabInfo","root":{"__id__":1},"asset":{"__uuid__":"115kCJXrxOjKWQwebhRjQf"},"fileId":"d2Jy0klZdPPpel5FdPhfaN"},"_contentSize":{"__type__":"cc.Size","width":461,"height":21},"_anchorPoint":{"__type__":"cc.Vec2","y":0.5},"_trs":{"__type__":"TypedArray","ctor":"Float64Array","array":[-231.292,0,0,0,0,0,1,1,1,1]}},{"__type__":"cc.Sprite","node":{"__id__":91},"_materials":[{"__uuid__":"ecpdLyjvZBwrvm+cedCcQy"}],"_spriteFrame":{"__uuid__":"a0btscwCFPHIRc5zTQsy9D"},"_type":3,"_fillRange":0.6},{"__type__":"cc.Node","_name":"label","_parent":{"__id__":90},"_components":[{"__id__":94}],"_prefab":{"__type__":"cc.PrefabInfo","root":{"__id__":1},"asset":{"__uuid__":"115kCJXrxOjKWQwebhRjQf"},"fileId":"e4/z1frkFCsaGUlqvROrzd"},"_color":{"__type__":"cc.Color","r":120,"g":138,"b":190},"_contentSize":{"__type__":"cc.Size","width":233.35,"height":50.4},"_trs":{"__type__":"TypedArray","ctor":"Float64Array","array":[0,42.734,0,0,0,0,1,1,1,1]}},{"__type__":"cc.Label","node":{"__id__":93},"_materials":[{"__uuid__":"ecpdLyjvZBwrvm+cedCcQy"}],"_useOriginalSize":false,"_string":"再登录XX天即可领取","_N$string":"再登录XX天即可领取","_fontSize":25,"_N$horizontalAlign":1,"_N$verticalAlign":1},{"__type__":"cc.ProgressBar","node":{"__id__":90},"_N$barSprite":{"__id__":92},"_N$mode":2,"_N$progress":0.6},{"__type__":"cc.Node","_name":"FGetPacket","_parent":{"__id__":1},"_children":[{"__id__":97},{"__id__":98}],"_active":false,"_components":[{"__type__":"cc.BlockInputEvents","node":{"__id__":96}},{"__type__":"cc.Widget","node":{"__id__":96},"_alignFlags":45,"_originalWidth":720,"_originalHeight":1280}],"_prefab":{"__type__":"cc.PrefabInfo","root":{"__id__":1},"asset":{"__uuid__":"115kCJXrxOjKWQwebhRjQf"},"fileId":"eclUeq/nBOyK7/Y/Pq3tBr"},"_contentSize":{"__type__":"cc.Size","width":720,"height":1280},"_trs":{"__type__":"TypedArray","ctor":"Float64Array","array":[0,0,0,0,0,0,1,1,1,1]}},{"__type__":"cc.Node","_name":"bg","_parent":{"__id__":96},"_components":[{"__type__":"cc.Sprite","node":{"__id__":97},"_materials":[{"__uuid__":"ecpdLyjvZBwrvm+cedCcQy"}],"_spriteFrame":{"__uuid__":"a2MjXRFdtLlYQ5ouAFv/+R"},"_sizeMode":0},{"__type__":"cc.Widget","node":{"__id__":97},"_alignFlags":45,"_originalWidth":100,"_originalHeight":100}],"_prefab":{"__type__":"cc.PrefabInfo","root":{"__id__":1},"asset":{"__uuid__":"115kCJXrxOjKWQwebhRjQf"},"fileId":"9bGZpKzcZObrSdOMgKKVh5"},"_opacity":200,"_color":{"__type__":"cc.Color"},"_contentSize":{"__type__":"cc.Size","width":720,"height":1280},"_trs":{"__type__":"TypedArray","ctor":"Float64Array","array":[0,0,0,0,0,0,1,1,1,1]}},{"__type__":"cc.Node","_name":"mainNode","_parent":{"__id__":96},"_children":[{"__id__":99},{"__id__":100},{"__id__":102},{"__id__":104},{"__id__":105}],"_prefab":{"__type__":"cc.PrefabInfo","root":{"__id__":1},"asset":{"__uuid__":"115kCJXrxOjKWQwebhRjQf"},"fileId":"5dkQJHd/NNbKaL1JmeJG1S"},"_trs":{"__type__":"TypedArray","ctor":"Float64Array","array":[0,0,0,0,0,0,1,1,1,1]}},{"__type__":"cc.Node","_name":"bg","_parent":{"__id__":98},"_components":[{"__type__":"cc.Sprite","node":{"__id__":99},"_materials":[{"__uuid__":"ecpdLyjvZBwrvm+cedCcQy"}],"_spriteFrame":{"__uuid__":"2a+Arp2PxO9I/Jvt0MmYuV"}}],"_prefab":{"__type__":"cc.PrefabInfo","root":{"__id__":1},"asset":{"__uuid__":"115kCJXrxOjKWQwebhRjQf"},"fileId":"50Wlc2ZQRBrbhu5igffXG+"},"_contentSize":{"__type__":"cc.Size","width":640,"height":929},"_trs":{"__type__":"TypedArray","ctor":"Float64Array","array":[0,0,0,0,0,0,1,1,1,1]}},{"__type__":"cc.Node","_name":"04_hb_4","_parent":{"__id__":98},"_components":[{"__id__":101}],"_prefab":{"__type__":"cc.PrefabInfo","root":{"__id__":1},"asset":{"__uuid__":"115kCJXrxOjKWQwebhRjQf"},"fileId":"2abEaHGtNMTKKlTUST/F3q"},"_contentSize":{"__type__":"cc.Size","width":144,"height":144},"_trs":{"__type__":"TypedArray","ctor":"Float64Array","array":[0,330.177,0,0,0,0,1,1,1,1]}},{"__type__":"cc.Sprite","node":{"__id__":100},"_materials":[{"__uuid__":"ecpdLyjvZBwrvm+cedCcQy"}],"_spriteFrame":{"__uuid__":"71ssOOhnZAlJr/NNJfFyie"},"_sizeMode":0},{"__type__":"cc.Node","_name":"label","_parent":{"__id__":98},"_components":[{"__id__":103}],"_prefab":{"__type__":"cc.PrefabInfo","root":{"__id__":1},"asset":{"__uuid__":"115kCJXrxOjKWQwebhRjQf"},"fileId":"21dv3ydO1HmLlM2Zf0IfyT"},"_contentSize":{"__type__":"cc.Size","width":279.72,"height":50.4},"_trs":{"__type__":"TypedArray","ctor":"Float64Array","array":[0,196.415,0,0,0,0,1,1,1,1]}},{"__type__":"cc.Label","node":{"__id__":102},"_materials":[{"__uuid__":"ecpdLyjvZBwrvm+cedCcQy"}],"_useOriginalSize":false,"_string":"XXX给你发了一个","_N$string":"XXX给你发了一个","_fontSize":35,"_styleFlags":1,"_N$horizontalAlign":1,"_N$verticalAlign":1,"_N$fontFamily":"微软雅黑"},{"__type__":"cc.Node","_name":"07_hb_7","_parent":{"__id__":98},"_components":[{"__type__":"cc.Sprite","node":{"__id__":104},"_materials":[{"__uuid__":"ecpdLyjvZBwrvm+cedCcQy"}],"_spriteFrame":{"__uuid__":"05j87NmSND1KA0cITspSWK"}}],"_prefab":{"__type__":"cc.PrefabInfo","root":{"__id__":1},"asset":{"__uuid__":"115kCJXrxOjKWQwebhRjQf"},"fileId":"b0s23tYZ1GvI0hyAcbQIU2"},"_contentSize":{"__type__":"cc.Size","width":642,"height":412},"_trs":{"__type__":"TypedArray","ctor":"Float64Array","array":[0,-260.8,0,0,0,0,1,1,1,1]}},{"__type__":"cc.Node","_name":"HfNode","_parent":{"__id__":98},"_children":[{"__id__":106},{"__id__":107},{"__id__":108},{"__id__":113}],"_prefab":{"__type__":"cc.PrefabInfo","root":{"__id__":1},"asset":{"__uuid__":"115kCJXrxOjKWQwebhRjQf"},"fileId":"8depU63SJOWYgg0U0lHasF"},"_trs":{"__type__":"TypedArray","ctor":"Float64Array","array":[0,0,0,0,0,0,1,1,1,1]}},{"__type__":"cc.Node","_name":"06_hb_6","_parent":{"__id__":105},"_components":[{"__type__":"cc.Sprite","node":{"__id__":106},"_materials":[{"__uuid__":"ecpdLyjvZBwrvm+cedCcQy"}],"_spriteFrame":{"__uuid__":"efB+ojyFxDlpqsYLZmPE9g"}}],"_prefab":{"__type__":"cc.PrefabInfo","root":{"__id__":1},"asset":{"__uuid__":"115kCJXrxOjKWQwebhRjQf"},"fileId":"1ex5EUaOhFUJrYpnCB8wy4"},"_contentSize":{"__type__":"cc.Size","width":652,"height":421},"_trs":{"__type__":"TypedArray","ctor":"Float64Array","array":[0,-57.563,0,0,0,0,1,0.9,0.9,1]}},{"__type__":"cc.Node","_name":"07_hb_7","_parent":{"__id__":105},"_components":[{"__type__":"cc.Sprite","node":{"__id__":107},"_materials":[{"__uuid__":"ecpdLyjvZBwrvm+cedCcQy"}],"_spriteFrame":{"__uuid__":"05j87NmSND1KA0cITspSWK"}}],"_prefab":{"__type__":"cc.PrefabInfo","root":{"__id__":1},"asset":{"__uuid__":"115kCJXrxOjKWQwebhRjQf"},"fileId":"a4cWNKChVHH7bBM3EUtVyb"},"_contentSize":{"__type__":"cc.Size","width":642,"height":412},"_trs":{"__type__":"TypedArray","ctor":"Float64Array","array":[0,-260.8,0,0,0,0,1,1,1,1]}},{"__type__":"cc.Node","_name":"node2","_parent":{"__id__":105},"_children":[{"__id__":109},{"__id__":110},{"__id__":112}],"_prefab":{"__type__":"cc.PrefabInfo","root":{"__id__":1},"asset":{"__uuid__":"115kCJXrxOjKWQwebhRjQf"},"fileId":"08mUt7O59Ng7CVHu4Expr/"},"_trs":{"__type__":"TypedArray","ctor":"Float64Array","array":[0,0,0,0,0,0,1,1,1,1]}},{"__type__":"cc.Node","_name":"tip","_parent":{"__id__":108},"_components":[{"__type__":"cc.Label","node":{"__id__":109},"_materials":[{"__uuid__":"ecpdLyjvZBwrvm+cedCcQy"}],"_useOriginalSize":false,"_string":"恭喜你获得一张话费卡","_N$string":"恭喜你获得一张话费卡","_fontSize":28,"_N$horizontalAlign":1,"_N$verticalAlign":1,"_N$fontFamily":"微软雅黑"}],"_prefab":{"__type__":"cc.PrefabInfo","root":{"__id__":1},"asset":{"__uuid__":"115kCJXrxOjKWQwebhRjQf"},"fileId":"6ddlozGYFF0bKfqLY+Y1lb"},"_color":{"__type__":"cc.Color","r":214,"g":255,"b":255},"_contentSize":{"__type__":"cc.Size","width":280,"height":50.4},"_trs":{"__type__":"TypedArray","ctor":"Float64Array","array":[0,-89.542,0,0,0,0,1,1,1,1]}},{"__type__":"cc.Node","_name":"label","_parent":{"__id__":108},"_components":[{"__id__":111}],"_prefab":{"__type__":"cc.PrefabInfo","root":{"__id__":1},"asset":{"__uuid__":"115kCJXrxOjKWQwebhRjQf"},"fileId":"beB4xglxRGcZ/sJDvoXUbR"},"_color":{"__type__":"cc.Color","r":255,"g":223,"b":141},"_contentSize":{"__type__":"cc.Size","width":280.28,"height":126},"_trs":{"__type__":"TypedArray","ctor":"Float64Array","array":[0,38.67,0,0,0,0,1,1,1,1]}},{"__type__":"cc.Label","node":{"__id__":110},"_materials":[{"__uuid__":"ecpdLyjvZBwrvm+cedCcQy"}],"_useOriginalSize":false,"_string":"888元","_N$string":"888元","_fontSize":100.1,"_lineHeight":100,"_styleFlags":1,"_N$horizontalAlign":1,"_N$verticalAlign":1,"_N$fontFamily":"微软雅黑"},{"__type__":"cc.Node","_name":"05_hb_5","_parent":{"__id__":108},"_components":[{"__type__":"cc.Sprite","node":{"__id__":112},"_materials":[{"__uuid__":"ecpdLyjvZBwrvm+cedCcQy"}],"_spriteFrame":{"__uuid__":"d6jze1ISBGMJWLgaPtyPbf"}},{"__type__":"cc.Button","node":{"__id__":112},"_normalMaterial":{"__uuid__":"ecpdLyjvZBwrvm+cedCcQy"},"clickEvents":[{"__type__":"cc.ClickEvent","target":{"__id__":1},"_componentId":"63d97D/KSlIVI+DyMsIvPT8","handler":"closeHfPage"}],"_N$transition":3,"transition":3},{"__type__":"cc.Animation","node":{"__id__":112},"_defaultClip":{"__uuid__":"a15nveNGRE1obRdbTg0eXH"},"_clips":[{"__uuid__":"a15nveNGRE1obRdbTg0eXH"}],"playOnLoad":true}],"_prefab":{"__type__":"cc.PrefabInfo","root":{"__id__":1},"asset":{"__uuid__":"115kCJXrxOjKWQwebhRjQf"},"fileId":"65whTvvbxNLLlNhY9zS9Ms"},"_contentSize":{"__type__":"cc.Size","width":448,"height":96},"_trs":{"__type__":"TypedArray","ctor":"Float64Array","array":[2.309,-258.585,0,0,0,0,1,1,1,1]}},{"__type__":"cc.Node","_name":"FMarqueeSmall","_parent":{"__id__":105},"_children":[{"__id__":114}],"_components":[{"__type__":"76c0c9U+z5AF5va4DgCx74W","node":{"__id__":113},"tAnnounceNode":[{"__id__":115},{"__id__":117}],"type":"hf"}],"_prefab":{"__type__":"cc.PrefabInfo","root":{"__id__":1},"asset":{"__uuid__":"115kCJXrxOjKWQwebhRjQf"},"fileId":"afCs8RgXtFjJVxwda8PwOt"},"_contentSize":{"__type__":"cc.Size","width":568,"height":57},"_trs":{"__type__":"TypedArray","ctor":"Float64Array","array":[0,-396.932,0,0,0,0,1,1,1,1]}},{"__type__":"cc.Node","_name":"Mask","_parent":{"__id__":113},"_children":[{"__id__":115},{"__id__":117}],"_components":[{"__type__":"cc.Mask","node":{"__id__":114},"_materials":[{"__uuid__":"ecpdLyjvZBwrvm+cedCcQy"}]}],"_prefab":{"__type__":"cc.PrefabInfo","root":{"__id__":1},"asset":{"__uuid__":"115kCJXrxOjKWQwebhRjQf"},"fileId":"84j2VqVc5LNomQnZ4AsDzq"},"_contentSize":{"__type__":"cc.Size","width":568,"height":57},"_trs":{"__type__":"TypedArray","ctor":"Float64Array","array":[0,0,0,0,0,0,1,1,1,1]}},{"__type__":"cc.Node","_name":"marquee1","_parent":{"__id__":114},"_children":[{"__id__":116}],"_prefab":{"__type__":"cc.PrefabInfo","root":{"__id__":1},"asset":{"__uuid__":"115kCJXrxOjKWQwebhRjQf"},"fileId":"699oGtbO9HJ7puILv464Js"},"_trs":{"__type__":"TypedArray","ctor":"Float64Array","array":[0,0,0,0,0,0,1,1,1,1]}},{"__type__":"cc.Node","_name":"label","_parent":{"__id__":115},"_components":[{"__type__":"cc.Label","node":{"__id__":116},"_materials":[{"__uuid__":"ecpdLyjvZBwrvm+cedCcQy"}],"_useOriginalSize":false,"_string":"Label","_N$string":"Label","_fontSize":30,"_N$horizontalAlign":1,"_N$verticalAlign":1,"_N$fontFamily":"微软雅黑"}],"_prefab":{"__type__":"cc.PrefabInfo","root":{"__id__":1},"asset":{"__uuid__":"115kCJXrxOjKWQwebhRjQf"},"fileId":"33o4EfiYBCaq0qUlaevLrL"},"_color":{"__type__":"cc.Color","r":255,"g":205,"b":170},"_contentSize":{"__type__":"cc.Size","width":75.69,"height":50.4},"_trs":{"__type__":"TypedArray","ctor":"Float64Array","array":[0,0,0,0,0,0,1,1,1,1]}},{"__type__":"cc.Node","_name":"marquee2","_parent":{"__id__":114},"_children":[{"__id__":118}],"_prefab":{"__type__":"cc.PrefabInfo","root":{"__id__":1},"asset":{"__uuid__":"115kCJXrxOjKWQwebhRjQf"},"fileId":"27Py0ycVtHm4DpoSu1RlAj"},"_trs":{"__type__":"TypedArray","ctor":"Float64Array","array":[0,-57,0,0,0,0,1,1,1,1]}},{"__type__":"cc.Node","_name":"label","_parent":{"__id__":117},"_components":[{"__type__":"cc.Label","node":{"__id__":118},"_materials":[{"__uuid__":"ecpdLyjvZBwrvm+cedCcQy"}],"_useOriginalSize":false,"_string":"Label","_N$string":"Label","_fontSize":30,"_N$horizontalAlign":1,"_N$verticalAlign":1,"_N$fontFamily":"微软雅黑"}],"_prefab":{"__type__":"cc.PrefabInfo","root":{"__id__":1},"asset":{"__uuid__":"115kCJXrxOjKWQwebhRjQf"},"fileId":"9coXdQQ/FGS7Q+JfYQ2gv0"},"_color":{"__type__":"cc.Color","r":255,"g":205,"b":170},"_contentSize":{"__type__":"cc.Size","width":75.69,"height":50.4},"_trs":{"__type__":"TypedArray","ctor":"Float64Array","array":[0,0,0,0,0,0,1,1,1,1]}}],{"__type__":"cc.SpriteFrame","content":{"name":"08_hb_jdt","texture":"ecGvR/p5pLUooG6RmCmkiE","rect":[0,0,332,37],"offset":[0,0],"originalSize":[332,37],"capInsets":[0,0,0,0]}},{"__type__":"cc.SpriteFrame","content":{"name":"06_hb_Background","texture":"9erz/7weNKFJR/dPTaW8/4","rect":[82,45,682,367],"offset":[0,0],"originalSize":[846,457],"capInsets":[0,0,0,0]}},{"__type__":"cc.SpriteFrame","content":{"name":"08_hb_8","texture":"f5iv75hcVFe5s2aN59UbDD","rect":[0,0,640,929],"offset":[0,0],"originalSize":[640,929],"capInsets":[0,0,0,0]}},{"__type__":"cc.SpriteFrame","content":{"name":"19_hb_bnt","texture":"ecr1uZEY1N66CBcsk+JGjc","rect":[0,0,405,121],"offset":[0,0],"originalSize":[405,121],"capInsets":[0,0,0,0]}},{"__type__":"cc.SpriteFrame","content":{"name":"09_hb_bnt","texture":"35K4MvYppJ5KQMpQvM4dFj","rect":[0,0,307,94],"offset":[0,0],"originalSize":[307,94],"capInsets":[0,0,0,0]}},{"__type__":"cc.SpriteFrame","content":{"name":"10_hb_Background","texture":"16oGfgbWpIxIsr8hEZunqw","rect":[0,0,465,88],"offset":[0,0],"originalSize":[465,88],"capInsets":[0,0,0,0]}},{"__type__":"cc.SpriteFrame","content":{"name":"top","texture":"efFYjdWfpO5ZnXrwWtjs/x","rect":[0,0,719,168],"offset":[0,0],"originalSize":[719,168],"capInsets":[0,0,0,0]}},{"__type__":"cc.SpriteFrame","content":{"name":"14_wxhb__Background","texture":"acxdlipVVMB5o4XIDlgMmn","rect":[2,2,469,27],"offset":[0,0],"originalSize":[473,31],"capInsets":[0,0,0,0]}},{"__type__":"cc.SpriteFrame","content":{"name":"coinbg","texture":"faHMC8dnlHBatyG7AuwgV/","rect":[0,0,184,40],"offset":[0,0],"originalSize":[184,40],"capInsets":[0,0,0,0]}},{"__type__":"cc.SpriteFrame","content":{"name":"12_hb_Background","texture":"b2jsGk1uxKLrUoJXOTUzDV","rect":[1,6,161,192],"offset":[0,-2],"originalSize":[163,200],"capInsets":[33,0,62,0]}},{"__type__":"cc.SpriteFrame","content":{"name":"04_hb_4","texture":"b5u5rryjpIF4ub3MV0aVE7","rect":[0,0,143,144],"offset":[0,0],"originalSize":[143,144],"capInsets":[0,0,0,0]}},{"__type__":"cc.SpriteFrame","content":{"name":"07_hb_jdt","texture":"1dTGXbp4dNuJiwLTL7IDUO","rect":[2,2,327,33],"offset":[-0.5,0],"originalSize":[332,37],"capInsets":[16.5,0,23.5,0]}},{"__type__":"cc.SpriteFrame","content":{"name":"11_hb_zt","texture":"fctbR966BEy42B4mXLKXax","rect":[0,0,272,36],"offset":[0,0],"originalSize":[272,36],"capInsets":[0,0,0,0]}},{"__type__":"cc.SpriteFrame","content":{"name":"16_hb_bnt","texture":"2atAyuWM9P8aNn4pkUxK4A","rect":[0,0,405,121],"offset":[0,0],"originalSize":[405,121],"capInsets":[0,0,0,0]}},{"__type__":"cc.SpriteFrame","content":{"name":"bg","texture":"61lbsl9ndM25Yd9K5Gh/GX","rect":[0,0,720,1280],"offset":[0,0],"originalSize":[720,1280],"capInsets":[0,0,0,0]}},{"__type__":"cc.SpriteFrame","content":{"name":"hficon","texture":"6eg8y2IuJNGYUuPQYGC/H8","rect":[0,0,47,35],"offset":[0,0],"originalSize":[47,35],"capInsets":[0,0,0,0]}},{"__type__":"cc.SpriteFrame","content":{"name":"redicon","texture":"c386ec9RpDm5hWdkVENizG","rect":[0,0,28,38],"offset":[0,0],"originalSize":[28,38],"capInsets":[0,0,0,0]}},{"__type__":"cc.SpriteFrame","content":{"name":"15_wxhb__Background","texture":"978wexA25Ly4bGVwURlQa4","rect":[6,5,461,21],"offset":[0,0],"originalSize":[473,31],"capInsets":[15,0,12,0]}},{"__type__":"cc.SpriteFrame","content":{"name":"default_sprite_splash","texture":"02delMVqdBD70a/HSD99FK","rect":[0,0,2,2],"offset":[0,0],"originalSize":[2,2],"capInsets":[0,0,0,0]}},{"__type__":"cc.SpriteFrame","content":{"name":"04_2048_zt_bg","texture":"17dI5XejZMr7tzlWs/XL5u","rect":[0,0,89,66],"offset":[0,0],"originalSize":[89,66],"capInsets":[30,21,28,30]}},{"__type__":"cc.SpriteFrame","content":{"name":"01_hb_bnt","texture":"bascOt7AxCdbKgLY7Hj7F9","rect":[0,0,50,48],"offset":[0,0],"originalSize":[50,48],"capInsets":[0,0,0,0]}},{"__type__":"cc.SpriteFrame","content":{"name":"dui","texture":"56jFbhZOpPZYZ2UlA4dr2K","rect":[0,0,41,41],"offset":[0,0],"originalSize":[41,41],"capInsets":[0,0,0,0]}},{"__type__":"cc.SpriteFrame","content":{"name":"05_hb_5","texture":"61hEA8u9xMj6DA7K7UrEl4","rect":[0,0,448,96],"offset":[0,0],"originalSize":[448,96],"capInsets":[0,0,0,0]}},{"__type__":"cc.SpriteFrame","content":{"name":"17_hb_bnt","texture":"67MXq675BGKr/sqnerh5QV","rect":[0,0,405,121],"offset":[0,0],"originalSize":[405,121],"capInsets":[0,0,0,0]}},{"__type__":"cc.SpriteFrame","content":{"name":"14_hb_bnt","texture":"95cI7MWfVLkLyC84cqLwFi","rect":[0,0,405,121],"offset":[0,0],"originalSize":[405,121],"capInsets":[0,0,0,0]}},{"__type__":"cc.SpriteFrame","content":{"name":"06_hb_6","texture":"ddB9+XquhLUIRQFBxZfNx/","rect":[0,0,652,421],"offset":[0,0],"originalSize":[652,421],"capInsets":[0,0,0,0]}},{"__type__":"cc.SpriteFrame","content":{"name":"21_hb_bnt","texture":"b5UQkXCnJNjoC5xIIPC6k4","rect":[0,0,405,121],"offset":[0,0],"originalSize":[405,121],"capInsets":[0,0,0,0]}},{"__type__":"cc.SpriteFrame","content":{"name":"13_hb_Background","texture":"ab34KvI8VAGIldDrRQ5hUc","rect":[0,0,161,192],"offset":[0,0],"originalSize":[161,192],"capInsets":[62,36,60,74]}}]