[{"__type__":"cc.SpriteFrame","content":{"name":"bloacks_2","texture":"55CPQMBX5GdpKPdUjN2Y9x","rect":[0,0,126,116],"offset":[0,0],"originalSize":[126,116],"capInsets":[0,0,0,0]}},{"__type__":"cc.SpriteFrame","content":{"name":"bloacks_1","texture":"86Vy0IdqVIT4Z+sIImeAfA","rect":[0,0,83,66],"offset":[0,0],"originalSize":[83,66],"capInsets":[0,0,0,0]}},{"__type__":"cc.SpriteFrame","content":{"name":"bloacks_3","texture":"6e8pnj771BU5yRDYeFvNnd","rect":[0,0,91,74],"offset":[0,0],"originalSize":[91,74],"capInsets":[0,0,0,0]}},[{"__type__":"cc.Prefab","_name":"polygon3","data":{"__id__":1}},{"__type__":"cc.Node","_name":"polygon3","_children":[{"__id__":2},{"__id__":3},{"__id__":4},{"__id__":5}],"_components":[{"__type__":"cc.RigidBody","node":{"__id__":1},"_type":0,"enabledContactListener":true},{"__type__":"cc.PhysicsPolygonCollider","node":{"__id__":1},"_friction":0,"_restitution":0.7,"points":[{"__type__":"cc.Vec2","x":-1.1,"y":35.1},{"__type__":"cc.Vec2","x":-40.2,"y":-29.1},{"__type__":"cc.Vec2","x":37.9,"y":-30}]},{"__type__":"3bac05iQnRCHbhvPa7lWI7S","node":{"__id__":1},"lbScore":{"__id__":6}}],"_prefab":{"__type__":"cc.PrefabInfo","root":{"__id__":1},"asset":{"__uuid__":"f0eOAdaD9GeKgNyLfkRS7/"},"fileId":"4fO4YPMuRAiLSCq5cS3t8/"},"_contentSize":{"__type__":"cc.Size","width":126,"height":116},"_trs":{"__type__":"TypedArray","ctor":"Float64Array","array":[0,0,0,0,0,0,1,0.85,0.85,1]}},{"__type__":"cc.Node","_name":"bloacks_1","_parent":{"__id__":1},"_components":[{"__type__":"cc.Sprite","node":{"__id__":2},"_materials":[{"__uuid__":"ecpdLyjvZBwrvm+cedCcQy"}],"_spriteFrame":{"__uuid__":"38ihwcwkVAOoHU6eDvtLR2"}}],"_prefab":{"__type__":"cc.PrefabInfo","root":{"__id__":1},"asset":{"__uuid__":"f0eOAdaD9GeKgNyLfkRS7/"},"fileId":"05kuffHNJApan2UGOBUK2H"},"_contentSize":{"__type__":"cc.Size","width":83,"height":66},"_trs":{"__type__":"TypedArray","ctor":"Float64Array","array":[-2.557,1.76,0,0,0,0,1,1,1,1]}},{"__type__":"cc.Node","_name":"bloacks_2","_parent":{"__id__":1},"_components":[{"__type__":"cc.Sprite","node":{"__id__":3},"_materials":[{"__uuid__":"ecpdLyjvZBwrvm+cedCcQy"}],"_spriteFrame":{"__uuid__":"11yFob/HhN47m+152ePlph"}}],"_prefab":{"__type__":"cc.PrefabInfo","root":{"__id__":1},"asset":{"__uuid__":"f0eOAdaD9GeKgNyLfkRS7/"},"fileId":"b36gBARktOnK24wDgM1/DV"},"_contentSize":{"__type__":"cc.Size","width":126,"height":116},"_trs":{"__type__":"TypedArray","ctor":"Float64Array","array":[0,0,0,0,0,0,1,1,1,1]}},{"__type__":"cc.Node","_name":"bloacks_3","_parent":{"__id__":1},"_components":[{"__type__":"cc.Sprite","node":{"__id__":4},"_materials":[{"__uuid__":"ecpdLyjvZBwrvm+cedCcQy"}],"_spriteFrame":{"__uuid__":"56oK/VoIZP5aQVv7/upbLh"}}],"_prefab":{"__type__":"cc.PrefabInfo","root":{"__id__":1},"asset":{"__uuid__":"f0eOAdaD9GeKgNyLfkRS7/"},"fileId":"23UWSzSdBJibQ7U07uzvQw"},"_contentSize":{"__type__":"cc.Size","width":91,"height":74},"_trs":{"__type__":"TypedArray","ctor":"Float64Array","array":[-1.208,0.526,0,0,0,0,1,1,1,1]}},{"__type__":"cc.Node","_name":"New Label","_parent":{"__id__":1},"_components":[{"__id__":6}],"_prefab":{"__type__":"cc.PrefabInfo","root":{"__id__":1},"asset":{"__uuid__":"f0eOAdaD9GeKgNyLfkRS7/"},"fileId":"50MBXEkCpCB7lhI04W/p0Z"},"_color":{"__type__":"cc.Color"},"_contentSize":{"__type__":"cc.Size","width":62.29,"height":50.4},"_trs":{"__type__":"TypedArray","ctor":"Float64Array","array":[0,-8.682,0,0,0,0,1,1,1,1]}},{"__type__":"cc.Label","node":{"__id__":5},"_materials":[{"__uuid__":"ecpdLyjvZBwrvm+cedCcQy"}],"_useOriginalSize":false,"_string":"9990","_N$string":"9990","_fontSize":28,"_styleFlags":1,"_N$horizontalAlign":1,"_N$verticalAlign":1}]]