[[{"__type__":"cc.Prefab","_name":"ball","data":{"__id__":1}},{"__type__":"cc.Node","_name":"ball","_children":[{"__type__":"cc.Node","_name":"motionStreak","_parent":{"__id__":1},"_prefab":{"__type__":"cc.PrefabInfo","root":{"__id__":1},"asset":{"__uuid__":"00Ke9NplBJ3IZ4XlQ7Vk2B"},"fileId":"2b3re1aRlBOqhlJ9SgTZNV"},"_contentSize":{"__type__":"cc.Size","width":2,"height":2},"_trs":{"__type__":"TypedArray","ctor":"Float64Array","array":[0,0,0,0,0,0,1,1,1,1]},"_groupIndex":1,"groupIndex":1}],"_components":[{"__type__":"cc.Sprite","node":{"__id__":1},"_materials":[{"__uuid__":"ecpdLyjvZBwrvm+cedCcQy"}],"_spriteFrame":{"__uuid__":"a0SDFCbudCE753rT8U1PUV"},"_sizeMode":0},{"__type__":"cc.RigidBody","node":{"__id__":1},"_gravityScale":5,"enabledContactListener":true},{"__type__":"cc.PhysicsCircleCollider","node":{"__id__":1},"_density":0,"_friction":0,"_restitution":0.7,"_radius":15},{"__type__":"4938bLltytLWLB77yg4tJwH","node":{"__id__":1}}],"_prefab":{"__type__":"cc.PrefabInfo","root":{"__id__":1},"asset":{"__uuid__":"00Ke9NplBJ3IZ4XlQ7Vk2B"},"fileId":"aeRcbrM+VBoa8mY6DGIoVf"},"_contentSize":{"__type__":"cc.Size","width":30,"height":30},"_trs":{"__type__":"TypedArray","ctor":"Float64Array","array":[0,0,0,0,0,0,1,1,1,1]},"_groupIndex":1,"groupIndex":1}],{"__type__":"cc.SpriteFrame","content":{"name":"18","texture":"d5C0Jvo4lDmZVZQLFup/3E","rect":[0,0,31,31],"offset":[0,0],"originalSize":[31,31],"capInsets":[0,0,0,0]}}]