[{"__type__":"cc.Prefab","_name":"FMarqueeSmall","data":{"__id__":1}},{"__type__":"cc.Node","_name":"FMarqueeSmall","_children":[{"__id__":2}],"_components":[{"__type__":"76c0c9U+z5AF5va4DgCx74W","node":{"__id__":1},"tAnnounceNode":[{"__id__":3},{"__id__":5}],"type":"hb"}],"_prefab":{"__type__":"cc.PrefabInfo","root":{"__id__":1},"asset":{"__uuid__":"0ezoVA8xdAXILecsyXkW3q"},"fileId":"bcZ1uriBVJE6SVVuW5NLfW"},"_contentSize":{"__type__":"cc.Size","width":568,"height":57},"_trs":{"__type__":"TypedArray","ctor":"Float64Array","array":[0,-396.932,0,0,0,0,1,1,1,1]}},{"__type__":"cc.Node","_name":"Mask","_parent":{"__id__":1},"_children":[{"__id__":3},{"__id__":5}],"_components":[{"__type__":"cc.Mask","node":{"__id__":2},"_materials":[{"__uuid__":"ecpdLyjvZBwrvm+cedCcQy"}]}],"_prefab":{"__type__":"cc.PrefabInfo","root":{"__id__":1},"asset":{"__uuid__":"0ezoVA8xdAXILecsyXkW3q"},"fileId":"bedZ+X0KlHa7JAFpaR5AxG"},"_contentSize":{"__type__":"cc.Size","width":568,"height":57},"_trs":{"__type__":"TypedArray","ctor":"Float64Array","array":[0,0,0,0,0,0,1,1,1,1]}},{"__type__":"cc.Node","_name":"marquee1","_parent":{"__id__":2},"_children":[{"__id__":4}],"_prefab":{"__type__":"cc.PrefabInfo","root":{"__id__":1},"asset":{"__uuid__":"0ezoVA8xdAXILecsyXkW3q"},"fileId":"c6RJEwOQhEiYSr+UEbhPIj"},"_trs":{"__type__":"TypedArray","ctor":"Float64Array","array":[0,0,0,0,0,0,1,1,1,1]}},{"__type__":"cc.Node","_name":"label","_parent":{"__id__":3},"_components":[{"__type__":"cc.Label","node":{"__id__":4},"_materials":[{"__uuid__":"ecpdLyjvZBwrvm+cedCcQy"}],"_useOriginalSize":false,"_string":"Label","_N$string":"Label","_fontSize":30,"_N$horizontalAlign":1,"_N$verticalAlign":1,"_N$fontFamily":"微软雅黑"}],"_prefab":{"__type__":"cc.PrefabInfo","root":{"__id__":1},"asset":{"__uuid__":"0ezoVA8xdAXILecsyXkW3q"},"fileId":"b33+/9T9JPhZ/aGSibeFEa"},"_color":{"__type__":"cc.Color","r":255,"g":205,"b":170},"_contentSize":{"__type__":"cc.Size","width":75.69,"height":50.4},"_trs":{"__type__":"TypedArray","ctor":"Float64Array","array":[0,0,0,0,0,0,1,1,1,1]}},{"__type__":"cc.Node","_name":"marquee2","_parent":{"__id__":2},"_children":[{"__id__":6}],"_prefab":{"__type__":"cc.PrefabInfo","root":{"__id__":1},"asset":{"__uuid__":"0ezoVA8xdAXILecsyXkW3q"},"fileId":"52K4RavlBHIrycjKpYczUR"},"_trs":{"__type__":"TypedArray","ctor":"Float64Array","array":[0,-57,0,0,0,0,1,1,1,1]}},{"__type__":"cc.Node","_name":"label","_parent":{"__id__":5},"_components":[{"__type__":"cc.Label","node":{"__id__":6},"_materials":[{"__uuid__":"ecpdLyjvZBwrvm+cedCcQy"}],"_useOriginalSize":false,"_string":"Label","_N$string":"Label","_fontSize":30,"_N$horizontalAlign":1,"_N$verticalAlign":1,"_N$fontFamily":"微软雅黑"}],"_prefab":{"__type__":"cc.PrefabInfo","root":{"__id__":1},"asset":{"__uuid__":"0ezoVA8xdAXILecsyXkW3q"},"fileId":"deuAVUX3hBTqejOPaVmCgC"},"_color":{"__type__":"cc.Color","r":255,"g":205,"b":170},"_contentSize":{"__type__":"cc.Size","width":75.69,"height":50.4},"_trs":{"__type__":"TypedArray","ctor":"Float64Array","array":[0,0,0,0,0,0,1,1,1,1]}}]