[{"__type__":"cc.SpriteFrame","content":{"name":"bloacks_2","texture":"24HyshZW5Oc4ftIKwqD8U5","rect":[0,0,130,130],"offset":[0,0],"originalSize":[130,130],"capInsets":[0,0,0,0]}},{"__type__":"cc.SpriteFrame","content":{"name":"bloacks_3","texture":"d3UHP0iAdEOYZaL3oCHQ82","rect":[0,0,92,92],"offset":[0,0],"originalSize":[92,92],"capInsets":[0,0,0,0]}},{"__type__":"cc.SpriteFrame","content":{"name":"bloacks_1","texture":"f4jQdFfgJOPYHwIqgWnQ9S","rect":[0,0,82,83],"offset":[0,0],"originalSize":[82,83],"capInsets":[0,0,0,0]}},[{"__type__":"cc.Prefab","_name":"polygon2","data":{"__id__":1}},{"__type__":"cc.Node","_name":"polygon2","_children":[{"__id__":2},{"__id__":3},{"__id__":4},{"__id__":5}],"_components":[{"__type__":"cc.RigidBody","node":{"__id__":1},"_type":0,"enabledContactListener":true},{"__type__":"cc.PhysicsPolygonCollider","node":{"__id__":1},"_friction":0,"_restitution":0.7,"_offset":{"__type__":"cc.Vec2","x":7.7,"y":0.2},"points":[{"__type__":"cc.Vec2","x":-7.7,"y":45.3},{"__type__":"cc.Vec2","x":2.23,"y":43.71},{"__type__":"cc.Vec2","x":12.5,"y":40.6},{"__type__":"cc.Vec2","x":23.58,"y":32.67},{"__type__":"cc.Vec2","x":32,"y":22.3},{"__type__":"cc.Vec2","x":36.56,"y":10.7},{"__type__":"cc.Vec2","x":37.5,"y":-0.4},{"__type__":"cc.Vec2","x":36.49,"y":-10.42},{"__type__":"cc.Vec2","x":33.18,"y":-20.45},{"__type__":"cc.Vec2","x":26.42,"y":-29.85},{"__type__":"cc.Vec2","x":16.07,"y":-38.51},{"__type__":"cc.Vec2","x":5.68,"y":-43.49},{"__type__":"cc.Vec2","x":-5.6,"y":-45.5},{"__type__":"cc.Vec2","x":-15.39,"y":-44.84},{"__type__":"cc.Vec2","x":-28.33,"y":-41.43},{"__type__":"cc.Vec2","x":-40.17,"y":-31.75},{"__type__":"cc.Vec2","x":-49.29,"y":-18.63},{"__type__":"cc.Vec2","x":-52.19,"y":-7.95},{"__type__":"cc.Vec2","x":-53,"y":1.2},{"__type__":"cc.Vec2","x":-50.76,"y":13.08},{"__type__":"cc.Vec2","x":-46.7,"y":22.4},{"__type__":"cc.Vec2","x":-39.1,"y":31.64},{"__type__":"cc.Vec2","x":-30.2,"y":39.2},{"__type__":"cc.Vec2","x":-19.5,"y":43.45}]},{"__type__":"3bac05iQnRCHbhvPa7lWI7S","node":{"__id__":1},"lbScore":{"__id__":6}}],"_prefab":{"__type__":"cc.PrefabInfo","root":{"__id__":1},"asset":{"__uuid__":"a5dMkAfh5IEZ8gotwBmf4U"},"fileId":"20tSm9zPFITqwJ+3bewIwp"},"_contentSize":{"__type__":"cc.Size","width":130,"height":130},"_trs":{"__type__":"TypedArray","ctor":"Float64Array","array":[0,0,0,0,0,0,1,0.85,0.85,1]}},{"__type__":"cc.Node","_name":"bloacks_1","_parent":{"__id__":1},"_components":[{"__type__":"cc.Sprite","node":{"__id__":2},"_materials":[{"__uuid__":"ecpdLyjvZBwrvm+cedCcQy"}],"_spriteFrame":{"__uuid__":"76di1XH3VF5rvZxMT+FmQh"}}],"_prefab":{"__type__":"cc.PrefabInfo","root":{"__id__":1},"asset":{"__uuid__":"a5dMkAfh5IEZ8gotwBmf4U"},"fileId":"53aJHB5AlMAJhXgKiKDLHr"},"_contentSize":{"__type__":"cc.Size","width":82,"height":83},"_trs":{"__type__":"TypedArray","ctor":"Float64Array","array":[0,0,0,0,0,0,1,1,1,1]}},{"__type__":"cc.Node","_name":"bloacks_2","_parent":{"__id__":1},"_components":[{"__type__":"cc.Sprite","node":{"__id__":3},"_materials":[{"__uuid__":"ecpdLyjvZBwrvm+cedCcQy"}],"_spriteFrame":{"__uuid__":"06wwYNi+lAl6fOaTQ1jmM7"}}],"_prefab":{"__type__":"cc.PrefabInfo","root":{"__id__":1},"asset":{"__uuid__":"a5dMkAfh5IEZ8gotwBmf4U"},"fileId":"5dPxbQe/RFCaHG2esBvM9+"},"_contentSize":{"__type__":"cc.Size","width":130,"height":130},"_trs":{"__type__":"TypedArray","ctor":"Float64Array","array":[0,0,0,0,0,0,1,1,1,1]}},{"__type__":"cc.Node","_name":"bloacks_3","_parent":{"__id__":1},"_components":[{"__type__":"cc.Sprite","node":{"__id__":4},"_materials":[{"__uuid__":"ecpdLyjvZBwrvm+cedCcQy"}],"_spriteFrame":{"__uuid__":"1871Y1NttC+aonIRYFHmeJ"}}],"_prefab":{"__type__":"cc.PrefabInfo","root":{"__id__":1},"asset":{"__uuid__":"a5dMkAfh5IEZ8gotwBmf4U"},"fileId":"3b1b1RIhpGQb2sWct4j5V1"},"_contentSize":{"__type__":"cc.Size","width":92,"height":92},"_trs":{"__type__":"TypedArray","ctor":"Float64Array","array":[0,0,0,0,0,0,1,1,1,1]}},{"__type__":"cc.Node","_name":"New Label","_parent":{"__id__":1},"_components":[{"__id__":6}],"_prefab":{"__type__":"cc.PrefabInfo","root":{"__id__":1},"asset":{"__uuid__":"a5dMkAfh5IEZ8gotwBmf4U"},"fileId":"d0fUSsZ4RAO74yw9JK4Xdt"},"_color":{"__type__":"cc.Color"},"_contentSize":{"__type__":"cc.Size","width":66.74,"height":50.4},"_trs":{"__type__":"TypedArray","ctor":"Float64Array","array":[0,0,0,0,0,0,1,1,1,1]}},{"__type__":"cc.Label","node":{"__id__":5},"_materials":[{"__uuid__":"ecpdLyjvZBwrvm+cedCcQy"}],"_useOriginalSize":false,"_string":"9990","_N$string":"9990","_fontSize":30,"_styleFlags":1,"_N$horizontalAlign":1,"_N$verticalAlign":1}]]