[[{"__type__":"cc.Prefab","_name":"buffBigBall","data":{"__id__":1}},{"__type__":"cc.Node","_name":"buffBigBall","_components":[{"__type__":"cc.Sprite","node":{"__id__":1},"_materials":[{"__uuid__":"ecpdLyjvZBwrvm+cedCcQy"}],"_spriteFrame":{"__uuid__":"d2g9vltzlH4o5iWTMBs4Cg"}},{"__type__":"cc.RigidBody","node":{"__id__":1},"_type":0,"enabledContactListener":true},{"__type__":"cc.PhysicsCircleCollider","node":{"__id__":1},"_sensor":true,"_radius":28},{"__type__":"3bac05iQnRCHbhvPa7lWI7S","node":{"__id__":1},"isBigBuffBall":true}],"_prefab":{"__type__":"cc.PrefabInfo","root":{"__id__":1},"asset":{"__uuid__":"a5QNRlA9dNy7iL+DZJvcYX"},"fileId":"6d/cb1QodFPINGVpkj3GxY"},"_contentSize":{"__type__":"cc.Size","width":52,"height":52},"_trs":{"__type__":"TypedArray","ctor":"Float64Array","array":[0,0,0,0,0,0,1,1,1,1]}}],{"__type__":"cc.SpriteFrame","content":{"name":"24","texture":"c8DmSV7KxD9Y7FcMNyZrYr","rect":[2,2,52,52],"offset":[0,0],"originalSize":[56,56],"capInsets":[0,0,0,0]}}]