[{"__type__":"cc.SpriteFrame","content":{"name":"open","texture":"dblDJ+ruZNLpzpqinOkNMB","rect":[0,0,162,53],"offset":[0,0],"originalSize":[162,53],"capInsets":[0,0,0,0]}},{"__type__":"cc.SpriteFrame","content":{"name":"06_zt_6","texture":"d7rCuO5hRPsZNa0/tAuA8a","rect":[0,0,132,122],"offset":[0,0],"originalSize":[132,122],"capInsets":[34,33,34,32]}},{"__type__":"cc.SpriteFrame","content":{"name":"close","texture":"f6ONF0ywNAjab75qGjJo5D","rect":[0,0,162,53],"offset":[0,0],"originalSize":[162,53],"capInsets":[0,0,0,0]}},{"__type__":"cc.SpriteFrame","content":{"name":"01_zt_1","texture":"67ePXfpqlJ+LaSFu1xZrsa","rect":[0,1,121,54],"offset":[-0.5,0.5],"originalSize":[122,57],"capInsets":[0,0,0,0]}},{"__type__":"cc.SpriteFrame","content":{"name":"03_zt_3","texture":"dbTXHn9bdBEIN9rzYGWdYV","rect":[10,9,116,116],"offset":[0.5,-0.5],"originalSize":[135,133],"capInsets":[0,0,0,0]}},{"__type__":"cc.SpriteFrame","content":{"name":"12_bg_szzt","texture":"00n6zQNNdG1plzwrtg/2bZ","rect":[0,0,40,40],"offset":[0,0],"originalSize":[40,40],"capInsets":[0,0,0,0]}},{"__type__":"cc.SpriteFrame","content":{"name":"02_zt_2","texture":"4bDGPiEv5FoLoVVonN1ldZ","rect":[2,2,132,130],"offset":[0.5,-0.5],"originalSize":[135,133],"capInsets":[0,0,0,0]}},{"__type__":"cc.SpriteFrame","content":{"name":"08_zt_8","texture":"f24e2uBQ5JW7JZ22FKPtQR","rect":[14,13,50,52],"offset":[0.5,-0.5],"originalSize":[77,77],"capInsets":[0,0,0,0]}},[{"__type__":"cc.Prefab","_name":"node_setting","data":{"__id__":1}},{"__type__":"cc.Node","_name":"node_setting","_children":[{"__id__":2},{"__id__":3},{"__id__":4},{"__id__":6},{"__id__":7},{"__id__":10},{"__id__":13},{"__id__":14},{"__id__":15},{"__id__":17}],"_components":[{"__type__":"a75263SdB5P94LAduKv4F/O","node":{"__id__":1},"switchSpriteFrame":[{"__uuid__":"017PRV/3RKPqT/+weoNGDW"},{"__uuid__":"333kLnL3JDg6H7T4bUcutI"}],"musicSprite":{"__id__":9},"shakeSprite":{"__id__":12},"verLabel":{"__id__":18},"IDLabel":{"__id__":16}}],"_prefab":{"__type__":"cc.PrefabInfo","root":{"__id__":1},"asset":{"__uuid__":"bdYM7Ys5BKMLQDlbd0Z15b"},"fileId":"9c2ijbZIlECI4gAYkv8qwt"},"_trs":{"__type__":"TypedArray","ctor":"Float64Array","array":[0,0,0,0,0,0,1,1,1,1]}},{"__type__":"cc.Node","_name":"bg","_parent":{"__id__":1},"_components":[{"__type__":"cc.Sprite","node":{"__id__":2},"_materials":[{"__uuid__":"ecpdLyjvZBwrvm+cedCcQy"}],"_spriteFrame":{"__uuid__":"184WriyuxDcaBmjZu+Mu5N"},"_type":1,"_sizeMode":0}],"_prefab":{"__type__":"cc.PrefabInfo","root":{"__id__":1},"asset":{"__uuid__":"bdYM7Ys5BKMLQDlbd0Z15b"},"fileId":"37lmm0+fJGoZheltVnCfin"},"_contentSize":{"__type__":"cc.Size","width":550,"height":750},"_trs":{"__type__":"TypedArray","ctor":"Float64Array","array":[0,0,0,0,0,0,1,1,1,1]}},{"__type__":"cc.Node","_name":"01_zt_1","_parent":{"__id__":1},"_components":[{"__type__":"cc.Sprite","node":{"__id__":3},"_materials":[{"__uuid__":"ecpdLyjvZBwrvm+cedCcQy"}],"_spriteFrame":{"__uuid__":"35rAANtG9KQYSkvEYv3gQT"}}],"_prefab":{"__type__":"cc.PrefabInfo","root":{"__id__":1},"asset":{"__uuid__":"bdYM7Ys5BKMLQDlbd0Z15b"},"fileId":"c6wHSTvCxJ3ZL0qXo6eMSX"},"_contentSize":{"__type__":"cc.Size","width":121,"height":54},"_trs":{"__type__":"TypedArray","ctor":"Float64Array","array":[0,318.622,0,0,0,0,1,1,1,1]}},{"__type__":"cc.Node","_name":"heat","_parent":{"__id__":1},"_children":[{"__id__":5}],"_components":[{"__type__":"cc.Sprite","node":{"__id__":4},"_materials":[{"__uuid__":"ecpdLyjvZBwrvm+cedCcQy"}],"_spriteFrame":{"__uuid__":"64aQJYT7tBp5lXoPMWxw9t"}}],"_prefab":{"__type__":"cc.PrefabInfo","root":{"__id__":1},"asset":{"__uuid__":"bdYM7Ys5BKMLQDlbd0Z15b"},"fileId":"b91zSPWo1IjJLOFGBVug6C"},"_contentSize":{"__type__":"cc.Size","width":132,"height":130},"_trs":{"__type__":"TypedArray","ctor":"Float64Array","array":[0,176.359,0,0,0,0,1,1,1,1]}},{"__type__":"cc.Node","_name":"icon","_parent":{"__id__":4},"_components":[{"__type__":"cc.Sprite","node":{"__id__":5},"_materials":[{"__uuid__":"ecpdLyjvZBwrvm+cedCcQy"}],"_spriteFrame":{"__uuid__":"37QRCVIYZLgK2yM3F0qH1V"}}],"_prefab":{"__type__":"cc.PrefabInfo","root":{"__id__":1},"asset":{"__uuid__":"bdYM7Ys5BKMLQDlbd0Z15b"},"fileId":"7bCjMNGp9O6aX/pVWCraNa"},"_contentSize":{"__type__":"cc.Size","width":116,"height":116},"_trs":{"__type__":"TypedArray","ctor":"Float64Array","array":[0,0,0,0,0,0,1,1,1,1]}},{"__type__":"cc.Node","_name":"bg2","_parent":{"__id__":1},"_components":[{"__type__":"cc.Sprite","node":{"__id__":6},"_materials":[{"__uuid__":"ecpdLyjvZBwrvm+cedCcQy"}],"_spriteFrame":{"__uuid__":"e3OrXJHIlMcqHYHXVLq85N"},"_type":1,"_sizeMode":0}],"_prefab":{"__type__":"cc.PrefabInfo","root":{"__id__":1},"asset":{"__uuid__":"bdYM7Ys5BKMLQDlbd0Z15b"},"fileId":"79k5FmVnNIn7RPKiVmagWp"},"_contentSize":{"__type__":"cc.Size","width":450,"height":200},"_trs":{"__type__":"TypedArray","ctor":"Float64Array","array":[0,-61.448,0,0,0,0,1,1,1,1]}},{"__type__":"cc.Node","_name":"music","_parent":{"__id__":1},"_children":[{"__id__":8}],"_components":[{"__type__":"cc.Sprite","node":{"__id__":7},"_materials":[{"__uuid__":"ecpdLyjvZBwrvm+cedCcQy"}],"_spriteFrame":{"__uuid__":"df6amcntRORbt5FTfEfX3N"}}],"_prefab":{"__type__":"cc.PrefabInfo","root":{"__id__":1},"asset":{"__uuid__":"bdYM7Ys5BKMLQDlbd0Z15b"},"fileId":"b8KxF6tAlJ8ZCmUyL/gVt8"},"_contentSize":{"__type__":"cc.Size","width":55,"height":56},"_trs":{"__type__":"TypedArray","ctor":"Float64Array","array":[-108.416,-7.728,0,0,0,0,1,1,1,1]}},{"__type__":"cc.Node","_name":"switch","_parent":{"__id__":7},"_components":[{"__id__":9},{"__type__":"cc.Button","node":{"__id__":8},"_normalMaterial":{"__uuid__":"ecpdLyjvZBwrvm+cedCcQy"},"zoomScale":0.8,"clickEvents":[{"__type__":"cc.ClickEvent","target":{"__id__":1},"_componentId":"a75263SdB5P94LAduKv4F/O","handler":"switchMusicHandle"}],"_N$transition":3,"transition":3}],"_prefab":{"__type__":"cc.PrefabInfo","root":{"__id__":1},"asset":{"__uuid__":"bdYM7Ys5BKMLQDlbd0Z15b"},"fileId":"1eTHoFKI9KDJKjvElLh+Xj"},"_contentSize":{"__type__":"cc.Size","width":162,"height":53},"_trs":{"__type__":"TypedArray","ctor":"Float64Array","array":[157.138,0,0,0,0,0,1,1,1,1]}},{"__type__":"cc.Sprite","node":{"__id__":8},"_materials":[{"__uuid__":"ecpdLyjvZBwrvm+cedCcQy"}],"_spriteFrame":{"__uuid__":"017PRV/3RKPqT/+weoNGDW"}},{"__type__":"cc.Node","_name":"shake","_parent":{"__id__":1},"_children":[{"__id__":11}],"_components":[{"__type__":"cc.Sprite","node":{"__id__":10},"_materials":[{"__uuid__":"ecpdLyjvZBwrvm+cedCcQy"}],"_spriteFrame":{"__uuid__":"9bHW2/0VtHN4chdD8TX4ri"}}],"_prefab":{"__type__":"cc.PrefabInfo","root":{"__id__":1},"asset":{"__uuid__":"bdYM7Ys5BKMLQDlbd0Z15b"},"fileId":"74icpEo1tG/bAvVa3HP7XT"},"_contentSize":{"__type__":"cc.Size","width":50,"height":52},"_trs":{"__type__":"TypedArray","ctor":"Float64Array","array":[-108.416,-92.912,0,0,0,0,1,1,1,1]}},{"__type__":"cc.Node","_name":"switch","_parent":{"__id__":10},"_components":[{"__id__":12},{"__type__":"cc.Button","node":{"__id__":11},"_normalMaterial":{"__uuid__":"ecpdLyjvZBwrvm+cedCcQy"},"zoomScale":0.8,"clickEvents":[{"__type__":"cc.ClickEvent","target":{"__id__":1},"_componentId":"a75263SdB5P94LAduKv4F/O","handler":"switchShakeHandle"}],"_N$transition":3,"transition":3}],"_prefab":{"__type__":"cc.PrefabInfo","root":{"__id__":1},"asset":{"__uuid__":"bdYM7Ys5BKMLQDlbd0Z15b"},"fileId":"38dyE5LmZCDYwG9xqI+kTI"},"_contentSize":{"__type__":"cc.Size","width":162,"height":53},"_trs":{"__type__":"TypedArray","ctor":"Float64Array","array":[157.138,0,0,0,0,0,1,1,1,1]}},{"__type__":"cc.Sprite","node":{"__id__":11},"_materials":[{"__uuid__":"ecpdLyjvZBwrvm+cedCcQy"}],"_spriteFrame":{"__uuid__":"017PRV/3RKPqT/+weoNGDW"}},{"__type__":"cc.Node","_name":"close","_parent":{"__id__":1},"_components":[{"__type__":"cc.Sprite","node":{"__id__":13},"_materials":[{"__uuid__":"ecpdLyjvZBwrvm+cedCcQy"}],"_spriteFrame":{"__uuid__":"64ZQ7hq0hGm7+H+RxlDmyE"}},{"__type__":"cc.Button","node":{"__id__":13},"_normalMaterial":{"__uuid__":"ecpdLyjvZBwrvm+cedCcQy"},"zoomScale":0.8,"clickEvents":[{"__type__":"cc.ClickEvent","target":{"__id__":1},"_componentId":"a75263SdB5P94LAduKv4F/O","handler":"closePopupHandle"}],"_N$transition":3,"transition":3}],"_prefab":{"__type__":"cc.PrefabInfo","root":{"__id__":1},"asset":{"__uuid__":"bdYM7Ys5BKMLQDlbd0Z15b"},"fileId":"b0IHuQf7tPfazv6OeO5uDW"},"_contentSize":{"__type__":"cc.Size","width":40,"height":40},"_trs":{"__type__":"TypedArray","ctor":"Float64Array","array":[227.801,333.847,0,0,0,0,1,1,1,1]}},{"__type__":"cc.Node","_name":"comeBackBtn","_parent":{"__id__":1},"_components":[{"__type__":"cc.Sprite","node":{"__id__":14},"_materials":[{"__uuid__":"ecpdLyjvZBwrvm+cedCcQy"}],"_spriteFrame":{"__uuid__":"d58W320yFJnLf2J1psIdNS"},"_sizeMode":0},{"__type__":"cc.Button","node":{"__id__":14},"_normalMaterial":{"__uuid__":"ecpdLyjvZBwrvm+cedCcQy"},"zoomScale":0.8,"clickEvents":[{"__type__":"cc.ClickEvent","target":{"__id__":1},"_componentId":"a75263SdB5P94LAduKv4F/O","handler":"homeHandle"}],"_N$transition":3,"transition":3}],"_prefab":{"__type__":"cc.PrefabInfo","root":{"__id__":1},"asset":{"__uuid__":"bdYM7Ys5BKMLQDlbd0Z15b"},"fileId":"0aUJRji29AxItEt4LmnlkO"},"_contentSize":{"__type__":"cc.Size","width":299.2,"height":128.8},"_trs":{"__type__":"TypedArray","ctor":"Float64Array","array":[0,-243.623,0,0,0,0,1,1,1,1]}},{"__type__":"cc.Node","_name":"IDLabel","_parent":{"__id__":1},"_components":[{"__id__":16}],"_prefab":{"__type__":"cc.PrefabInfo","root":{"__id__":1},"asset":{"__uuid__":"bdYM7Ys5BKMLQDlbd0Z15b"},"fileId":"74+ND21l9MBYhgtQ+wv4yK"},"_color":{"__type__":"cc.Color","r":126,"g":124,"b":175},"_contentSize":{"__type__":"cc.Size","width":197.33,"height":50.4},"_trs":{"__type__":"TypedArray","ctor":"Float64Array","array":[0,85.849,0,0,0,0,1,1,1,1]}},{"__type__":"cc.Label","node":{"__id__":15},"_materials":[{"__uuid__":"ecpdLyjvZBwrvm+cedCcQy"}],"_useOriginalSize":false,"_string":"我的ID：5446123","_N$string":"我的ID：5446123","_fontSize":25,"_N$horizontalAlign":1,"_N$verticalAlign":1},{"__type__":"cc.Node","_name":"varLabel","_parent":{"__id__":1},"_components":[{"__id__":18}],"_prefab":{"__type__":"cc.PrefabInfo","root":{"__id__":1},"asset":{"__uuid__":"bdYM7Ys5BKMLQDlbd0Z15b"},"fileId":"3awFzFffpNLrE05a/FyD10"},"_color":{"__type__":"cc.Color","r":126,"g":124,"b":175},"_contentSize":{"__type__":"cc.Size","width":68.1,"height":50.4},"_trs":{"__type__":"TypedArray","ctor":"Float64Array","array":[0,-335.957,0,0,0,0,1,1,1,1]}},{"__type__":"cc.Label","node":{"__id__":17},"_materials":[{"__uuid__":"ecpdLyjvZBwrvm+cedCcQy"}],"_useOriginalSize":false,"_string":"v1.0.0","_N$string":"v1.0.0","_fontSize":25,"_N$horizontalAlign":1,"_N$verticalAlign":1}],{"__type__":"cc.SpriteFrame","content":{"name":"04_zt_4","texture":"d2GwoC0ClIaZXtAa1+qqUb","rect":[2,2,374,161],"offset":[-0.5,0.5],"originalSize":[379,166],"capInsets":[0,0,0,0]}},{"__type__":"cc.SpriteFrame","content":{"name":"07_zt_7","texture":"fdFewUA5pOVILNI5XYToHe","rect":[12,10,55,56],"offset":[0.5,1],"originalSize":[78,78],"capInsets":[0,0,0,0]}},{"__type__":"cc.SpriteFrame","content":{"name":"05_zt_5","texture":"e8T7uwstRPY6mw+BzEycAp","rect":[0,0,81,66],"offset":[0,0],"originalSize":[81,66],"capInsets":[23,20,19,19]}}]