[{"__type__":"cc.SpriteFrame","content":{"name":"font1","texture":"f2oLk3X0BKLI12Sx7Q7uw9","rect":[0,0,151,147],"offset":[0,2],"originalSize":[151,151],"capInsets":[0,0,0,0]}},{"__type__":"cc.BitmapFont","_name":"font1","spriteFrame":{"__uuid__":"210CREKGhJnqp2j8yzlWaO"},"fontSize":49,"_fntConfig":{"commonHeight":49,"fontSize":49,"atlasName":"font1.png","fontDefDictionary":{"45":{"rect":{"x":52,"y":0,"width":32,"height":49},"xOffset":0,"yOffset":0,"xAdvance":32},"46":{"rect":{"x":95,"y":102,"width":19,"height":49},"xOffset":0,"yOffset":0,"xAdvance":19},"48":{"rect":{"x":0,"y":51,"width":31,"height":49},"xOffset":0,"yOffset":0,"xAdvance":31},"49":{"rect":{"x":99,"y":51,"width":19,"height":49},"xOffset":0,"yOffset":0,"xAdvance":19},"50":{"rect":{"x":120,"y":51,"width":30,"height":49},"xOffset":0,"yOffset":0,"xAdvance":30},"51":{"rect":{"x":0,"y":102,"width":30,"height":49},"xOffset":0,"yOffset":0,"xAdvance":30},"52":{"rect":{"x":86,"y":0,"width":32,"height":49},"xOffset":0,"yOffset":0,"xAdvance":32},"53":{"rect":{"x":64,"y":102,"width":29,"height":49},"xOffset":0,"yOffset":0,"xAdvance":29},"54":{"rect":{"x":32,"y":102,"width":30,"height":49},"xOffset":0,"yOffset":0,"xAdvance":30},"55":{"rect":{"x":33,"y":51,"width":31,"height":49},"xOffset":0,"yOffset":0,"xAdvance":31},"56":{"rect":{"x":66,"y":51,"width":31,"height":49},"xOffset":0,"yOffset":0,"xAdvance":31},"57":{"rect":{"x":120,"y":0,"width":31,"height":49},"xOffset":0,"yOffset":0,"xAdvance":31},"20803":{"rect":{"x":0,"y":0,"width":50,"height":49},"xOffset":0,"yOffset":0,"xAdvance":50}},"kerningDict":{}}}]