[{"__type__":"cc.SpriteFrame","content":{"name":"bg_04","texture":"45/E10mDtN25OkdqPjyD+T","rect":[0,0,58,57],"offset":[0,0],"originalSize":[58,57],"capInsets":[20,20,18,25]}},{"__type__":"cc.SpriteFrame","content":{"name":"ime_laba","texture":"1dYcuw/ARLNaDy6kZjc/Vn","rect":[0,0,55,47],"offset":[0,0],"originalSize":[55,47],"capInsets":[0,0,0,0]}},[{"__type__":"cc.Prefab","_name":"FMarquee","data":{"__id__":1}},{"__type__":"cc.Node","_name":"FMarquee","_children":[{"__id__":2},{"__id__":3}],"_components":[{"__type__":"cc.Widget","node":{"__id__":1},"_alignFlags":40},{"__type__":"ec3dckrnbFHRZMnSmBKwlsm","node":{"__id__":1},"tAnnounceNode":[{"__id__":4},{"__id__":6}]},{"__type__":"cc.Sprite","node":{"__id__":1},"_materials":[{"__uuid__":"ecpdLyjvZBwrvm+cedCcQy"}],"_spriteFrame":{"__uuid__":"7eQf//YrRN26DOR0FkXYx0"},"_type":1,"_sizeMode":0}],"_prefab":{"__type__":"cc.PrefabInfo","root":{"__id__":1},"asset":{"__uuid__":"ffmab6A4VNxZJoiufcSN5h"},"fileId":"1117VsA9ZJnr7iHfPKm4Wf"},"_contentSize":{"__type__":"cc.Size","width":720,"height":57},"_trs":{"__type__":"TypedArray","ctor":"Float64Array","array":[360,0,0,0,0,0,1,1,1,1]}},{"__type__":"cc.Node","_name":"ime_laba","_parent":{"__id__":1},"_components":[{"__type__":"cc.Sprite","node":{"__id__":2},"_materials":[{"__uuid__":"ecpdLyjvZBwrvm+cedCcQy"}],"_spriteFrame":{"__uuid__":"f1KAwa0T9FZJ453XaL6UTL"}}],"_prefab":{"__type__":"cc.PrefabInfo","root":{"__id__":1},"asset":{"__uuid__":"ffmab6A4VNxZJoiufcSN5h"},"fileId":"3ffBJ8/gBBX7i5M0rG2Bfp"},"_contentSize":{"__type__":"cc.Size","width":55,"height":47},"_trs":{"__type__":"TypedArray","ctor":"Float64Array","array":[-317,0,0,0,0,0,1,1,1,1]}},{"__type__":"cc.Node","_name":"AnnounceMask","_parent":{"__id__":1},"_children":[{"__id__":4},{"__id__":6}],"_components":[{"__type__":"cc.Mask","node":{"__id__":3},"_materials":[{"__uuid__":"ecpdLyjvZBwrvm+cedCcQy"}]}],"_prefab":{"__type__":"cc.PrefabInfo","root":{"__id__":1},"asset":{"__uuid__":"ffmab6A4VNxZJoiufcSN5h"},"fileId":"12MsjwdhFM8r832BePkJmX"},"_contentSize":{"__type__":"cc.Size","width":710,"height":57},"_trs":{"__type__":"TypedArray","ctor":"Float64Array","array":[0,0,0,0,0,0,1,1,1,1]}},{"__type__":"cc.Node","_name":"AnnounceNode1","_parent":{"__id__":3},"_children":[{"__id__":5}],"_prefab":{"__type__":"cc.PrefabInfo","root":{"__id__":1},"asset":{"__uuid__":"ffmab6A4VNxZJoiufcSN5h"},"fileId":"0bOEcCrlRGPZ+NFksMIjD4"},"_trs":{"__type__":"TypedArray","ctor":"Float64Array","array":[-284,0,0,0,0,0,1,1,1,1]}},{"__type__":"cc.Node","_name":"label","_parent":{"__id__":4},"_components":[{"__type__":"cc.Label","node":{"__id__":5},"_materials":[{"__uuid__":"ecpdLyjvZBwrvm+cedCcQy"}],"_useOriginalSize":false,"_string":"CASH OUT","_N$string":"CASH OUT","_fontSize":25,"_isSystemFontUsed":false,"_N$horizontalAlign":1,"_N$verticalAlign":1}],"_prefab":{"__type__":"cc.PrefabInfo","root":{"__id__":1},"asset":{"__uuid__":"ffmab6A4VNxZJoiufcSN5h"},"fileId":"d89orUzbhJ7JcYu1V5iHXn"},"_color":{"__type__":"cc.Color"},"_contentSize":{"__type__":"cc.Size","width":129.17,"height":50.4},"_anchorPoint":{"__type__":"cc.Vec2","y":0.5},"_trs":{"__type__":"TypedArray","ctor":"Float64Array","array":[20,0,0,0,0,0,1,1,1,1]}},{"__type__":"cc.Node","_name":"AnnounceNode2","_parent":{"__id__":3},"_children":[{"__id__":7}],"_prefab":{"__type__":"cc.PrefabInfo","root":{"__id__":1},"asset":{"__uuid__":"ffmab6A4VNxZJoiufcSN5h"},"fileId":"23u90xgVZAoYuGre3PlLwC"},"_trs":{"__type__":"TypedArray","ctor":"Float64Array","array":[-284,-57,0,0,0,0,1,1,1,1]}},{"__type__":"cc.Node","_name":"label","_parent":{"__id__":6},"_components":[{"__type__":"cc.Label","node":{"__id__":7},"_materials":[{"__uuid__":"ecpdLyjvZBwrvm+cedCcQy"}],"_useOriginalSize":false,"_string":"CASH OUT","_N$string":"CASH OUT","_fontSize":25,"_isSystemFontUsed":false,"_N$horizontalAlign":1,"_N$verticalAlign":1}],"_prefab":{"__type__":"cc.PrefabInfo","root":{"__id__":1},"asset":{"__uuid__":"ffmab6A4VNxZJoiufcSN5h"},"fileId":"69Rsf0azVE4JZCdVzCzL9P"},"_color":{"__type__":"cc.Color"},"_contentSize":{"__type__":"cc.Size","width":129.17,"height":50.4},"_anchorPoint":{"__type__":"cc.Vec2","y":0.5},"_trs":{"__type__":"TypedArray","ctor":"Float64Array","array":[20,0,0,0,0,0,1,1,1,1]}}]]