[{"__type__":"cc.SpriteFrame","content":{"name":"01_bnt_1","texture":"7d/b4F/FpO96iZhxyTAj4+","rect":[2,2,481,193],"offset":[-0.5,0.5],"originalSize":[486,198],"capInsets":[0,0,0,0]}},{"__type__":"cc.SpriteFrame","content":{"name":"wall_5","texture":"baY29Gn0FDFbjz39ZToy48","rect":[0,0,309,789],"offset":[0,0],"originalSize":[309,789],"capInsets":[0,0,0,0]}},{"__type__":"cc.SpriteFrame","content":{"name":"wall_4","texture":"c5RJKB99lEHqvuPDQ5KnhH","rect":[0,0,720,73],"offset":[0,0],"originalSize":[720,73],"capInsets":[0,0,0,0]}},{"__type__":"cc.SpriteFrame","content":{"name":"21_hb_bg","texture":"594Pge7bBKkarV/c1gl/Mi","rect":[0,0,720,1280],"offset":[0,0],"originalSize":[720,1280],"capInsets":[0,0,0,0]}},{"__type__":"cc.SpriteFrame","content":{"name":"14_hb_hd","texture":"ab6mm21kJCFZD0sYqajM/y","rect":[0,0,86,67],"offset":[0,1],"originalSize":[86,69],"capInsets":[0,0,0,0]}},{"__type__":"cc.SpriteFrame","content":{"name":"12_hb_hd","texture":"357ZAfs4ZHq6SZzCwSXHam","rect":[0,0,51,38],"offset":[0,0],"originalSize":[51,38],"capInsets":[0,0,0,0]}},{"__type__":"cc.SpriteFrame","content":{"name":"02_bnt_2","texture":"ac13Diw5JCabBJCIK2n4Kn","rect":[3,3,61,61],"offset":[0.5,-0.5],"originalSize":[66,66],"capInsets":[0,0,0,0]}},{"__type__":"cc.SpriteFrame","content":{"name":"2","texture":"2adxSlf3NDv55VwcSIqqlW","rect":[0,0,472,18],"offset":[0,0],"originalSize":[472,18],"capInsets":[0,0,0,0]}},{"__type__":"cc.SpriteFrame","content":{"name":"16_hb_hd","texture":"b01ROVZF9PuIZzpWXZjSzd","rect":[0,0,41,41],"offset":[0,0],"originalSize":[41,41],"capInsets":[0,0,0,0]}},{"__type__":"cc.SpriteFrame","content":{"name":"20_hb_hd","texture":"76gItWZdxE0pq3EnRzRURO","rect":[0,0,89,89],"offset":[0,0],"originalSize":[89,89],"capInsets":[0,0,0,0]}},[{"__type__":"cc.SceneAsset","_name":"game","scene":{"__id__":1},"asyncLoadAssets":null},{"__type__":"cc.Scene","_name":"New Node","_children":[{"__id__":2}],"_active":false,"_anchorPoint":{"__type__":"cc.Vec2"},"_trs":{"__type__":"TypedArray","ctor":"Float64Array","array":[0,0,0,0,0,0,1,1,1,1]},"autoReleaseAssets":false},{"__type__":"cc.Node","_name":"Canvas","_objFlags":512,"_parent":{"__id__":1},"_children":[{"__id__":3},{"__id__":4},{"__id__":5},{"__id__":64},{"__id__":16},{"__id__":40},{"__id__":76},{"__id__":56},{"__id__":78}],"_components":[{"__type__":"cc.Canvas","node":{"__id__":2},"_designResolution":{"__type__":"cc.Size","width":720,"height":1280},"_fitWidth":true,"_fitHeight":false},{"__type__":"cc.Widget","node":{"__id__":2},"_alignFlags":45}],"_contentSize":{"__type__":"cc.Size","width":720,"height":1280},"_trs":{"__type__":"TypedArray","ctor":"Float64Array","array":[360,640,0,0,0,0,1,1,1,1]},"_id":"89LX8YB5lKVLXi1k+x9VuX"},{"__type__":"cc.Node","_name":"Main Camera","_objFlags":512,"_parent":{"__id__":2},"_components":[{"__type__":"cc.Camera","node":{"__id__":3},"_clearFlags":7,"_depth":-1}],"_trs":{"__type__":"TypedArray","ctor":"Float64Array","array":[0,0,395.7736095294885,0,0,0,1,1,1,1]}},{"__type__":"cc.Node","_name":"backGround","_objFlags":512,"_parent":{"__id__":2},"_components":[{"__type__":"cc.Sprite","node":{"__id__":4},"_materials":[{"__uuid__":"ecpdLyjvZBwrvm+cedCcQy"}],"_spriteFrame":{"__uuid__":"2cV7SOKYVMKq8bN0DkUMuC"}}],"_contentSize":{"__type__":"cc.Size","width":720,"height":1280},"_trs":{"__type__":"TypedArray","ctor":"Float64Array","array":[0,0,0,0,0,0,1,1,1,1]}},{"__type__":"cc.Node","_name":"loading","_objFlags":512,"_parent":{"__id__":2},"_children":[{"__id__":6},{"__id__":7},{"__id__":8},{"__id__":12},{"__id__":14}],"_components":[{"__type__":"9d770FyhYFP7ZBFwGHM4YXH","node":{"__id__":5},"game":{"__id__":16},"main":{"__id__":64},"ui":{"__id__":40},"logoNode":{"__id__":7},"loadingLabel":{"__id__":13},"progressBar":{"__id__":11},"verLabel":{"__id__":15},"icon":{"__uuid__":"66QzsDILJEXa1IVR9wbv+x"}}],"_trs":{"__type__":"TypedArray","ctor":"Float64Array","array":[0,0,0,0,0,0,1,1,1,1]}},{"__type__":"cc.Node","_name":"background","_parent":{"__id__":5},"_components":[{"__type__":"cc.Sprite","node":{"__id__":6},"_materials":[{"__uuid__":"ecpdLyjvZBwrvm+cedCcQy"}],"_spriteFrame":{"__uuid__":"a2MjXRFdtLlYQ5ouAFv/+R"},"_sizeMode":0},{"__type__":"cc.Widget","node":{"__id__":6},"_alignFlags":45,"_originalWidth":100,"_originalHeight":100}],"_color":{"__type__":"cc.Color"},"_trs":{"__type__":"TypedArray","ctor":"Float64Array","array":[0,0,0,0,0,0,1,1,1,1]}},{"__type__":"cc.Node","_name":"logo","_parent":{"__id__":5},"_components":[{"__type__":"cc.Sprite","node":{"__id__":7},"_materials":[{"__uuid__":"ecpdLyjvZBwrvm+cedCcQy"}],"_spriteFrame":{"__uuid__":"eaU8SHj2FCtJaAOvcmtIZ+"}}],"_contentSize":{"__type__":"cc.Size","width":499,"height":349},"_trs":{"__type__":"TypedArray","ctor":"Float64Array","array":[0,260.091,0,0,0,0,1,1,1,1]}},{"__type__":"cc.Node","_name":"progressBar","_parent":{"__id__":5},"_children":[{"__id__":9}],"_components":[{"__type__":"cc.Sprite","node":{"__id__":8},"_materials":[{"__uuid__":"ecpdLyjvZBwrvm+cedCcQy"}],"_spriteFrame":{"__uuid__":"63HWt5Kr9KfKSXNYRpIbT1"},"_type":1},{"__id__":11}],"_contentSize":{"__type__":"cc.Size","width":472,"height":18},"_trs":{"__type__":"TypedArray","ctor":"Float64Array","array":[0,-431.884,0,0,0,0,1,1,1,1]}},{"__type__":"cc.Node","_name":"bar","_parent":{"__id__":8},"_components":[{"__id__":10},{"__type__":"cc.Widget","node":{"__id__":9},"_alignFlags":40,"_left":-0.5999999999999943,"_right":472.6,"_originalWidth":100}],"_contentSize":{"__type__":"cc.Size","width":-2.842170943040401e-14,"height":18},"_anchorPoint":{"__type__":"cc.Vec2","y":0.5},"_trs":{"__type__":"TypedArray","ctor":"Float64Array","array":[-236.6,0,0,0,0,0,1,1,1,1]}},{"__type__":"cc.Sprite","node":{"__id__":9},"_materials":[{"__uuid__":"ecpdLyjvZBwrvm+cedCcQy"}],"_spriteFrame":{"__uuid__":"bfwNPKY7NK2oCq3KCODL/c"},"_type":2,"_sizeMode":0},{"__type__":"cc.ProgressBar","node":{"__id__":8},"_N$totalLength":472,"_N$barSprite":{"__id__":10},"_N$progress":0},{"__type__":"cc.Node","_name":"loadingLabel","_parent":{"__id__":5},"_components":[{"__id__":13}],"_contentSize":{"__type__":"cc.Size","width":145.58,"height":50.4},"_trs":{"__type__":"TypedArray","ctor":"Float64Array","array":[0,-380.884,0,0,0,0,1,1,1,1]}},{"__type__":"cc.Label","node":{"__id__":12},"_materials":[{"__uuid__":"ecpdLyjvZBwrvm+cedCcQy"}],"_useOriginalSize":false,"_string":"加载中...（0%）","_N$string":"加载中...（0%）","_fontSize":20,"_N$horizontalAlign":1,"_N$verticalAlign":1},{"__type__":"cc.Node","_name":"verLabel","_parent":{"__id__":5},"_components":[{"__id__":15}],"_contentSize":{"__type__":"cc.Size","width":54.48,"height":50.4},"_trs":{"__type__":"TypedArray","ctor":"Float64Array","array":[0,-595.796,0,0,0,0,1,1,1,1]}},{"__type__":"cc.Label","node":{"__id__":14},"_materials":[{"__uuid__":"ecpdLyjvZBwrvm+cedCcQy"}],"_useOriginalSize":false,"_string":"v1.0.0","_N$string":"v1.0.0","_fontSize":20,"_N$horizontalAlign":1,"_N$verticalAlign":1},{"__type__":"cc.Node","_name":"game","_objFlags":512,"_parent":{"__id__":2},"_children":[{"__id__":17},{"__id__":23},{"__id__":24},{"__id__":25},{"__id__":26},{"__id__":28},{"__id__":33},{"__id__":37},{"__id__":57},{"__id__":60},{"__id__":62}],"_active":false,"_components":[{"__type__":"b3d82RSe+pEz6WsoUjpl4eK","node":{"__id__":16},"prefabBarriers":[{"__uuid__":"4102b5jhhOxYnIjMko6ggP"},{"__uuid__":"a5dMkAfh5IEZ8gotwBmf4U"},{"__uuid__":"f0eOAdaD9GeKgNyLfkRS7/"},{"__uuid__":"36ffV/+zZA34qo6UZ21VpK"}],"prefabFunBarriers":[{"__uuid__":"4bV4wbr0VHP6ApxuboK8pl"},{"__uuid__":"a5QNRlA9dNy7iL+DZJvcYX"}],"prefabRedAndCost":[{"__uuid__":"46/hYAKjtHIKEtLuJlFvH+"},{"__uuid__":"d6Fz40+ndM1qH9UybWKB/n"}],"prefabBall":{"__uuid__":"00Ke9NplBJ3IZ4XlQ7Vk2B"},"lbScoreCount":{"__id__":61},"lsScoreCount":{"__id__":63},"ballCount":{"__id__":27},"guide":{"__id__":28},"takeAim":{"__id__":33},"ballParent":{"__id__":24},"barrierParent":{"__id__":25}}],"_trs":{"__type__":"TypedArray","ctor":"Float64Array","array":[0,0,0,0,0,0,1,1,1,1]}},{"__type__":"cc.Node","_name":"wall","_parent":{"__id__":16},"_children":[{"__id__":18},{"__id__":19},{"__id__":20},{"__id__":21},{"__id__":22}],"_contentSize":{"__type__":"cc.Size","width":748,"height":959},"_trs":{"__type__":"TypedArray","ctor":"Float64Array","array":[0,20,0,0,0,0,1,1,1,1]}},{"__type__":"cc.Node","_name":"wall_1","_parent":{"__id__":17},"_components":[{"__type__":"cc.Sprite","node":{"__id__":18},"_materials":[{"__uuid__":"ecpdLyjvZBwrvm+cedCcQy"}],"_spriteFrame":{"__uuid__":"d7H0R4/MRNwJrhZ/fLLcat"}},{"__type__":"cc.RigidBody","node":{"__id__":18},"_type":0,"_allowSleep":false},{"__type__":"cc.PhysicsPolygonCollider","node":{"__id__":18},"_friction":0,"_restitution":0.7,"points":[{"__type__":"cc.Vec2","x":-143,"y":394.5},{"__type__":"cc.Vec2","x":-150,"y":387.5},{"__type__":"cc.Vec2","x":-150,"y":-394.5},{"__type__":"cc.Vec2","x":-141,"y":-394.5},{"__type__":"cc.Vec2","x":-141,"y":382.5},{"__type__":"cc.Vec2","x":-138,"y":385.5},{"__type__":"cc.Vec2","x":150,"y":385.5},{"__type__":"cc.Vec2","x":150,"y":394.5}]}],"_contentSize":{"__type__":"cc.Size","width":300,"height":789},"_trs":{"__type__":"TypedArray","ctor":"Float64Array","array":[-188,-36.292,0,0,0,0,1,1,1,1]}},{"__type__":"cc.Node","_name":"wall_4","_parent":{"__id__":17},"_components":[{"__type__":"cc.Sprite","node":{"__id__":19},"_materials":[{"__uuid__":"ecpdLyjvZBwrvm+cedCcQy"}],"_spriteFrame":{"__uuid__":"23TIc/WDFEZ7qvQzQfGf2H"}},{"__type__":"cc.RigidBody","node":{"__id__":19},"_type":0,"_allowSleep":false},{"__type__":"cc.PolygonCollider","node":{"__id__":19},"points":[{"__type__":"cc.Vec2","x":-64,"y":36.5},{"__type__":"cc.Vec2","x":-105,"y":33.5},{"__type__":"cc.Vec2","x":-110,"y":31.5},{"__type__":"cc.Vec2","x":-154,"y":27.5},{"__type__":"cc.Vec2","x":-157,"y":25.5},{"__type__":"cc.Vec2","x":-198,"y":20.5},{"__type__":"cc.Vec2","x":-201,"y":18.5},{"__type__":"cc.Vec2","x":-209,"y":18.5},{"__type__":"cc.Vec2","x":-221,"y":14.5},{"__type__":"cc.Vec2","x":-236,"y":12.5},{"__type__":"cc.Vec2","x":-247,"y":8.5},{"__type__":"cc.Vec2","x":-268,"y":4.5},{"__type__":"cc.Vec2","x":-273,"y":1.5},{"__type__":"cc.Vec2","x":-284,"y":0.5},{"__type__":"cc.Vec2","x":-353,"y":-22.5},{"__type__":"cc.Vec2","x":-357,"y":-25.5},{"__type__":"cc.Vec2","x":-360,"y":-25.5},{"__type__":"cc.Vec2","x":-360,"y":-36.5},{"__type__":"cc.Vec2","x":-344,"y":-30.5},{"__type__":"cc.Vec2","x":-333,"y":-28.5},{"__type__":"cc.Vec2","x":-328,"y":-25.5},{"__type__":"cc.Vec2","x":-307,"y":-21.5},{"__type__":"cc.Vec2","x":-306,"y":-19.5},{"__type__":"cc.Vec2","x":-294,"y":-18.5},{"__type__":"cc.Vec2","x":-280,"y":-13.5},{"__type__":"cc.Vec2","x":-265,"y":-11.5},{"__type__":"cc.Vec2","x":-263,"y":-9.5},{"__type__":"cc.Vec2","x":-236,"y":-5.5},{"__type__":"cc.Vec2","x":-234,"y":-3.5},{"__type__":"cc.Vec2","x":-232,"y":-4.5},{"__type__":"cc.Vec2","x":-229,"y":-2.5},{"__type__":"cc.Vec2","x":-217,"y":-0.5},{"__type__":"cc.Vec2","x":-208,"y":-0.5},{"__type__":"cc.Vec2","x":-203,"y":1.5},{"__type__":"cc.Vec2","x":-174,"y":4.5},{"__type__":"cc.Vec2","x":-163,"y":7.5},{"__type__":"cc.Vec2","x":-154,"y":7.5},{"__type__":"cc.Vec2","x":-146,"y":9.5},{"__type__":"cc.Vec2","x":-112,"y":11.5},{"__type__":"cc.Vec2","x":-108,"y":13.5},{"__type__":"cc.Vec2","x":-18,"y":17.5},{"__type__":"cc.Vec2","x":86,"y":15.5},{"__type__":"cc.Vec2","x":171,"y":7.5},{"__type__":"cc.Vec2","x":175,"y":5.5},{"__type__":"cc.Vec2","x":231,"y":-1.5},{"__type__":"cc.Vec2","x":241,"y":-3.5},{"__type__":"cc.Vec2","x":244,"y":-5.5},{"__type__":"cc.Vec2","x":271,"y":-9.5},{"__type__":"cc.Vec2","x":273,"y":-11.5},{"__type__":"cc.Vec2","x":288,"y":-13.5},{"__type__":"cc.Vec2","x":302,"y":-18.5},{"__type__":"cc.Vec2","x":314,"y":-19.5},{"__type__":"cc.Vec2","x":315,"y":-21.5},{"__type__":"cc.Vec2","x":336,"y":-25.5},{"__type__":"cc.Vec2","x":341,"y":-28.5},{"__type__":"cc.Vec2","x":345,"y":-28.5},{"__type__":"cc.Vec2","x":360,"y":-33.5},{"__type__":"cc.Vec2","x":360,"y":-22.5},{"__type__":"cc.Vec2","x":333,"y":-14.5},{"__type__":"cc.Vec2","x":332,"y":-12.5},{"__type__":"cc.Vec2","x":318,"y":-9.5},{"__type__":"cc.Vec2","x":312,"y":-7.5},{"__type__":"cc.Vec2","x":311,"y":-5.5},{"__type__":"cc.Vec2","x":296,"y":-2.5},{"__type__":"cc.Vec2","x":291,"y":0.5},{"__type__":"cc.Vec2","x":280,"y":1.5},{"__type__":"cc.Vec2","x":275,"y":4.5},{"__type__":"cc.Vec2","x":266,"y":5.5},{"__type__":"cc.Vec2","x":243,"y":12.5},{"__type__":"cc.Vec2","x":228,"y":14.5},{"__type__":"cc.Vec2","x":221,"y":17.5},{"__type__":"cc.Vec2","x":208,"y":18.5},{"__type__":"cc.Vec2","x":205,"y":20.5},{"__type__":"cc.Vec2","x":164,"y":25.5},{"__type__":"cc.Vec2","x":161,"y":27.5},{"__type__":"cc.Vec2","x":87,"y":35.5}]}],"_contentSize":{"__type__":"cc.Size","width":720,"height":73},"_trs":{"__type__":"TypedArray","ctor":"Float64Array","array":[0,-441.542,0,0,0,0,1,1,1,1]}},{"__type__":"cc.Node","_name":"wall_3","_parent":{"__id__":17},"_components":[{"__type__":"cc.Sprite","node":{"__id__":20},"_materials":[{"__uuid__":"ecpdLyjvZBwrvm+cedCcQy"}],"_spriteFrame":{"__uuid__":"98FC+P7YND3Ib7glhFGmnT"}},{"__type__":"cc.RigidBody","node":{"__id__":20},"_type":0},{"__type__":"cc.PhysicsPolygonCollider","node":{"__id__":20},"_friction":1,"points":[{"__type__":"cc.Vec2","x":-168,"y":60},{"__type__":"cc.Vec2","x":-170,"y":58},{"__type__":"cc.Vec2","x":-170,"y":52},{"__type__":"cc.Vec2","x":-168,"y":50},{"__type__":"cc.Vec2","x":-161,"y":48},{"__type__":"cc.Vec2","x":-146,"y":46},{"__type__":"cc.Vec2","x":-128,"y":41},{"__type__":"cc.Vec2","x":-113,"y":39},{"__type__":"cc.Vec2","x":-109,"y":37},{"__type__":"cc.Vec2","x":-61,"y":28},{"__type__":"cc.Vec2","x":-57,"y":26},{"__type__":"cc.Vec2","x":-42,"y":24},{"__type__":"cc.Vec2","x":-38,"y":22},{"__type__":"cc.Vec2","x":-23,"y":20},{"__type__":"cc.Vec2","x":-19,"y":18},{"__type__":"cc.Vec2","x":29,"y":9},{"__type__":"cc.Vec2","x":33,"y":7},{"__type__":"cc.Vec2","x":48,"y":5},{"__type__":"cc.Vec2","x":52,"y":3},{"__type__":"cc.Vec2","x":152,"y":-17},{"__type__":"cc.Vec2","x":154,"y":-19},{"__type__":"cc.Vec2","x":157,"y":-19},{"__type__":"cc.Vec2","x":160,"y":-24},{"__type__":"cc.Vec2","x":160,"y":-60},{"__type__":"cc.Vec2","x":205.8,"y":-30.3},{"__type__":"cc.Vec2","x":193.3,"y":-11.7},{"__type__":"cc.Vec2","x":166,"y":-12},{"__type__":"cc.Vec2","x":157,"y":-7},{"__type__":"cc.Vec2","x":72,"y":10},{"__type__":"cc.Vec2","x":68,"y":12},{"__type__":"cc.Vec2","x":53,"y":14},{"__type__":"cc.Vec2","x":49,"y":16},{"__type__":"cc.Vec2","x":34,"y":18},{"__type__":"cc.Vec2","x":16,"y":23},{"__type__":"cc.Vec2","x":1,"y":25},{"__type__":"cc.Vec2","x":-3,"y":27},{"__type__":"cc.Vec2","x":-18,"y":29},{"__type__":"cc.Vec2","x":-22,"y":31},{"__type__":"cc.Vec2","x":-37,"y":33},{"__type__":"cc.Vec2","x":-55,"y":38},{"__type__":"cc.Vec2","x":-70,"y":40},{"__type__":"cc.Vec2","x":-74,"y":42},{"__type__":"cc.Vec2","x":-89,"y":44},{"__type__":"cc.Vec2","x":-93,"y":46},{"__type__":"cc.Vec2","x":-108,"y":48},{"__type__":"cc.Vec2","x":-112,"y":50},{"__type__":"cc.Vec2","x":-127,"y":52},{"__type__":"cc.Vec2","x":-145,"y":57},{"__type__":"cc.Vec2","x":-160,"y":60}]}],"_contentSize":{"__type__":"cc.Size","width":340,"height":120},"_trs":{"__type__":"TypedArray","ctor":"Float64Array","array":[-208.023,418.062,0,0,0,0,1,1,1,1]}},{"__type__":"cc.Node","_name":"wall_2","_parent":{"__id__":17},"_components":[{"__type__":"cc.Sprite","node":{"__id__":21},"_materials":[{"__uuid__":"ecpdLyjvZBwrvm+cedCcQy"}],"_spriteFrame":{"__uuid__":"cdm+EdV9hETrUipx+YvWe1"}},{"__type__":"cc.RigidBody","node":{"__id__":21},"_type":0},{"__type__":"cc.PhysicsPolygonCollider","node":{"__id__":21},"_friction":1,"points":[{"__type__":"cc.Vec2","x":160,"y":59.5},{"__type__":"cc.Vec2","x":141,"y":54.5},{"__type__":"cc.Vec2","x":131,"y":53.5},{"__type__":"cc.Vec2","x":127,"y":51.5},{"__type__":"cc.Vec2","x":112,"y":49.5},{"__type__":"cc.Vec2","x":108,"y":47.5},{"__type__":"cc.Vec2","x":93,"y":45.5},{"__type__":"cc.Vec2","x":89,"y":43.5},{"__type__":"cc.Vec2","x":74,"y":41.5},{"__type__":"cc.Vec2","x":70,"y":39.5},{"__type__":"cc.Vec2","x":55,"y":37.5},{"__type__":"cc.Vec2","x":51,"y":35.5},{"__type__":"cc.Vec2","x":41,"y":34.5},{"__type__":"cc.Vec2","x":37,"y":32.5},{"__type__":"cc.Vec2","x":22,"y":30.5},{"__type__":"cc.Vec2","x":18,"y":28.5},{"__type__":"cc.Vec2","x":3,"y":26.5},{"__type__":"cc.Vec2","x":-1,"y":24.5},{"__type__":"cc.Vec2","x":-16,"y":22.5},{"__type__":"cc.Vec2","x":-20,"y":20.5},{"__type__":"cc.Vec2","x":-30,"y":19.5},{"__type__":"cc.Vec2","x":-34,"y":17.5},{"__type__":"cc.Vec2","x":-101,"y":4.5},{"__type__":"cc.Vec2","x":-105,"y":2.5},{"__type__":"cc.Vec2","x":-153,"y":-6.5},{"__type__":"cc.Vec2","x":-163,"y":-10.5},{"__type__":"cc.Vec2","x":-184.4,"y":-13.1},{"__type__":"cc.Vec2","x":-191.8,"y":-23.1},{"__type__":"cc.Vec2","x":-198.7,"y":-60.5},{"__type__":"cc.Vec2","x":-160,"y":-59.5},{"__type__":"cc.Vec2","x":-160,"y":-24.5},{"__type__":"cc.Vec2","x":-157,"y":-19.5},{"__type__":"cc.Vec2","x":-154,"y":-19.5},{"__type__":"cc.Vec2","x":-152,"y":-17.5},{"__type__":"cc.Vec2","x":-104,"y":-8.5},{"__type__":"cc.Vec2","x":-100,"y":-6.5},{"__type__":"cc.Vec2","x":-52,"y":2.5},{"__type__":"cc.Vec2","x":-48,"y":4.5},{"__type__":"cc.Vec2","x":-33,"y":6.5},{"__type__":"cc.Vec2","x":-29,"y":8.5},{"__type__":"cc.Vec2","x":19,"y":17.5},{"__type__":"cc.Vec2","x":23,"y":19.5},{"__type__":"cc.Vec2","x":38,"y":21.5},{"__type__":"cc.Vec2","x":42,"y":23.5},{"__type__":"cc.Vec2","x":57,"y":25.5},{"__type__":"cc.Vec2","x":61,"y":27.5},{"__type__":"cc.Vec2","x":109,"y":36.5},{"__type__":"cc.Vec2","x":113,"y":38.5},{"__type__":"cc.Vec2","x":128,"y":40.5},{"__type__":"cc.Vec2","x":146,"y":45.5},{"__type__":"cc.Vec2","x":161,"y":47.5},{"__type__":"cc.Vec2","x":168,"y":49.5},{"__type__":"cc.Vec2","x":170,"y":51.5},{"__type__":"cc.Vec2","x":170,"y":57.5},{"__type__":"cc.Vec2","x":168,"y":59.5}]}],"_contentSize":{"__type__":"cc.Size","width":340,"height":119},"_trs":{"__type__":"TypedArray","ctor":"Float64Array","array":[199.324,417.622,0,0,0,0,1,1,1,1]}},{"__type__":"cc.Node","_name":"wall_5","_parent":{"__id__":17},"_components":[{"__type__":"cc.Sprite","node":{"__id__":22},"_materials":[{"__uuid__":"ecpdLyjvZBwrvm+cedCcQy"}],"_spriteFrame":{"__uuid__":"033Kx+81BEsqRAVG2gVQLB"}},{"__type__":"cc.RigidBody","node":{"__id__":22},"_type":0},{"__type__":"cc.PhysicsPolygonCollider","node":{"__id__":22},"_friction":0,"_restitution":0.7,"points":[{"__type__":"cc.Vec2","x":-154.5,"y":394.5},{"__type__":"cc.Vec2","x":-154.5,"y":385.5},{"__type__":"cc.Vec2","x":142.5,"y":385.5},{"__type__":"cc.Vec2","x":145.5,"y":382.5},{"__type__":"cc.Vec2","x":145.5,"y":-394.5},{"__type__":"cc.Vec2","x":154.5,"y":-394.5},{"__type__":"cc.Vec2","x":154.5,"y":387.5},{"__type__":"cc.Vec2","x":147.5,"y":394.5}]}],"_contentSize":{"__type__":"cc.Size","width":309,"height":789},"_trs":{"__type__":"TypedArray","ctor":"Float64Array","array":[183.521,-36.292,0,0,0,0,1,1,1,1]}},{"__type__":"cc.Node","_name":"ground","_parent":{"__id__":16},"_components":[{"__type__":"cc.RigidBody","node":{"__id__":23},"_type":0},{"__type__":"cc.PhysicsChainCollider","node":{"__id__":23},"_restitution":0.5,"loop":true,"points":[{"__type__":"cc.Vec2","x":-360.4,"y":-73.3},{"__type__":"cc.Vec2","x":-359.7,"y":116.5},{"__type__":"cc.Vec2","x":-356,"y":116.6},{"__type__":"cc.Vec2","x":-355.1,"y":75},{"__type__":"cc.Vec2","x":-324.9,"y":85.7},{"__type__":"cc.Vec2","x":-293.7,"y":95.8},{"__type__":"cc.Vec2","x":-259.7,"y":106.2},{"__type__":"cc.Vec2","x":-213.3,"y":116.9},{"__type__":"cc.Vec2","x":-158.1,"y":126.4},{"__type__":"cc.Vec2","x":-100.6,"y":133.7},{"__type__":"cc.Vec2","x":-42.9,"y":137.8},{"__type__":"cc.Vec2","x":11.2,"y":139},{"__type__":"cc.Vec2","x":64.3,"y":139},{"__type__":"cc.Vec2","x":94.8,"y":136.3},{"__type__":"cc.Vec2","x":125.7,"y":132.8},{"__type__":"cc.Vec2","x":156.6,"y":129.2},{"__type__":"cc.Vec2","x":197,"y":122.4},{"__type__":"cc.Vec2","x":239.7,"y":114.3},{"__type__":"cc.Vec2","x":280.2,"y":104.6},{"__type__":"cc.Vec2","x":313.8,"y":95.2},{"__type__":"cc.Vec2","x":353.7,"y":82},{"__type__":"cc.Vec2","x":354.1,"y":122.3},{"__type__":"cc.Vec2","x":360.1,"y":122.7},{"__type__":"cc.Vec2","x":359.5,"y":79.4},{"__type__":"cc.Vec2","x":360.1,"y":-71.4}]}],"_contentSize":{"__type__":"cc.Size","width":750,"height":145},"_trs":{"__type__":"TypedArray","ctor":"Float64Array","array":[0,-525.318,0,0,0,0,1,1,1,1]}},{"__type__":"cc.Node","_name":"ballParent","_parent":{"__id__":16},"_trs":{"__type__":"TypedArray","ctor":"Float64Array","array":[0,0,0,0,0,0,1,1,1,1]}},{"__type__":"cc.Node","_name":"barrierParent","_parent":{"__id__":16},"_trs":{"__type__":"TypedArray","ctor":"Float64Array","array":[0,0,0,0,0,0,1,1,1,1]}},{"__type__":"cc.Node","_name":"ball-count","_parent":{"__id__":16},"_components":[{"__id__":27}],"_color":{"__type__":"cc.Color","r":254,"g":214,"b":63},"_contentSize":{"__type__":"cc.Size","width":136.68,"height":37.8},"_trs":{"__type__":"TypedArray","ctor":"Float64Array","array":[7.904,484.224,0,0,0,0,1,1,1,1]}},{"__type__":"cc.Label","node":{"__id__":26},"_materials":[{"__uuid__":"ecpdLyjvZBwrvm+cedCcQy"}],"_useOriginalSize":false,"_string":"小球数：1","_N$string":"小球数：1","_fontSize":30,"_lineHeight":30,"_N$horizontalAlign":1,"_N$verticalAlign":1},{"__type__":"cc.Node","_name":"guide","_parent":{"__id__":16},"_children":[{"__id__":29}],"_active":false,"_components":[{"__type__":"cc.Sprite","node":{"__id__":28},"_materials":[{"__uuid__":"ecpdLyjvZBwrvm+cedCcQy"}],"_spriteFrame":{"__uuid__":"a5HAh5uTpGlqdJZARKCncE"},"_sizeMode":0}],"_opacity":150,"_color":{"__type__":"cc.Color"},"_contentSize":{"__type__":"cc.Size","width":750,"height":1334},"_trs":{"__type__":"TypedArray","ctor":"Float64Array","array":[0,0,0,0,0,0,1,1,1,1]}},{"__type__":"cc.Node","_name":"handMove","_parent":{"__id__":28},"_children":[{"__id__":30},{"__id__":31},{"__id__":32}],"_components":[{"__type__":"cc.Animation","node":{"__id__":29},"_defaultClip":{"__uuid__":"e7MBot+O1HEpBU957qkIwM"},"_clips":[{"__uuid__":"e7MBot+O1HEpBU957qkIwM"}]}],"_trs":{"__type__":"TypedArray","ctor":"Float64Array","array":[0,0,0,0,0,0,1,1,1,1]}},{"__type__":"cc.Node","_name":"hand","_parent":{"__id__":29},"_components":[{"__type__":"cc.Sprite","node":{"__id__":30},"_materials":[{"__uuid__":"ecpdLyjvZBwrvm+cedCcQy"}],"_spriteFrame":{"__uuid__":"f6QawFCxZJjqOujGUZQq1A"},"_sizeMode":0}],"_contentSize":{"__type__":"cc.Size","width":71,"height":81},"_trs":{"__type__":"TypedArray","ctor":"Float64Array","array":[0,-175,0,0,0,0,1,1,1,1]}},{"__type__":"cc.Node","_name":"line","_parent":{"__id__":29},"_components":[{"__type__":"cc.Sprite","node":{"__id__":31},"_materials":[{"__uuid__":"ecpdLyjvZBwrvm+cedCcQy"}],"_spriteFrame":{"__uuid__":"74Oey6dkxHn6vxn2jXS0Y2"}}],"_contentSize":{"__type__":"cc.Size","width":3,"height":495},"_anchorPoint":{"__type__":"cc.Vec2","x":0.5,"y":1},"_trs":{"__type__":"TypedArray","ctor":"Float64Array","array":[0,377,0,0,0,0,1,1,1,1]}},{"__type__":"cc.Node","_name":"label","_parent":{"__id__":29},"_components":[{"__type__":"cc.Label","node":{"__id__":32},"_materials":[{"__uuid__":"ecpdLyjvZBwrvm+cedCcQy"}],"_useOriginalSize":false,"_string":"拖动瞄准目标","_N$string":"拖动瞄准目标","_fontSize":35,"_N$horizontalAlign":1,"_N$verticalAlign":1}],"_contentSize":{"__type__":"cc.Size","width":210,"height":50.4},"_trs":{"__type__":"TypedArray","ctor":"Float64Array","array":[0,-264,0,0,0,0,1,1,1,1]}},{"__type__":"cc.Node","_name":"take-aim","_parent":{"__id__":16},"_children":[{"__id__":34}],"_components":[{"__type__":"cc.Graphics","node":{"__id__":33},"_materials":[{"__uuid__":"6fgBCSDDdPMInvyNlggls2"}]},{"__type__":"ff6d5E03utFs7Ot/obBciPr","node":{"__id__":33},"arraw":{"__id__":36}}],"_contentSize":{"__type__":"cc.Size","width":750,"height":1334},"_trs":{"__type__":"TypedArray","ctor":"Float64Array","array":[0,0,0,0,0,0,1,1,1,1]}},{"__type__":"cc.Node","_name":"ring","_parent":{"__id__":33},"_children":[{"__id__":35}],"_components":[{"__id__":36}],"_opacity":150,"_contentSize":{"__type__":"cc.Size","width":51,"height":51},"_trs":{"__type__":"TypedArray","ctor":"Float64Array","array":[0,435,0,0,0,0.7071067811865475,0.7071067811865476,1,1,1]},"_eulerAngles":{"__type__":"cc.Vec3","z":90}},{"__type__":"cc.Node","_name":"arrow","_parent":{"__id__":34},"_components":[{"__type__":"cc.Sprite","node":{"__id__":35},"_materials":[{"__uuid__":"ecpdLyjvZBwrvm+cedCcQy"}],"_spriteFrame":{"__uuid__":"71BNEDVZlOyKTUUQfVnA61"},"_sizeMode":0}],"_contentSize":{"__type__":"cc.Size","width":25,"height":25},"_trs":{"__type__":"TypedArray","ctor":"Float64Array","array":[-44.763,-0.251,0,0,0,0,1,1,1,1]}},{"__type__":"cc.Sprite","node":{"__id__":34},"_materials":[{"__uuid__":"ecpdLyjvZBwrvm+cedCcQy"}],"_spriteFrame":{"__uuid__":"c4hYjKdURKFppKjsMClOaQ"}},{"__type__":"cc.Node","_name":"exchange_2","_parent":{"__id__":16},"_children":[{"__id__":38},{"__id__":39}],"_trs":{"__type__":"TypedArray","ctor":"Float64Array","array":[286.818,325.501,0,0,0,0,1,1,1,1]}},{"__type__":"cc.Node","_name":"bg","_parent":{"__id__":37},"_components":[{"__type__":"cc.Sprite","node":{"__id__":38},"_materials":[{"__uuid__":"ecpdLyjvZBwrvm+cedCcQy"}],"_spriteFrame":{"__uuid__":"69S6AamctBIZRr5V4N6c68"}},{"__type__":"cc.Animation","node":{"__id__":38},"_defaultClip":{"__uuid__":"94KTAMDKZBiLSc5mzt0rjs"},"_clips":[{"__uuid__":"94KTAMDKZBiLSc5mzt0rjs"}],"playOnLoad":true}],"_contentSize":{"__type__":"cc.Size","width":89,"height":89},"_trs":{"__type__":"TypedArray","ctor":"Float64Array","array":[0,0,0,0,0,0,1,1,1,1]}},{"__type__":"cc.Node","_name":"icon","_parent":{"__id__":37},"_components":[{"__type__":"cc.Sprite","node":{"__id__":39},"_materials":[{"__uuid__":"ecpdLyjvZBwrvm+cedCcQy"}],"_spriteFrame":{"__uuid__":"30Ez7+/0lER6TWSnihxPpx"}},{"__type__":"cc.Button","node":{"__id__":39},"_normalMaterial":{"__uuid__":"ecpdLyjvZBwrvm+cedCcQy"},"zoomScale":0.8,"clickEvents":[{"__type__":"cc.ClickEvent","target":{"__id__":40},"_componentId":"3151bb3sstE+JoEUHR0D4w8","handler":"secondHandle"}],"_N$transition":3,"transition":3}],"_contentSize":{"__type__":"cc.Size","width":86,"height":67},"_trs":{"__type__":"TypedArray","ctor":"Float64Array","array":[0,0,0,0,0,0,1,1,1,1]}},{"__type__":"cc.Node","_name":"UINode","_objFlags":512,"_parent":{"__id__":2},"_children":[{"__id__":41},{"__id__":47},{"__id__":53},{"__id__":55}],"_active":false,"_components":[{"__type__":"3151bb3sstE+JoEUHR0D4w8","node":{"__id__":40},"first_Label":{"__id__":45},"second_Label":{"__id__":51},"wxLoginAndSetting":[{"__id__":53},{"__id__":55}],"FSDKNode":{"__id__":56}}],"_trs":{"__type__":"TypedArray","ctor":"Float64Array","array":[0,0,0,0,0,0,1,1,1,1]}},{"__type__":"cc.Node","_name":"coin_1","_objFlags":512,"_parent":{"__id__":40},"_children":[{"__id__":42},{"__id__":43},{"__id__":44},{"__id__":46}],"_components":[{"__type__":"cc.Button","node":{"__id__":41},"zoomScale":0.8,"clickEvents":[{"__type__":"cc.ClickEvent","target":{"__id__":40},"_componentId":"3151bb3sstE+JoEUHR0D4w8","handler":"firstHandle"}],"_N$transition":3,"transition":3}],"_contentSize":{"__type__":"cc.Size","width":184,"height":40},"_trs":{"__type__":"TypedArray","ctor":"Float64Array","array":[17.197,600,0,0,0,0,1,1,1,1]}},{"__type__":"cc.Node","_name":"bg","_parent":{"__id__":41},"_components":[{"__type__":"cc.Sprite","node":{"__id__":42},"_materials":[{"__uuid__":"ecpdLyjvZBwrvm+cedCcQy"}],"_spriteFrame":{"__uuid__":"bf9T8mjjxDG65lPdl2ddBa"}}],"_contentSize":{"__type__":"cc.Size","width":184,"height":40},"_trs":{"__type__":"TypedArray","ctor":"Float64Array","array":[0,0,0,0,0,0,1,1,1,1]}},{"__type__":"cc.Node","_name":"icon","_parent":{"__id__":41},"_components":[{"__type__":"cc.Sprite","node":{"__id__":43},"_materials":[{"__uuid__":"ecpdLyjvZBwrvm+cedCcQy"}],"_spriteFrame":{"__uuid__":"a7/XAmyjdHDIRu9GbUw1Z7"}}],"_contentSize":{"__type__":"cc.Size","width":40,"height":38},"_trs":{"__type__":"TypedArray","ctor":"Float64Array","array":[-76.992,0,0,0,0,0,1,1,1,1]}},{"__type__":"cc.Node","_name":"coinNum","_parent":{"__id__":41},"_components":[{"__id__":45}],"_contentSize":{"__type__":"cc.Size","width":90.53,"height":40},"_anchorPoint":{"__type__":"cc.Vec2","y":0.5},"_trs":{"__type__":"TypedArray","ctor":"Float64Array","array":[-44.821,0,0,0,0,0,1,1,1,1]}},{"__type__":"cc.Label","node":{"__id__":44},"_materials":[{"__uuid__":"ecpdLyjvZBwrvm+cedCcQy"}],"_useOriginalSize":false,"_string":"15.68元","_N$string":"15.68元","_fontSize":20,"_N$file":{"__uuid__":"16S28WmmJL6bIIRelMCFVp"},"_isSystemFontUsed":false,"_N$horizontalAlign":1,"_N$verticalAlign":1},{"__type__":"cc.Node","_name":"exchangeSprite","_parent":{"__id__":41},"_components":[{"__type__":"cc.Sprite","node":{"__id__":46},"_materials":[{"__uuid__":"ecpdLyjvZBwrvm+cedCcQy"}],"_spriteFrame":{"__uuid__":"66QzsDILJEXa1IVR9wbv+x"}}],"_contentSize":{"__type__":"cc.Size","width":41,"height":41},"_trs":{"__type__":"TypedArray","ctor":"Float64Array","array":[76.409,0,0,0,0,0,1,1,1,1]}},{"__type__":"cc.Node","_name":"coin_2","_objFlags":512,"_parent":{"__id__":40},"_children":[{"__id__":48},{"__id__":49},{"__id__":50},{"__id__":52}],"_components":[{"__type__":"cc.Button","node":{"__id__":47},"zoomScale":0.8,"clickEvents":[{"__type__":"cc.ClickEvent","target":{"__id__":40},"_componentId":"3151bb3sstE+JoEUHR0D4w8","handler":"secondHandle"}],"_N$transition":3,"transition":3}],"_contentSize":{"__type__":"cc.Size","width":184,"height":40},"_trs":{"__type__":"TypedArray","ctor":"Float64Array","array":[233.605,600,0,0,0,0,1,1,1,1]}},{"__type__":"cc.Node","_name":"bg","_parent":{"__id__":47},"_components":[{"__type__":"cc.Sprite","node":{"__id__":48},"_materials":[{"__uuid__":"ecpdLyjvZBwrvm+cedCcQy"}],"_spriteFrame":{"__uuid__":"bf9T8mjjxDG65lPdl2ddBa"}}],"_contentSize":{"__type__":"cc.Size","width":184,"height":40},"_trs":{"__type__":"TypedArray","ctor":"Float64Array","array":[0,0,0,0,0,0,1,1,1,1]}},{"__type__":"cc.Node","_name":"icon","_parent":{"__id__":47},"_components":[{"__type__":"cc.Sprite","node":{"__id__":49},"_materials":[{"__uuid__":"ecpdLyjvZBwrvm+cedCcQy"}],"_spriteFrame":{"__uuid__":"b9ucC1arlB25H28f8Je2n4"}}],"_contentSize":{"__type__":"cc.Size","width":51,"height":38},"_trs":{"__type__":"TypedArray","ctor":"Float64Array","array":[-76.992,0,0,0,0,0,1,1,1,1]}},{"__type__":"cc.Node","_name":"coinNum","_parent":{"__id__":47},"_components":[{"__id__":51}],"_contentSize":{"__type__":"cc.Size","width":90.53,"height":40},"_anchorPoint":{"__type__":"cc.Vec2","y":0.5},"_trs":{"__type__":"TypedArray","ctor":"Float64Array","array":[-44.821,0,0,0,0,0,1,1,1,1]}},{"__type__":"cc.Label","node":{"__id__":50},"_materials":[{"__uuid__":"ecpdLyjvZBwrvm+cedCcQy"}],"_useOriginalSize":false,"_string":"15.68元","_N$string":"15.68元","_fontSize":20,"_N$file":{"__uuid__":"16S28WmmJL6bIIRelMCFVp"},"_isSystemFontUsed":false,"_N$horizontalAlign":1,"_N$verticalAlign":1},{"__type__":"cc.Node","_name":"exchangeSprite","_parent":{"__id__":47},"_components":[{"__type__":"cc.Sprite","node":{"__id__":52},"_materials":[{"__uuid__":"ecpdLyjvZBwrvm+cedCcQy"}],"_spriteFrame":{"__uuid__":"66QzsDILJEXa1IVR9wbv+x"}}],"_contentSize":{"__type__":"cc.Size","width":41,"height":41},"_trs":{"__type__":"TypedArray","ctor":"Float64Array","array":[76.409,0,0,0,0,0,1,1,1,1]}},{"__type__":"cc.Node","_name":"redLogin","_objFlags":512,"_parent":{"__id__":40},"_children":[{"__id__":54}],"_active":false,"_components":[{"__type__":"cc.Sprite","node":{"__id__":53},"_materials":[{"__uuid__":"ecpdLyjvZBwrvm+cedCcQy"}],"_spriteFrame":{"__uuid__":"c3uzik76xCXK7cS913PCQZ"}},{"__type__":"cc.Button","node":{"__id__":53},"_normalMaterial":{"__uuid__":"ecpdLyjvZBwrvm+cedCcQy"},"zoomScale":0.8,"clickEvents":[{"__type__":"cc.ClickEvent","target":{"__id__":40},"_componentId":"3151bb3sstE+JoEUHR0D4w8","handler":"wxLoginHandle"}],"_N$transition":3,"transition":3}],"_contentSize":{"__type__":"cc.Size","width":56,"height":56},"_trs":{"__type__":"TypedArray","ctor":"Float64Array","array":[-300,600,0,0,0,0,1,1,1,1]}},{"__type__":"cc.Node","_name":"09_hb_bg","_parent":{"__id__":53},"_components":[{"__type__":"cc.Sprite","node":{"__id__":54},"_materials":[{"__uuid__":"ecpdLyjvZBwrvm+cedCcQy"}],"_spriteFrame":{"__uuid__":"a3ob5zN8FJdrm0cG4gOR0h"}}],"_contentSize":{"__type__":"cc.Size","width":166,"height":39},"_trs":{"__type__":"TypedArray","ctor":"Float64Array","array":[117.035,0,0,0,0,0,1,1,1,1]}},{"__type__":"cc.Node","_name":"setting","_objFlags":512,"_parent":{"__id__":40},"_components":[{"__type__":"cc.Sprite","node":{"__id__":55},"_materials":[{"__uuid__":"ecpdLyjvZBwrvm+cedCcQy"}],"_spriteFrame":{"__uuid__":"4ctZXK9GFFCLwTCSSXsEGV"}},{"__type__":"cc.Button","node":{"__id__":55},"zoomScale":0.8,"clickEvents":[{"__type__":"cc.ClickEvent","target":{"__id__":40},"_componentId":"3151bb3sstE+JoEUHR0D4w8","handler":"settingHandle"}],"_N$transition":3,"transition":3}],"_contentSize":{"__type__":"cc.Size","width":61,"height":61},"_trs":{"__type__":"TypedArray","ctor":"Float64Array","array":[-299.953,600,0,0,0,0,1,1,1,1]}},{"__type__":"cc.Node","_name":"FSDK","_parent":{"__id__":2},"_trs":{"__type__":"TypedArray","ctor":"Float64Array","array":[0,0,0,0,0,0,1,1,1,1]}},{"__type__":"cc.Node","_name":"exchange_1","_parent":{"__id__":16},"_children":[{"__id__":58},{"__id__":59}],"_trs":{"__type__":"TypedArray","ctor":"Float64Array","array":[-275.476,327.953,0,0,0,0,1,1,1,1]}},{"__type__":"cc.Node","_name":"bg","_parent":{"__id__":57},"_components":[{"__type__":"cc.Sprite","node":{"__id__":58},"_materials":[{"__uuid__":"ecpdLyjvZBwrvm+cedCcQy"}],"_spriteFrame":{"__uuid__":"69S6AamctBIZRr5V4N6c68"}},{"__type__":"cc.Animation","node":{"__id__":58},"_defaultClip":{"__uuid__":"94KTAMDKZBiLSc5mzt0rjs"},"_clips":[{"__uuid__":"94KTAMDKZBiLSc5mzt0rjs"}],"playOnLoad":true}],"_contentSize":{"__type__":"cc.Size","width":89,"height":89},"_trs":{"__type__":"TypedArray","ctor":"Float64Array","array":[0,0,0,0,0,0,1,1,1,1]}},{"__type__":"cc.Node","_name":"icon","_parent":{"__id__":57},"_components":[{"__type__":"cc.Sprite","node":{"__id__":59},"_materials":[{"__uuid__":"ecpdLyjvZBwrvm+cedCcQy"}],"_spriteFrame":{"__uuid__":"aaBF2qVA9AXLI6jm+PHvW+"}},{"__type__":"cc.Button","node":{"__id__":59},"_normalMaterial":{"__uuid__":"ecpdLyjvZBwrvm+cedCcQy"},"zoomScale":0.8,"clickEvents":[{"__type__":"cc.ClickEvent","target":{"__id__":40},"_componentId":"3151bb3sstE+JoEUHR0D4w8","handler":"firstHandle"}],"_N$transition":3,"transition":3}],"_contentSize":{"__type__":"cc.Size","width":76,"height":65},"_trs":{"__type__":"TypedArray","ctor":"Float64Array","array":[0,0,0,0,0,0,1,1,1,1]}},{"__type__":"cc.Node","_name":"score-count","_parent":{"__id__":16},"_components":[{"__id__":61}],"_color":{"__type__":"cc.Color","r":126,"g":124,"b":175},"_contentSize":{"__type__":"cc.Size","width":106.68,"height":37.8},"_trs":{"__type__":"TypedArray","ctor":"Float64Array","array":[241.904,404.058,0,0,0,0,1,1,1,1]}},{"__type__":"cc.Label","node":{"__id__":60},"_materials":[{"__uuid__":"ecpdLyjvZBwrvm+cedCcQy"}],"_useOriginalSize":false,"_string":"分数：0","_N$string":"分数：0","_fontSize":30,"_lineHeight":30,"_N$horizontalAlign":1,"_N$verticalAlign":1},{"__type__":"cc.Node","_name":"history-score-count","_parent":{"__id__":16},"_components":[{"__id__":63}],"_color":{"__type__":"cc.Color","r":126,"g":124,"b":175},"_contentSize":{"__type__":"cc.Size","width":166.68,"height":37.8},"_anchorPoint":{"__type__":"cc.Vec2","y":0.5},"_trs":{"__type__":"TypedArray","ctor":"Float64Array","array":[-347.316,404.058,0,0,0,0,1,1,1,1]}},{"__type__":"cc.Label","node":{"__id__":62},"_materials":[{"__uuid__":"ecpdLyjvZBwrvm+cedCcQy"}],"_useOriginalSize":false,"_string":"历史最高：0","_N$string":"历史最高：0","_fontSize":30,"_lineHeight":30,"_N$horizontalAlign":1,"_N$verticalAlign":1},{"__type__":"cc.Node","_name":"main","_objFlags":512,"_parent":{"__id__":2},"_children":[{"__id__":65},{"__id__":66},{"__id__":67},{"__id__":70},{"__id__":73}],"_active":false,"_components":[{"__type__":"ce0b2+gmo9H0IxuP87dvY6V","node":{"__id__":64},"mPlayGameBtn":{"__id__":66},"mtitle":{"__id__":65},"mScoreLabel":{"__id__":69},"mGameNode":{"__id__":16}}],"_trs":{"__type__":"TypedArray","ctor":"Float64Array","array":[0,0,0,0,0,0,1,1,1,1]}},{"__type__":"cc.Node","_name":"titile","_parent":{"__id__":64},"_components":[{"__type__":"cc.Sprite","node":{"__id__":65},"_materials":[{"__uuid__":"ecpdLyjvZBwrvm+cedCcQy"}],"_spriteFrame":{"__uuid__":"eaU8SHj2FCtJaAOvcmtIZ+"}}],"_contentSize":{"__type__":"cc.Size","width":499,"height":349},"_trs":{"__type__":"TypedArray","ctor":"Float64Array","array":[0,260.754,0,0,0,0,1,1,1,1]}},{"__type__":"cc.Node","_name":"play_game","_parent":{"__id__":64},"_components":[{"__type__":"cc.Sprite","node":{"__id__":66},"_materials":[{"__uuid__":"ecpdLyjvZBwrvm+cedCcQy"}],"_spriteFrame":{"__uuid__":"03yi0/nOlMqKHzezrfDPK+"}},{"__type__":"cc.Button","node":{"__id__":66},"_normalMaterial":{"__uuid__":"ecpdLyjvZBwrvm+cedCcQy"},"zoomScale":0.8,"clickEvents":[{"__type__":"cc.ClickEvent","target":{"__id__":64},"_componentId":"ce0b2+gmo9H0IxuP87dvY6V","handler":"playGameHandle"}],"_N$transition":3,"transition":3}],"_contentSize":{"__type__":"cc.Size","width":481,"height":193},"_trs":{"__type__":"TypedArray","ctor":"Float64Array","array":[0,-219.346,0,0,0,0,1,1,1,1]}},{"__type__":"cc.Node","_name":"history_label","_parent":{"__id__":64},"_children":[{"__id__":68}],"_components":[{"__type__":"cc.Label","node":{"__id__":67},"_materials":[{"__uuid__":"ecpdLyjvZBwrvm+cedCcQy"}],"_useOriginalSize":false,"_string":"历史最高","_N$string":"历史最高","_fontSize":35,"_N$horizontalAlign":1,"_N$verticalAlign":1}],"_contentSize":{"__type__":"cc.Size","width":140,"height":50.4},"_trs":{"__type__":"TypedArray","ctor":"Float64Array","array":[0,-0.277,0,0,0,0,1,1,1,1]}},{"__type__":"cc.Node","_name":"score_label","_parent":{"__id__":67},"_components":[{"__id__":69}],"_contentSize":{"__type__":"cc.Size","width":116.79,"height":50.4},"_trs":{"__type__":"TypedArray","ctor":"Float64Array","array":[0,-57.585,0,0,0,0,1,1,1,1]}},{"__type__":"cc.Label","node":{"__id__":68},"_materials":[{"__uuid__":"ecpdLyjvZBwrvm+cedCcQy"}],"_useOriginalSize":false,"_string":"321245","_N$string":"321245","_fontSize":35,"_N$horizontalAlign":1,"_N$verticalAlign":1},{"__type__":"cc.Node","_name":"exchange_1","_parent":{"__id__":64},"_children":[{"__id__":71},{"__id__":72}],"_trs":{"__type__":"TypedArray","ctor":"Float64Array","array":[-275.476,-109.908,0,0,0,0,1,1,1,1]}},{"__type__":"cc.Node","_name":"bg","_parent":{"__id__":70},"_components":[{"__type__":"cc.Sprite","node":{"__id__":71},"_materials":[{"__uuid__":"ecpdLyjvZBwrvm+cedCcQy"}],"_spriteFrame":{"__uuid__":"69S6AamctBIZRr5V4N6c68"}},{"__type__":"cc.Animation","node":{"__id__":71},"_defaultClip":{"__uuid__":"94KTAMDKZBiLSc5mzt0rjs"},"_clips":[{"__uuid__":"94KTAMDKZBiLSc5mzt0rjs"}],"playOnLoad":true}],"_contentSize":{"__type__":"cc.Size","width":89,"height":89},"_trs":{"__type__":"TypedArray","ctor":"Float64Array","array":[0,0,0,0,0,0,1,1,1,1]}},{"__type__":"cc.Node","_name":"icon","_parent":{"__id__":70},"_components":[{"__type__":"cc.Sprite","node":{"__id__":72},"_materials":[{"__uuid__":"ecpdLyjvZBwrvm+cedCcQy"}],"_spriteFrame":{"__uuid__":"aaBF2qVA9AXLI6jm+PHvW+"}},{"__type__":"cc.Button","node":{"__id__":72},"_normalMaterial":{"__uuid__":"ecpdLyjvZBwrvm+cedCcQy"},"zoomScale":0.8,"clickEvents":[{"__type__":"cc.ClickEvent","target":{"__id__":40},"_componentId":"3151bb3sstE+JoEUHR0D4w8","handler":"firstHandle"}],"_N$transition":3,"transition":3}],"_contentSize":{"__type__":"cc.Size","width":76,"height":65},"_trs":{"__type__":"TypedArray","ctor":"Float64Array","array":[0,0,0,0,0,0,1,1,1,1]}},{"__type__":"cc.Node","_name":"exchange_2","_parent":{"__id__":64},"_children":[{"__id__":74},{"__id__":75}],"_trs":{"__type__":"TypedArray","ctor":"Float64Array","array":[275.234,-109.908,0,0,0,0,1,1,1,1]}},{"__type__":"cc.Node","_name":"bg","_parent":{"__id__":73},"_components":[{"__type__":"cc.Sprite","node":{"__id__":74},"_materials":[{"__uuid__":"ecpdLyjvZBwrvm+cedCcQy"}],"_spriteFrame":{"__uuid__":"69S6AamctBIZRr5V4N6c68"}},{"__type__":"cc.Animation","node":{"__id__":74},"_defaultClip":{"__uuid__":"94KTAMDKZBiLSc5mzt0rjs"},"_clips":[{"__uuid__":"94KTAMDKZBiLSc5mzt0rjs"}],"playOnLoad":true}],"_contentSize":{"__type__":"cc.Size","width":89,"height":89},"_trs":{"__type__":"TypedArray","ctor":"Float64Array","array":[0,0,0,0,0,0,1,1,1,1]}},{"__type__":"cc.Node","_name":"icon","_parent":{"__id__":73},"_components":[{"__type__":"cc.Sprite","node":{"__id__":75},"_materials":[{"__uuid__":"ecpdLyjvZBwrvm+cedCcQy"}],"_spriteFrame":{"__uuid__":"30Ez7+/0lER6TWSnihxPpx"}},{"__type__":"cc.Button","node":{"__id__":75},"_normalMaterial":{"__uuid__":"ecpdLyjvZBwrvm+cedCcQy"},"zoomScale":0.8,"clickEvents":[{"__type__":"cc.ClickEvent","target":{"__id__":40},"_componentId":"3151bb3sstE+JoEUHR0D4w8","handler":"secondHandle"}],"_N$transition":3,"transition":3}],"_contentSize":{"__type__":"cc.Size","width":86,"height":67},"_trs":{"__type__":"TypedArray","ctor":"Float64Array","array":[0,0,0,0,0,0,1,1,1,1]}},{"__type__":"cc.Node","_name":"popupManger","_objFlags":512,"_parent":{"__id__":2},"_children":[{"__id__":77}],"_components":[{"__type__":"2c6b1SMpSpFd7eEYE8zKXIn","node":{"__id__":76},"nodeMask":{"__id__":77}}],"_trs":{"__type__":"TypedArray","ctor":"Float64Array","array":[0,0,0,0,0,0,1,1,1,1]}},{"__type__":"cc.Node","_name":"sprite_mask","_parent":{"__id__":76},"_active":false,"_components":[{"__type__":"cc.Sprite","node":{"__id__":77},"_materials":[{"__uuid__":"ecpdLyjvZBwrvm+cedCcQy"}],"_spriteFrame":{"__uuid__":"a2MjXRFdtLlYQ5ouAFv/+R"},"_sizeMode":0,"_isTrimmedMode":false},{"__type__":"cc.Widget","node":{"__id__":77},"_target":{"__id__":2},"_alignFlags":5,"_left":120,"_right":120,"_originalWidth":720,"_originalHeight":1280},{"__type__":"cc.BlockInputEvents","node":{"__id__":77}}],"_opacity":220,"_color":{"__type__":"cc.Color"},"_contentSize":{"__type__":"cc.Size","width":720,"height":1280},"_trs":{"__type__":"TypedArray","ctor":"Float64Array","array":[0,0,0,0,0,0,1,1,1,1]}},{"__type__":"cc.Node","_name":"FCionEvent","_parent":{"__id__":2},"_children":[{"__id__":79},{"__id__":80}],"_components":[{"__type__":"26dffw8sylD3oAMuANOVMI2","node":{"__id__":78},"redNode":{"__id__":79},"hfNode":{"__id__":80},"FSDKNode":{"__id__":56},"redDuiNode":[{"__id__":70},{"__id__":57}],"hfDuiNode":[{"__id__":73},{"__id__":37}]}],"_trs":{"__type__":"TypedArray","ctor":"Float64Array","array":[0,0,396.72082,0,0,0,1,1,1,1]}},{"__type__":"cc.Node","_name":"11_hb_hd","_parent":{"__id__":78},"_active":false,"_components":[{"__type__":"cc.Sprite","node":{"__id__":79},"_materials":[{"__uuid__":"ecpdLyjvZBwrvm+cedCcQy"}],"_spriteFrame":{"__uuid__":"f6CSVaU2NLaYXxSDcDS+Iu"},"_sizeMode":0}],"_contentSize":{"__type__":"cc.Size","width":200,"height":190},"_trs":{"__type__":"TypedArray","ctor":"Float64Array","array":[0,0,0,0,0,0,1,1,1,1]}},{"__type__":"cc.Node","_name":"12_hb_hd","_parent":{"__id__":78},"_active":false,"_components":[{"__type__":"cc.Sprite","node":{"__id__":80},"_materials":[{"__uuid__":"ecpdLyjvZBwrvm+cedCcQy"}],"_spriteFrame":{"__uuid__":"44vqv6ffFFkYO6yPiU1Efg"},"_sizeMode":0}],"_contentSize":{"__type__":"cc.Size","width":255,"height":190},"_trs":{"__type__":"TypedArray","ctor":"Float64Array","array":[0,0,0,0,0,0,1,1,1,1]}}],{"__type__":"cc.SpriteFrame","content":{"name":"arrow","texture":"8aVpou3NtKrrjn+uKRVmY2","rect":[0,0,29,33],"offset":[0,0],"originalSize":[29,33],"capInsets":[0,0,0,0]}},{"__type__":"cc.SpriteFrame","content":{"name":"line","texture":"8482Rnvb5Mgp7kI8iw4jP7","rect":[0,0,3,495],"offset":[0,0],"originalSize":[3,495],"capInsets":[0,0,0,0]}},{"__type__":"cc.SpriteFrame","content":{"name":"wall_3","texture":"a8L680pX1DzZukiLkaimIU","rect":[0,0,340,120],"offset":[0,0],"originalSize":[340,120],"capInsets":[0,0,0,0]}},{"__type__":"cc.SpriteFrame","content":{"name":"default_sprite_splash","texture":"02delMVqdBD70a/HSD99FK","rect":[0,0,2,2],"offset":[0,0],"originalSize":[2,2],"capInsets":[0,0,0,0]}},{"__type__":"cc.SpriteFrame","content":{"name":"09_hb_bg","texture":"a5eL2Lg8RNk4rY9w7ujYvU","rect":[0,0,166,39],"offset":[0,0],"originalSize":[166,39],"capInsets":[0,0,0,0]}},{"__type__":"cc.SpriteFrame","content":{"name":"singleColor","texture":"ccRkpSvV9Bj6gK5M9kIrRF","rect":[0,0,2,2],"offset":[0,0],"originalSize":[2,2],"capInsets":[0,0,0,0]}},{"__type__":"cc.SpriteFrame","content":{"name":"11_hb_hd","texture":"8dt+DXaLRGYJ7HIOAXyShK","rect":[0,0,40,38],"offset":[0,0],"originalSize":[40,38],"capInsets":[0,0,0,0]}},{"__type__":"cc.SpriteFrame","content":{"name":"13_hb_hd","texture":"c3vmoXqspFE6ucvy+aTcfE","rect":[2,0,76,65],"offset":[0,1],"originalSize":[80,67],"capInsets":[0,0,0,0]}},{"__type__":"cc.SpriteFrame","content":{"name":"12_hb_hd","texture":"fdSulqJbBK9IcsA1mtF7Ky","rect":[0,0,51,38],"offset":[0,0],"originalSize":[51,38],"capInsets":[0,0,0,0]}},{"__type__":"cc.SpriteFrame","content":{"name":"1","texture":"cfBsqZ2DNLqLxm6hA1G0zY","rect":[0,0,472,18],"offset":[0,0],"originalSize":[472,18],"capInsets":[0,0,0,0]}},{"__type__":"cc.SpriteFrame","content":{"name":"15_hb_hd","texture":"7dQmoVZihFjZo5fhC6AF/2","rect":[0,0,184,40],"offset":[0,0],"originalSize":[184,40],"capInsets":[0,0,0,0]}},{"__type__":"cc.SpriteFrame","content":{"name":"01_hb_1","texture":"0bQ8q4FQZML54pilywdCsO","rect":[0,0,56,56],"offset":[0,0],"originalSize":[56,56],"capInsets":[0,0,0,0]}},{"__type__":"cc.SpriteFrame","content":{"name":"ring","texture":"e0YMrCRCxNRI3qZecnBU6o","rect":[0,0,51,51],"offset":[0,0],"originalSize":[51,51],"capInsets":[0,0,0,0]}},{"__type__":"cc.SpriteFrame","content":{"name":"wall_2","texture":"caO7qtt4ZJ1p2eBx2bbRgl","rect":[0,0,340,119],"offset":[0,0],"originalSize":[340,119],"capInsets":[0,0,0,0]}},{"__type__":"cc.SpriteFrame","content":{"name":"wall_1","texture":"80GRS3OnpG/JyX7DVIOlSa","rect":[0,0,300,789],"offset":[0,0],"originalSize":[300,789],"capInsets":[0,0,0,0]}},{"__type__":"cc.SpriteFrame","content":{"name":"03_logo_3","texture":"96MI/Rz9FAJqV9LIJ1PFAg","rect":[0,0,499,349],"offset":[0,0],"originalSize":[499,349],"capInsets":[0,0,0,0]}},{"__type__":"cc.SpriteFrame","content":{"name":"11_hb_hd","texture":"febIwFxyNC0ripC170Ef+S","rect":[0,0,40,38],"offset":[0,0],"originalSize":[40,38],"capInsets":[0,0,0,0]}},{"__type__":"cc.SpriteFrame","content":{"name":"hand","texture":"59ZIZyJ1lGs73owx8BaOwI","rect":[39,16,186,232],"offset":[4,-4],"originalSize":[256,256],"capInsets":[0,0,0,0]}}]