[{"__type__":"cc.SpriteFrame","content":{"name":"07_hb_7","texture":"49Lb/0rbFJopG7oEqnmiM1","rect":[0,130,642,412],"offset":[0,-65],"originalSize":[642,542],"capInsets":[0,0,0,0]}},{"__type__":"cc.SpriteFrame","content":{"name":"08_hb_8","texture":"f5iv75hcVFe5s2aN59UbDD","rect":[0,0,640,929],"offset":[0,0],"originalSize":[640,929],"capInsets":[0,0,0,0]}},[{"__type__":"cc.Prefab","_name":"FGetPacket","data":{"__id__":1}},{"__type__":"cc.Node","_name":"FGetPacket","_children":[{"__id__":2},{"__id__":3}],"_components":[{"__type__":"cc.BlockInputEvents","node":{"__id__":1}},{"__type__":"cded6zGoVpFHpodvtPN3GuS","node":{"__id__":1},"mTitle":{"__id__":8},"redNode":{"__id__":10},"hfNode":{"__id__":23},"btn_close":{"__id__":39},"mIcon":{"__id__":6}}],"_prefab":{"__type__":"cc.PrefabInfo","root":{"__id__":1},"asset":{"__uuid__":"408m485hVFQItbdVE6SRxr"},"fileId":"fdRYaPvEhCPJyxVwRQusnn"},"_contentSize":{"__type__":"cc.Size","width":720,"height":1280},"_trs":{"__type__":"TypedArray","ctor":"Float64Array","array":[0,0,0,0,0,0,1,1,1,1]}},{"__type__":"cc.Node","_name":"bg","_parent":{"__id__":1},"_components":[{"__type__":"cc.Sprite","node":{"__id__":2},"_materials":[{"__uuid__":"ecpdLyjvZBwrvm+cedCcQy"}],"_spriteFrame":{"__uuid__":"a2MjXRFdtLlYQ5ouAFv/+R"},"_sizeMode":0},{"__type__":"cc.Widget","node":{"__id__":2},"_alignFlags":45,"_originalWidth":100,"_originalHeight":100}],"_prefab":{"__type__":"cc.PrefabInfo","root":{"__id__":1},"asset":{"__uuid__":"408m485hVFQItbdVE6SRxr"},"fileId":"79Na+yrJFNP61mpVjTtDcE"},"_opacity":200,"_color":{"__type__":"cc.Color"},"_contentSize":{"__type__":"cc.Size","width":720,"height":1280},"_trs":{"__type__":"TypedArray","ctor":"Float64Array","array":[0,0,0,0,0,0,1,1,1,1]}},{"__type__":"cc.Node","_name":"mainNode","_parent":{"__id__":1},"_children":[{"__id__":4},{"__id__":5},{"__id__":7},{"__id__":9},{"__id__":10},{"__id__":23},{"__id__":39}],"_prefab":{"__type__":"cc.PrefabInfo","root":{"__id__":1},"asset":{"__uuid__":"408m485hVFQItbdVE6SRxr"},"fileId":"b6BBGVeDBLhJ6LSMkyHUvA"},"_trs":{"__type__":"TypedArray","ctor":"Float64Array","array":[0,0,0,0,0,0,1,1,1,1]}},{"__type__":"cc.Node","_name":"bg","_parent":{"__id__":3},"_components":[{"__type__":"cc.Sprite","node":{"__id__":4},"_materials":[{"__uuid__":"ecpdLyjvZBwrvm+cedCcQy"}],"_spriteFrame":{"__uuid__":"2a+Arp2PxO9I/Jvt0MmYuV"}}],"_prefab":{"__type__":"cc.PrefabInfo","root":{"__id__":1},"asset":{"__uuid__":"408m485hVFQItbdVE6SRxr"},"fileId":"1clPkjA8JIcYbLE0uu4iCl"},"_contentSize":{"__type__":"cc.Size","width":640,"height":929},"_trs":{"__type__":"TypedArray","ctor":"Float64Array","array":[0,0,0,0,0,0,1,1,1,1]}},{"__type__":"cc.Node","_name":"04_hb_4","_parent":{"__id__":3},"_components":[{"__id__":6}],"_prefab":{"__type__":"cc.PrefabInfo","root":{"__id__":1},"asset":{"__uuid__":"408m485hVFQItbdVE6SRxr"},"fileId":"46Imd2qSNJNY6KOYDQGI/L"},"_contentSize":{"__type__":"cc.Size","width":144,"height":144},"_trs":{"__type__":"TypedArray","ctor":"Float64Array","array":[0,330.177,0,0,0,0,1,1,1,1]}},{"__type__":"cc.Sprite","node":{"__id__":5},"_materials":[{"__uuid__":"ecpdLyjvZBwrvm+cedCcQy"}],"_spriteFrame":{"__uuid__":"71ssOOhnZAlJr/NNJfFyie"},"_sizeMode":0},{"__type__":"cc.Node","_name":"label","_parent":{"__id__":3},"_components":[{"__id__":8}],"_prefab":{"__type__":"cc.PrefabInfo","root":{"__id__":1},"asset":{"__uuid__":"408m485hVFQItbdVE6SRxr"},"fileId":"c7ZeusIGtNsrgTDB89GEnH"},"_contentSize":{"__type__":"cc.Size","width":279.72,"height":50.4},"_trs":{"__type__":"TypedArray","ctor":"Float64Array","array":[0,196.415,0,0,0,0,1,1,1,1]}},{"__type__":"cc.Label","node":{"__id__":7},"_materials":[{"__uuid__":"ecpdLyjvZBwrvm+cedCcQy"}],"_useOriginalSize":false,"_string":"XXX给你发了一个","_N$string":"XXX给你发了一个","_fontSize":35,"_styleFlags":1,"_N$horizontalAlign":1,"_N$verticalAlign":1,"_N$fontFamily":"微软雅黑"},{"__type__":"cc.Node","_name":"07_hb_7","_parent":{"__id__":3},"_components":[{"__type__":"cc.Sprite","node":{"__id__":9},"_materials":[{"__uuid__":"ecpdLyjvZBwrvm+cedCcQy"}],"_spriteFrame":{"__uuid__":"05j87NmSND1KA0cITspSWK"}}],"_prefab":{"__type__":"cc.PrefabInfo","root":{"__id__":1},"asset":{"__uuid__":"408m485hVFQItbdVE6SRxr"},"fileId":"d2KA6hwL5MR5PLs2L8J8wT"},"_contentSize":{"__type__":"cc.Size","width":642,"height":412},"_trs":{"__type__":"TypedArray","ctor":"Float64Array","array":[0,-260.8,0,0,0,0,1,1,1,1]}},{"__type__":"cc.Node","_name":"RedNode","_parent":{"__id__":3},"_children":[{"__id__":11},{"__id__":14},{"__id__":17}],"_prefab":{"__type__":"cc.PrefabInfo","root":{"__id__":1},"asset":{"__uuid__":"408m485hVFQItbdVE6SRxr"},"fileId":"21n8lKaadHWo4vp7lmRJMi"},"_trs":{"__type__":"TypedArray","ctor":"Float64Array","array":[0,0,0,0,0,0,1,1,1,1]}},{"__type__":"cc.Node","_name":"node1","_parent":{"__id__":10},"_children":[{"__id__":12},{"__id__":13}],"_prefab":{"__type__":"cc.PrefabInfo","root":{"__id__":1},"asset":{"__uuid__":"408m485hVFQItbdVE6SRxr"},"fileId":"3eWxQdXjFHuKcwToGTjdR9"},"_trs":{"__type__":"TypedArray","ctor":"Float64Array","array":[0,0,0,0,0,0,1,1,1,1]}},{"__type__":"cc.Node","_name":"11_hb_11","_parent":{"__id__":11},"_components":[{"__type__":"cc.Sprite","node":{"__id__":12},"_materials":[{"__uuid__":"ecpdLyjvZBwrvm+cedCcQy"}],"_spriteFrame":{"__uuid__":"97ew8M7otKNqz8z34DEQGJ"}}],"_prefab":{"__type__":"cc.PrefabInfo","root":{"__id__":1},"asset":{"__uuid__":"408m485hVFQItbdVE6SRxr"},"fileId":"eb8ZVP6OJHgZ5+CG9DFw4q"},"_contentSize":{"__type__":"cc.Size","width":343,"height":47},"_trs":{"__type__":"TypedArray","ctor":"Float64Array","array":[0,74.445,0,0,0,0,1,1,1,1]}},{"__type__":"cc.Node","_name":"01_hb_1","_parent":{"__id__":11},"_components":[{"__type__":"cc.Sprite","node":{"__id__":13},"_materials":[{"__uuid__":"ecpdLyjvZBwrvm+cedCcQy"}],"_spriteFrame":{"__uuid__":"67sSDxTVxL3LrB/Ci7X+uf"}},{"__type__":"cc.Animation","node":{"__id__":13},"_defaultClip":{"__uuid__":"a15nveNGRE1obRdbTg0eXH"},"_clips":[{"__uuid__":"a15nveNGRE1obRdbTg0eXH"}],"playOnLoad":true},{"__type__":"cc.Button","node":{"__id__":13},"clickEvents":[{"__type__":"cc.ClickEvent","target":{"__id__":1},"_componentId":"cded6zGoVpFHpodvtPN3GuS","handler":"openRed"}]}],"_prefab":{"__type__":"cc.PrefabInfo","root":{"__id__":1},"asset":{"__uuid__":"408m485hVFQItbdVE6SRxr"},"fileId":"b5qNM9rPZBNLOfvbyBAgW6"},"_contentSize":{"__type__":"cc.Size","width":224,"height":224},"_trs":{"__type__":"TypedArray","ctor":"Float64Array","array":[0,-127.177,0,0,0,0,1,1,1,1]}},{"__type__":"cc.Node","_name":"node2","_parent":{"__id__":10},"_children":[{"__id__":15},{"__id__":16}],"_prefab":{"__type__":"cc.PrefabInfo","root":{"__id__":1},"asset":{"__uuid__":"408m485hVFQItbdVE6SRxr"},"fileId":"3falAPeF1OhKsbjYPyw2nR"},"_trs":{"__type__":"TypedArray","ctor":"Float64Array","array":[0,0,0,0,0,0,1,1,1,1]}},{"__type__":"cc.Node","_name":"05_hb_5","_parent":{"__id__":14},"_components":[{"__type__":"cc.Sprite","node":{"__id__":15},"_materials":[{"__uuid__":"ecpdLyjvZBwrvm+cedCcQy"}],"_spriteFrame":{"__uuid__":"d6jze1ISBGMJWLgaPtyPbf"}},{"__type__":"cc.Button","node":{"__id__":15},"_normalMaterial":{"__uuid__":"ecpdLyjvZBwrvm+cedCcQy"},"clickEvents":[{"__type__":"cc.ClickEvent","target":{"__id__":1},"_componentId":"cded6zGoVpFHpodvtPN3GuS","handler":"keepGame"}],"_N$transition":3,"transition":3},{"__type__":"cc.Animation","node":{"__id__":15},"_defaultClip":{"__uuid__":"a15nveNGRE1obRdbTg0eXH"},"_clips":[{"__uuid__":"a15nveNGRE1obRdbTg0eXH"}],"playOnLoad":true}],"_prefab":{"__type__":"cc.PrefabInfo","root":{"__id__":1},"asset":{"__uuid__":"408m485hVFQItbdVE6SRxr"},"fileId":"4f8AIMDiVMaYQ2QyFQUnWI"},"_contentSize":{"__type__":"cc.Size","width":448,"height":96},"_trs":{"__type__":"TypedArray","ctor":"Float64Array","array":[2.309,-258.585,0,0,0,0,1,1,1,1]}},{"__type__":"cc.Node","_name":"label","_parent":{"__id__":14},"_components":[{"__type__":"cc.Label","node":{"__id__":16},"_materials":[{"__uuid__":"ecpdLyjvZBwrvm+cedCcQy"}],"_useOriginalSize":false,"_string":"888元","_N$string":"888元","_fontSize":100,"_lineHeight":100,"_styleFlags":1,"_N$horizontalAlign":1,"_N$verticalAlign":1,"_N$fontFamily":"微软雅黑"}],"_prefab":{"__type__":"cc.PrefabInfo","root":{"__id__":1},"asset":{"__uuid__":"408m485hVFQItbdVE6SRxr"},"fileId":"77LZ5oOyNPiL0KJBgVM42E"},"_color":{"__type__":"cc.Color","r":255,"g":223,"b":141},"_contentSize":{"__type__":"cc.Size","width":280,"height":126},"_trs":{"__type__":"TypedArray","ctor":"Float64Array","array":[0,50.434,0,0,0,0,1,1,1,1]}},{"__type__":"cc.Node","_name":"FMarqueeSmall","_parent":{"__id__":10},"_children":[{"__id__":18}],"_components":[{"__type__":"76c0c9U+z5AF5va4DgCx74W","node":{"__id__":17},"tAnnounceNode":[{"__id__":19},{"__id__":21}],"type":"hb"}],"_prefab":{"__type__":"cc.PrefabInfo","root":{"__id__":1},"asset":{"__uuid__":"408m485hVFQItbdVE6SRxr"},"fileId":"bcZ1uriBVJE6SVVuW5NLfW"},"_contentSize":{"__type__":"cc.Size","width":568,"height":57},"_trs":{"__type__":"TypedArray","ctor":"Float64Array","array":[0,-396.932,0,0,0,0,1,1,1,1]}},{"__type__":"cc.Node","_name":"Mask","_parent":{"__id__":17},"_children":[{"__id__":19},{"__id__":21}],"_components":[{"__type__":"cc.Mask","node":{"__id__":18},"_materials":[{"__uuid__":"ecpdLyjvZBwrvm+cedCcQy"}]}],"_prefab":{"__type__":"cc.PrefabInfo","root":{"__id__":1},"asset":{"__uuid__":"408m485hVFQItbdVE6SRxr"},"fileId":"bedZ+X0KlHa7JAFpaR5AxG"},"_contentSize":{"__type__":"cc.Size","width":568,"height":57},"_trs":{"__type__":"TypedArray","ctor":"Float64Array","array":[0,0,0,0,0,0,1,1,1,1]}},{"__type__":"cc.Node","_name":"marquee1","_parent":{"__id__":18},"_children":[{"__id__":20}],"_prefab":{"__type__":"cc.PrefabInfo","root":{"__id__":1},"asset":{"__uuid__":"408m485hVFQItbdVE6SRxr"},"fileId":"c6RJEwOQhEiYSr+UEbhPIj"},"_trs":{"__type__":"TypedArray","ctor":"Float64Array","array":[0,0,0,0,0,0,1,1,1,1]}},{"__type__":"cc.Node","_name":"label","_parent":{"__id__":19},"_components":[{"__type__":"cc.Label","node":{"__id__":20},"_materials":[{"__uuid__":"ecpdLyjvZBwrvm+cedCcQy"}],"_useOriginalSize":false,"_string":"Label","_N$string":"Label","_fontSize":30,"_N$horizontalAlign":1,"_N$verticalAlign":1,"_N$fontFamily":"微软雅黑"}],"_prefab":{"__type__":"cc.PrefabInfo","root":{"__id__":1},"asset":{"__uuid__":"408m485hVFQItbdVE6SRxr"},"fileId":"b33+/9T9JPhZ/aGSibeFEa"},"_color":{"__type__":"cc.Color","r":255,"g":205,"b":170},"_contentSize":{"__type__":"cc.Size","width":75.69,"height":50.4},"_trs":{"__type__":"TypedArray","ctor":"Float64Array","array":[0,0,0,0,0,0,1,1,1,1]}},{"__type__":"cc.Node","_name":"marquee2","_parent":{"__id__":18},"_children":[{"__id__":22}],"_prefab":{"__type__":"cc.PrefabInfo","root":{"__id__":1},"asset":{"__uuid__":"408m485hVFQItbdVE6SRxr"},"fileId":"52K4RavlBHIrycjKpYczUR"},"_trs":{"__type__":"TypedArray","ctor":"Float64Array","array":[0,-57,0,0,0,0,1,1,1,1]}},{"__type__":"cc.Node","_name":"label","_parent":{"__id__":21},"_components":[{"__type__":"cc.Label","node":{"__id__":22},"_materials":[{"__uuid__":"ecpdLyjvZBwrvm+cedCcQy"}],"_useOriginalSize":false,"_string":"Label","_N$string":"Label","_fontSize":30,"_N$horizontalAlign":1,"_N$verticalAlign":1,"_N$fontFamily":"微软雅黑"}],"_prefab":{"__type__":"cc.PrefabInfo","root":{"__id__":1},"asset":{"__uuid__":"408m485hVFQItbdVE6SRxr"},"fileId":"deuAVUX3hBTqejOPaVmCgC"},"_color":{"__type__":"cc.Color","r":255,"g":205,"b":170},"_contentSize":{"__type__":"cc.Size","width":75.69,"height":50.4},"_trs":{"__type__":"TypedArray","ctor":"Float64Array","array":[0,0,0,0,0,0,1,1,1,1]}},{"__type__":"cc.Node","_name":"HfNode","_parent":{"__id__":3},"_children":[{"__id__":24},{"__id__":25},{"__id__":26},{"__id__":29},{"__id__":33}],"_active":false,"_prefab":{"__type__":"cc.PrefabInfo","root":{"__id__":1},"asset":{"__uuid__":"408m485hVFQItbdVE6SRxr"},"fileId":"2aB3JhpbdIlrP86i0AI9A8"},"_trs":{"__type__":"TypedArray","ctor":"Float64Array","array":[0,0,0,0,0,0,1,1,1,1]}},{"__type__":"cc.Node","_name":"06_hb_6","_parent":{"__id__":23},"_components":[{"__type__":"cc.Sprite","node":{"__id__":24},"_materials":[{"__uuid__":"ecpdLyjvZBwrvm+cedCcQy"}],"_spriteFrame":{"__uuid__":"efB+ojyFxDlpqsYLZmPE9g"}}],"_prefab":{"__type__":"cc.PrefabInfo","root":{"__id__":1},"asset":{"__uuid__":"408m485hVFQItbdVE6SRxr"},"fileId":"deJ0hO3OZGEb+eDzEnGijr"},"_contentSize":{"__type__":"cc.Size","width":652,"height":421},"_trs":{"__type__":"TypedArray","ctor":"Float64Array","array":[0,-57.563,0,0,0,0,1,0.9,0.9,1]}},{"__type__":"cc.Node","_name":"07_hb_7","_parent":{"__id__":23},"_components":[{"__type__":"cc.Sprite","node":{"__id__":25},"_materials":[{"__uuid__":"ecpdLyjvZBwrvm+cedCcQy"}],"_spriteFrame":{"__uuid__":"05j87NmSND1KA0cITspSWK"}}],"_prefab":{"__type__":"cc.PrefabInfo","root":{"__id__":1},"asset":{"__uuid__":"408m485hVFQItbdVE6SRxr"},"fileId":"4fQ+o6J95FmYF/taSFBNkq"},"_contentSize":{"__type__":"cc.Size","width":642,"height":412},"_trs":{"__type__":"TypedArray","ctor":"Float64Array","array":[0,-260.8,0,0,0,0,1,1,1,1]}},{"__type__":"cc.Node","_name":"node1","_parent":{"__id__":23},"_children":[{"__id__":27},{"__id__":28}],"_active":false,"_prefab":{"__type__":"cc.PrefabInfo","root":{"__id__":1},"asset":{"__uuid__":"408m485hVFQItbdVE6SRxr"},"fileId":"93fyDC4XBCI7KR3Nbr6vDS"},"_trs":{"__type__":"TypedArray","ctor":"Float64Array","array":[0,0,0,0,0,0,1,1,1,1]}},{"__type__":"cc.Node","_name":"09_hb_9","_parent":{"__id__":26},"_components":[{"__type__":"cc.Sprite","node":{"__id__":27},"_materials":[{"__uuid__":"ecpdLyjvZBwrvm+cedCcQy"}],"_spriteFrame":{"__uuid__":"beO0OPRIRGiIFf7YwirweK"}}],"_prefab":{"__type__":"cc.PrefabInfo","root":{"__id__":1},"asset":{"__uuid__":"408m485hVFQItbdVE6SRxr"},"fileId":"5bS2oTdsxAypRjvg6rBBVV"},"_contentSize":{"__type__":"cc.Size","width":341,"height":113},"_trs":{"__type__":"TypedArray","ctor":"Float64Array","array":[0,38.3752,0,0,0,0,1,0.9,0.9,0.9]}},{"__type__":"cc.Node","_name":"01_hb_1","_parent":{"__id__":26},"_components":[{"__type__":"cc.Sprite","node":{"__id__":28},"_materials":[{"__uuid__":"ecpdLyjvZBwrvm+cedCcQy"}],"_spriteFrame":{"__uuid__":"67sSDxTVxL3LrB/Ci7X+uf"}},{"__type__":"cc.Animation","node":{"__id__":28},"_defaultClip":{"__uuid__":"a15nveNGRE1obRdbTg0eXH"},"_clips":[{"__uuid__":"a15nveNGRE1obRdbTg0eXH"}],"playOnLoad":true},{"__type__":"cc.Button","node":{"__id__":28},"clickEvents":[{"__type__":"cc.ClickEvent","target":{"__id__":1},"_componentId":"cded6zGoVpFHpodvtPN3GuS","handler":"openHf"}]}],"_prefab":{"__type__":"cc.PrefabInfo","root":{"__id__":1},"asset":{"__uuid__":"408m485hVFQItbdVE6SRxr"},"fileId":"0cYm+mKK5K3Y45IXIqg4xF"},"_contentSize":{"__type__":"cc.Size","width":224,"height":224},"_trs":{"__type__":"TypedArray","ctor":"Float64Array","array":[0,-127.177,0,0,0,0,1,1,1,1]}},{"__type__":"cc.Node","_name":"node2","_parent":{"__id__":23},"_children":[{"__id__":30},{"__id__":31},{"__id__":32}],"_prefab":{"__type__":"cc.PrefabInfo","root":{"__id__":1},"asset":{"__uuid__":"408m485hVFQItbdVE6SRxr"},"fileId":"88egpCwG1EerZHSS5ALOVW"},"_trs":{"__type__":"TypedArray","ctor":"Float64Array","array":[0,0,0,0,0,0,1,1,1,1]}},{"__type__":"cc.Node","_name":"tip","_parent":{"__id__":29},"_components":[{"__type__":"cc.Label","node":{"__id__":30},"_materials":[{"__uuid__":"ecpdLyjvZBwrvm+cedCcQy"}],"_useOriginalSize":false,"_string":"恭喜你获得一张话费卡","_N$string":"恭喜你获得一张话费卡","_fontSize":28,"_N$horizontalAlign":1,"_N$verticalAlign":1,"_N$fontFamily":"微软雅黑"}],"_prefab":{"__type__":"cc.PrefabInfo","root":{"__id__":1},"asset":{"__uuid__":"408m485hVFQItbdVE6SRxr"},"fileId":"15p3LoDJVHcLWAOgCv/xYk"},"_color":{"__type__":"cc.Color","r":214,"g":255,"b":255},"_contentSize":{"__type__":"cc.Size","width":280,"height":50.4},"_trs":{"__type__":"TypedArray","ctor":"Float64Array","array":[0,-89.542,0,0,0,0,1,1,1,1]}},{"__type__":"cc.Node","_name":"label","_parent":{"__id__":29},"_components":[{"__type__":"cc.Label","node":{"__id__":31},"_materials":[{"__uuid__":"ecpdLyjvZBwrvm+cedCcQy"}],"_useOriginalSize":false,"_string":"888元","_N$string":"888元","_fontSize":100.1,"_lineHeight":100,"_styleFlags":1,"_N$horizontalAlign":1,"_N$verticalAlign":1,"_N$fontFamily":"微软雅黑"}],"_prefab":{"__type__":"cc.PrefabInfo","root":{"__id__":1},"asset":{"__uuid__":"408m485hVFQItbdVE6SRxr"},"fileId":"155nVxYLBFcqVJFOHUxDg9"},"_color":{"__type__":"cc.Color","r":255,"g":223,"b":141},"_contentSize":{"__type__":"cc.Size","width":280.28,"height":126},"_trs":{"__type__":"TypedArray","ctor":"Float64Array","array":[0,38.67,0,0,0,0,1,1,1,1]}},{"__type__":"cc.Node","_name":"05_hb_5","_parent":{"__id__":29},"_components":[{"__type__":"cc.Sprite","node":{"__id__":32},"_materials":[{"__uuid__":"ecpdLyjvZBwrvm+cedCcQy"}],"_spriteFrame":{"__uuid__":"d6jze1ISBGMJWLgaPtyPbf"}},{"__type__":"cc.Button","node":{"__id__":32},"_normalMaterial":{"__uuid__":"ecpdLyjvZBwrvm+cedCcQy"},"clickEvents":[{"__type__":"cc.ClickEvent","target":{"__id__":1},"_componentId":"cded6zGoVpFHpodvtPN3GuS","handler":"keepGame"}],"_N$transition":3,"transition":3},{"__type__":"cc.Animation","node":{"__id__":32},"_defaultClip":{"__uuid__":"a15nveNGRE1obRdbTg0eXH"},"_clips":[{"__uuid__":"a15nveNGRE1obRdbTg0eXH"}],"playOnLoad":true}],"_prefab":{"__type__":"cc.PrefabInfo","root":{"__id__":1},"asset":{"__uuid__":"408m485hVFQItbdVE6SRxr"},"fileId":"922bMHvKNB6bL/2Uhn9HdQ"},"_contentSize":{"__type__":"cc.Size","width":448,"height":96},"_trs":{"__type__":"TypedArray","ctor":"Float64Array","array":[2.309,-258.585,0,0,0,0,1,1,1,1]}},{"__type__":"cc.Node","_name":"FMarqueeSmall","_parent":{"__id__":23},"_children":[{"__id__":34}],"_components":[{"__type__":"76c0c9U+z5AF5va4DgCx74W","node":{"__id__":33},"tAnnounceNode":[{"__id__":35},{"__id__":37}],"type":"hf"}],"_prefab":{"__type__":"cc.PrefabInfo","root":{"__id__":1},"asset":{"__uuid__":"408m485hVFQItbdVE6SRxr"},"fileId":"6bOwpsSfZAeLcyLngR4ZqA"},"_contentSize":{"__type__":"cc.Size","width":568,"height":57},"_trs":{"__type__":"TypedArray","ctor":"Float64Array","array":[0,-396.932,0,0,0,0,1,1,1,1]}},{"__type__":"cc.Node","_name":"Mask","_parent":{"__id__":33},"_children":[{"__id__":35},{"__id__":37}],"_components":[{"__type__":"cc.Mask","node":{"__id__":34},"_materials":[{"__uuid__":"ecpdLyjvZBwrvm+cedCcQy"}]}],"_prefab":{"__type__":"cc.PrefabInfo","root":{"__id__":1},"asset":{"__uuid__":"408m485hVFQItbdVE6SRxr"},"fileId":"63CddWsepKKILNxPxXSvVY"},"_contentSize":{"__type__":"cc.Size","width":568,"height":57},"_trs":{"__type__":"TypedArray","ctor":"Float64Array","array":[0,0,0,0,0,0,1,1,1,1]}},{"__type__":"cc.Node","_name":"marquee1","_parent":{"__id__":34},"_children":[{"__id__":36}],"_prefab":{"__type__":"cc.PrefabInfo","root":{"__id__":1},"asset":{"__uuid__":"408m485hVFQItbdVE6SRxr"},"fileId":"5cLXm6pY5B67DoYZzQbmN6"},"_trs":{"__type__":"TypedArray","ctor":"Float64Array","array":[0,0,0,0,0,0,1,1,1,1]}},{"__type__":"cc.Node","_name":"label","_parent":{"__id__":35},"_components":[{"__type__":"cc.Label","node":{"__id__":36},"_materials":[{"__uuid__":"ecpdLyjvZBwrvm+cedCcQy"}],"_useOriginalSize":false,"_string":"Label","_N$string":"Label","_fontSize":30,"_N$horizontalAlign":1,"_N$verticalAlign":1,"_N$fontFamily":"微软雅黑"}],"_prefab":{"__type__":"cc.PrefabInfo","root":{"__id__":1},"asset":{"__uuid__":"408m485hVFQItbdVE6SRxr"},"fileId":"84upUa9GVKgpYmCp3hVVTF"},"_color":{"__type__":"cc.Color","r":255,"g":205,"b":170},"_contentSize":{"__type__":"cc.Size","width":75.69,"height":50.4},"_trs":{"__type__":"TypedArray","ctor":"Float64Array","array":[0,0,0,0,0,0,1,1,1,1]}},{"__type__":"cc.Node","_name":"marquee2","_parent":{"__id__":34},"_children":[{"__id__":38}],"_prefab":{"__type__":"cc.PrefabInfo","root":{"__id__":1},"asset":{"__uuid__":"408m485hVFQItbdVE6SRxr"},"fileId":"829NwusyZGHp0F+QN/V0c1"},"_trs":{"__type__":"TypedArray","ctor":"Float64Array","array":[0,-57,0,0,0,0,1,1,1,1]}},{"__type__":"cc.Node","_name":"label","_parent":{"__id__":37},"_components":[{"__type__":"cc.Label","node":{"__id__":38},"_materials":[{"__uuid__":"ecpdLyjvZBwrvm+cedCcQy"}],"_useOriginalSize":false,"_string":"Label","_N$string":"Label","_fontSize":30,"_N$horizontalAlign":1,"_N$verticalAlign":1,"_N$fontFamily":"微软雅黑"}],"_prefab":{"__type__":"cc.PrefabInfo","root":{"__id__":1},"asset":{"__uuid__":"408m485hVFQItbdVE6SRxr"},"fileId":"04LsKSCTlFOorvjBfWSe+q"},"_color":{"__type__":"cc.Color","r":255,"g":205,"b":170},"_contentSize":{"__type__":"cc.Size","width":75.69,"height":50.4},"_trs":{"__type__":"TypedArray","ctor":"Float64Array","array":[0,0,0,0,0,0,1,1,1,1]}},{"__type__":"cc.Node","_name":"btn_close","_parent":{"__id__":3},"_children":[{"__id__":40}],"_components":[{"__type__":"cc.Button","node":{"__id__":39},"clickEvents":[{"__type__":"cc.ClickEvent","target":{"__id__":1},"_componentId":"cded6zGoVpFHpodvtPN3GuS","handler":"closePage"}],"_N$transition":3,"transition":3}],"_prefab":{"__type__":"cc.PrefabInfo","root":{"__id__":1},"asset":{"__uuid__":"408m485hVFQItbdVE6SRxr"},"fileId":"feAcPgdBRHta1NNASJD7Xw"},"_contentSize":{"__type__":"cc.Size","width":100,"height":100},"_trs":{"__type__":"TypedArray","ctor":"Float64Array","array":[267.028,417.331,0,0,0,0,1,1,1,1]}},{"__type__":"cc.Node","_name":"12_hb_12","_parent":{"__id__":39},"_components":[{"__type__":"cc.Sprite","node":{"__id__":40},"_materials":[{"__uuid__":"ecpdLyjvZBwrvm+cedCcQy"}],"_spriteFrame":{"__uuid__":"d87fvsnytETLZpSsFtZ4bj"}}],"_prefab":{"__type__":"cc.PrefabInfo","root":{"__id__":1},"asset":{"__uuid__":"408m485hVFQItbdVE6SRxr"},"fileId":"9dj7d9YA1J9YLr4wTwqtep"},"_contentSize":{"__type__":"cc.Size","width":39,"height":37},"_trs":{"__type__":"TypedArray","ctor":"Float64Array","array":[0,0,0,0,0,0,1,1,1,1]}}],{"__type__":"cc.SpriteFrame","content":{"name":"01_hb_1","texture":"c1oEvSX+hHIo5OmO5tE1An","rect":[0,0,224,224],"offset":[0,0],"originalSize":[224,224],"capInsets":[0,0,0,0]}},{"__type__":"cc.SpriteFrame","content":{"name":"04_hb_4","texture":"b5u5rryjpIF4ub3MV0aVE7","rect":[0,0,143,144],"offset":[0,0],"originalSize":[143,144],"capInsets":[0,0,0,0]}},{"__type__":"cc.SpriteFrame","content":{"name":"11_hb_11","texture":"ecg0HIfp5PRbu+CNnjsVEw","rect":[0,0,343,47],"offset":[0,0],"originalSize":[343,47],"capInsets":[0,0,0,0]}},{"__type__":"cc.SpriteFrame","content":{"name":"default_sprite_splash","texture":"02delMVqdBD70a/HSD99FK","rect":[0,0,2,2],"offset":[0,0],"originalSize":[2,2],"capInsets":[0,0,0,0]}},{"__type__":"cc.SpriteFrame","content":{"name":"09_hb_9","texture":"eb5sq9w+lD8YhSuXppCF+a","rect":[0,0,341,113],"offset":[0,0],"originalSize":[341,113],"capInsets":[0,0,0,0]}},{"__type__":"cc.SpriteFrame","content":{"name":"05_hb_5","texture":"61hEA8u9xMj6DA7K7UrEl4","rect":[0,0,448,96],"offset":[0,0],"originalSize":[448,96],"capInsets":[0,0,0,0]}},{"__type__":"cc.SpriteFrame","content":{"name":"12_hb_12","texture":"afCNUq/6tE8rEFLwmsiTPy","rect":[0,0,39,37],"offset":[0,0],"originalSize":[39,37],"capInsets":[0,0,0,0]}},{"__type__":"cc.SpriteFrame","content":{"name":"06_hb_6","texture":"ddB9+XquhLUIRQFBxZfNx/","rect":[0,0,652,421],"offset":[0,0],"originalSize":[652,421],"capInsets":[0,0,0,0]}}]