[[{"__type__":"cc.Prefab","_name":"polygon1","data":{"__id__":1}},{"__type__":"cc.Node","_name":"polygon1","_children":[{"__id__":2},{"__id__":3},{"__id__":4},{"__id__":5}],"_components":[{"__type__":"cc.RigidBody","node":{"__id__":1},"_type":0,"enabledContactListener":true},{"__type__":"cc.PhysicsPolygonCollider","node":{"__id__":1},"_friction":0,"_restitution":0.7,"points":[{"__type__":"cc.Vec2","x":55.7,"y":1.6},{"__type__":"cc.Vec2","x":-5.5,"y":58.6},{"__type__":"cc.Vec2","x":-65,"y":-1.8},{"__type__":"cc.Vec2","x":-1.5,"y":-59.9}]},{"__type__":"3bac05iQnRCHbhvPa7lWI7S","node":{"__id__":1},"lbScore":{"__id__":6}}],"_prefab":{"__type__":"cc.PrefabInfo","root":{"__id__":1},"asset":{"__uuid__":"4102b5jhhOxYnIjMko6ggP"},"fileId":"20tSm9zPFITqwJ+3bewIwp"},"_contentSize":{"__type__":"cc.Size","width":149,"height":157},"_trs":{"__type__":"TypedArray","ctor":"Float64Array","array":[0,0,0,0,0,0,1,0.85,0.85,1]}},{"__type__":"cc.Node","_name":"bloacks_1","_parent":{"__id__":1},"_components":[{"__type__":"cc.Sprite","node":{"__id__":2},"_materials":[{"__uuid__":"ecpdLyjvZBwrvm+cedCcQy"}],"_spriteFrame":{"__uuid__":"e9blzZuXBGVLE/KtuerFC/"}}],"_prefab":{"__type__":"cc.PrefabInfo","root":{"__id__":1},"asset":{"__uuid__":"4102b5jhhOxYnIjMko6ggP"},"fileId":"78fkWTzZZEDLJzQXa6lFez"},"_contentSize":{"__type__":"cc.Size","width":102,"height":101},"_trs":{"__type__":"TypedArray","ctor":"Float64Array","array":[-0.566,0,0,0,0,0,1,1.1,1.1,1]}},{"__type__":"cc.Node","_name":"bloacks_2","_parent":{"__id__":1},"_components":[{"__type__":"cc.Sprite","node":{"__id__":3},"_materials":[{"__uuid__":"ecpdLyjvZBwrvm+cedCcQy"}],"_spriteFrame":{"__uuid__":"55ms6wJHxI+abypBI3y6cB"}}],"_prefab":{"__type__":"cc.PrefabInfo","root":{"__id__":1},"asset":{"__uuid__":"4102b5jhhOxYnIjMko6ggP"},"fileId":"3fnemu5ApIyK8x+SHECRp7"},"_contentSize":{"__type__":"cc.Size","width":149,"height":157},"_trs":{"__type__":"TypedArray","ctor":"Float64Array","array":[5.14,0,0,0,0,0,1,1,1,1]}},{"__type__":"cc.Node","_name":"bloacks_3","_parent":{"__id__":1},"_components":[{"__type__":"cc.Sprite","node":{"__id__":4},"_materials":[{"__uuid__":"ecpdLyjvZBwrvm+cedCcQy"}],"_spriteFrame":{"__uuid__":"fbmJkP+qJOJ4kh0XPoNL2X"}}],"_prefab":{"__type__":"cc.PrefabInfo","root":{"__id__":1},"asset":{"__uuid__":"4102b5jhhOxYnIjMko6ggP"},"fileId":"0c/f+9b+BPSbDx2qoINufr"},"_contentSize":{"__type__":"cc.Size","width":118,"height":118},"_trs":{"__type__":"TypedArray","ctor":"Float64Array","array":[0.734,0,0,0,0,0,1,1,1,1]}},{"__type__":"cc.Node","_name":"New Label","_parent":{"__id__":1},"_components":[{"__id__":6}],"_prefab":{"__type__":"cc.PrefabInfo","root":{"__id__":1},"asset":{"__uuid__":"4102b5jhhOxYnIjMko6ggP"},"fileId":"d0fUSsZ4RAO74yw9JK4Xdt"},"_color":{"__type__":"cc.Color"},"_contentSize":{"__type__":"cc.Size","width":66.74,"height":50.4},"_trs":{"__type__":"TypedArray","ctor":"Float64Array","array":[0,3.199,0,0,0,0,1,1,1,1]}},{"__type__":"cc.Label","node":{"__id__":5},"_materials":[{"__uuid__":"ecpdLyjvZBwrvm+cedCcQy"}],"_useOriginalSize":false,"_string":"9990","_N$string":"9990","_fontSize":30,"_styleFlags":1,"_N$horizontalAlign":1,"_N$verticalAlign":1}],{"__type__":"cc.SpriteFrame","content":{"name":"bloacks_2","texture":"df/H6v+7JJHbl61L8mqkYJ","rect":[0,0,149,157],"offset":[0,0],"originalSize":[149,157],"capInsets":[0,0,0,0]}},{"__type__":"cc.SpriteFrame","content":{"name":"bloacks_1","texture":"83RBL/kpBN05TiL8pS4ORu","rect":[0,0,102,101],"offset":[0,0],"originalSize":[102,101],"capInsets":[0,0,0,0]}},{"__type__":"cc.SpriteFrame","content":{"name":"bloacks_3","texture":"fblK+9kjpP4YROUosHuZVu","rect":[0,0,118,118],"offset":[0,0],"originalSize":[118,118],"capInsets":[0,0,0,0]}}]