[{"__type__":"cc.BitmapFont","_name":"gameFont","spriteFrame":{"__uuid__":"bdPMAlC3NPrJy4KfArpXE/"},"fontSize":72,"_fntConfig":{"commonHeight":72,"fontSize":72,"atlasName":"gameFont.png","fontDefDictionary":{"48":{"rect":{"x":56,"y":0,"width":51,"height":72},"xOffset":0,"yOffset":0,"xAdvance":51},"49":{"rect":{"x":211,"y":74,"width":31,"height":72},"xOffset":0,"yOffset":0,"xAdvance":31},"50":{"rect":{"x":162,"y":0,"width":47,"height":72},"xOffset":0,"yOffset":0,"xAdvance":47},"51":{"rect":{"x":162,"y":74,"width":45,"height":72},"xOffset":0,"yOffset":0,"xAdvance":45},"52":{"rect":{"x":0,"y":0,"width":54,"height":72},"xOffset":0,"yOffset":0,"xAdvance":54},"53":{"rect":{"x":211,"y":0,"width":44,"height":72},"xOffset":0,"yOffset":0,"xAdvance":44},"54":{"rect":{"x":0,"y":74,"width":50,"height":72},"xOffset":0,"yOffset":0,"xAdvance":50},"55":{"rect":{"x":52,"y":74,"width":50,"height":72},"xOffset":0,"yOffset":0,"xAdvance":50},"56":{"rect":{"x":109,"y":0,"width":51,"height":72},"xOffset":0,"yOffset":0,"xAdvance":51},"57":{"rect":{"x":104,"y":74,"width":49,"height":72},"xOffset":0,"yOffset":0,"xAdvance":49}},"kerningDict":{}}},{"__type__":"cc.SpriteFrame","content":{"name":"gameFont","texture":"b0JhDwG+xOs7Pd+WJrajwX","rect":[0,0,255,146],"offset":[0,0],"originalSize":[255,146],"capInsets":[0,0,0,0]}}]