[{"__type__":"cc.SpriteFrame","content":{"name":"25","texture":"f45becV2BKpqLgJHMbrLWz","rect":[3,3,52,52],"offset":[0,0],"originalSize":[58,58],"capInsets":[0,0,0,0]}},[{"__type__":"cc.Prefab","_name":"buffAddBall","data":{"__id__":1}},{"__type__":"cc.Node","_name":"buffAddBall","_components":[{"__type__":"cc.Sprite","node":{"__id__":1},"_materials":[{"__uuid__":"ecpdLyjvZBwrvm+cedCcQy"}],"_spriteFrame":{"__uuid__":"2fvN0dUvVHDLU0M1pXlTNS"}},{"__type__":"cc.RigidBody","node":{"__id__":1},"_type":0,"enabledContactListener":true},{"__type__":"cc.PhysicsCircleCollider","node":{"__id__":1},"_sensor":true,"_radius":28},{"__type__":"3bac05iQnRCHbhvPa7lWI7S","node":{"__id__":1},"isAddBuffBall":true}],"_prefab":{"__type__":"cc.PrefabInfo","root":{"__id__":1},"asset":{"__uuid__":"4bV4wbr0VHP6ApxuboK8pl"},"fileId":"4fO4YPMuRAiLSCq5cS3t8/"},"_contentSize":{"__type__":"cc.Size","width":52,"height":52},"_trs":{"__type__":"TypedArray","ctor":"Float64Array","array":[0,0,0,0,0,0,1,1,1,1]}}]]