[{"__type__":"cc.SpriteFrame","content":{"name":"01_2048_zt","texture":"7bCW1O7R9PoJIJ3SLCyQ0S","rect":[4,4,59,58],"offset":[0,0],"originalSize":[67,66],"capInsets":[0,0,0,0]}},{"__type__":"cc.SpriteFrame","content":{"name":"03_2048_zt_bg","texture":"acsACMQNJMcJ6uXgfbCvOo","rect":[0,0,513,87],"offset":[0,0],"originalSize":[513,87],"capInsets":[28,0,100,0]}},{"__type__":"cc.SpriteFrame","content":{"name":"02_zt_2","texture":"d7cp1nK5NGl5VQbdjgFrD/","rect":[0,0,404,105],"offset":[0,0],"originalSize":[404,105],"capInsets":[0,0,0,0]}},[{"__type__":"cc.Prefab","_name":"FTransHf","data":{"__id__":1}},{"__type__":"cc.Node","_name":"FTransHf","_children":[{"__id__":2},{"__id__":3}],"_components":[{"__type__":"cc.BlockInputEvents","node":{"__id__":1}},{"__type__":"af69dtviFVJt7cbL/QgKF02","node":{"__id__":1},"mEditBox":{"__id__":15}}],"_prefab":{"__type__":"cc.PrefabInfo","root":{"__id__":1},"asset":{"__uuid__":"4awbQznDdNMbMmIcsEi/fM"},"fileId":"d0k2RXZExNNJSKAqeQwPMN"},"_contentSize":{"__type__":"cc.Size","width":720,"height":1280},"_trs":{"__type__":"TypedArray","ctor":"Float64Array","array":[0,0,0,0,0,0,1,1,1,1]}},{"__type__":"cc.Node","_name":"bg","_parent":{"__id__":1},"_components":[{"__type__":"cc.Sprite","node":{"__id__":2},"_materials":[{"__uuid__":"ecpdLyjvZBwrvm+cedCcQy"}],"_spriteFrame":{"__uuid__":"a2MjXRFdtLlYQ5ouAFv/+R"},"_sizeMode":0},{"__type__":"cc.Widget","node":{"__id__":2},"_alignFlags":45,"_originalWidth":100,"_originalHeight":100}],"_prefab":{"__type__":"cc.PrefabInfo","root":{"__id__":1},"asset":{"__uuid__":"4awbQznDdNMbMmIcsEi/fM"},"fileId":"79LAOWw1hIVboPSM4b02PT"},"_opacity":200,"_color":{"__type__":"cc.Color"},"_contentSize":{"__type__":"cc.Size","width":720,"height":1280},"_trs":{"__type__":"TypedArray","ctor":"Float64Array","array":[0,0,0,0,0,0,1,1,1,1]}},{"__type__":"cc.Node","_name":"mainNode","_parent":{"__id__":1},"_children":[{"__id__":4},{"__id__":5},{"__id__":9},{"__id__":16},{"__id__":17}],"_prefab":{"__type__":"cc.PrefabInfo","root":{"__id__":1},"asset":{"__uuid__":"4awbQznDdNMbMmIcsEi/fM"},"fileId":"01PCrTwIRCeI7l+xEvdvjy"},"_contentSize":{"__type__":"cc.Size","width":630,"height":600},"_trs":{"__type__":"TypedArray","ctor":"Float64Array","array":[0,0,0,0,0,0,1,1,1,1]}},{"__type__":"cc.Node","_name":"04_2048_zt_bg","_parent":{"__id__":3},"_components":[{"__type__":"cc.Sprite","node":{"__id__":4},"_materials":[{"__uuid__":"ecpdLyjvZBwrvm+cedCcQy"}],"_spriteFrame":{"__uuid__":"a8Wo6crABI65gmQM6cPSbW"},"_type":1,"_sizeMode":0}],"_prefab":{"__type__":"cc.PrefabInfo","root":{"__id__":1},"asset":{"__uuid__":"4awbQznDdNMbMmIcsEi/fM"},"fileId":"b9onxsAwtC07+aZcevoQ4p"},"_contentSize":{"__type__":"cc.Size","width":630,"height":600},"_trs":{"__type__":"TypedArray","ctor":"Float64Array","array":[0,0,0,0,0,0,1,1,1,1]}},{"__type__":"cc.Node","_name":"03_2048_zt_bg","_parent":{"__id__":3},"_children":[{"__id__":6},{"__id__":7}],"_components":[{"__type__":"cc.Sprite","node":{"__id__":5},"_materials":[{"__uuid__":"ecpdLyjvZBwrvm+cedCcQy"}],"_spriteFrame":{"__uuid__":"3fz06o12lE74ogRpEWIfmc"},"_sizeMode":0}],"_prefab":{"__type__":"cc.PrefabInfo","root":{"__id__":1},"asset":{"__uuid__":"4awbQznDdNMbMmIcsEi/fM"},"fileId":"77tvZRKj9IZ4Kq98UeXaXW"},"_contentSize":{"__type__":"cc.Size","width":635,"height":87},"_trs":{"__type__":"TypedArray","ctor":"Float64Array","array":[0,274.909,0,0,0,0,1,1,1,1]}},{"__type__":"cc.Node","_name":"12_wxhb__Background","_parent":{"__id__":5},"_components":[{"__type__":"cc.Sprite","node":{"__id__":6},"_materials":[{"__uuid__":"ecpdLyjvZBwrvm+cedCcQy"}],"_spriteFrame":{"__uuid__":"fanwCsGeJKEYrsvLRxcu4H"}}],"_prefab":{"__type__":"cc.PrefabInfo","root":{"__id__":1},"asset":{"__uuid__":"4awbQznDdNMbMmIcsEi/fM"},"fileId":"53fDEoofBPPJeJKQwTjKQ8"},"_contentSize":{"__type__":"cc.Size","width":197,"height":49},"_trs":{"__type__":"TypedArray","ctor":"Float64Array","array":[0,2,0,0,0,0,1,1,1,1]}},{"__type__":"cc.Node","_name":"btn_close","_parent":{"__id__":5},"_children":[{"__id__":8}],"_components":[{"__type__":"cc.Button","node":{"__id__":7},"clickEvents":[{"__type__":"cc.ClickEvent","target":{"__id__":1},"_componentId":"af69dtviFVJt7cbL/QgKF02","handler":"closePage"}],"_N$transition":3,"transition":3}],"_prefab":{"__type__":"cc.PrefabInfo","root":{"__id__":1},"asset":{"__uuid__":"4awbQznDdNMbMmIcsEi/fM"},"fileId":"15Jc5TaTRC3b2I9rkUgyT7"},"_contentSize":{"__type__":"cc.Size","width":100,"height":100},"_trs":{"__type__":"TypedArray","ctor":"Float64Array","array":[269.482,0,0,0,0,0,1,1,1,1]}},{"__type__":"cc.Node","_name":"01_2048_zt","_parent":{"__id__":7},"_components":[{"__type__":"cc.Sprite","node":{"__id__":8},"_materials":[{"__uuid__":"ecpdLyjvZBwrvm+cedCcQy"}],"_spriteFrame":{"__uuid__":"3fZ8mE66VFm5WACn/p/s95"}}],"_prefab":{"__type__":"cc.PrefabInfo","root":{"__id__":1},"asset":{"__uuid__":"4awbQznDdNMbMmIcsEi/fM"},"fileId":"faLazin2RE+J4nzUP8+T8/"},"_contentSize":{"__type__":"cc.Size","width":59,"height":58},"_trs":{"__type__":"TypedArray","ctor":"Float64Array","array":[-3.23,2,0,0,0,0,1,1,1,1]}},{"__type__":"cc.Node","_name":"New EditBox","_parent":{"__id__":3},"_children":[{"__id__":10},{"__id__":11},{"__id__":13}],"_components":[{"__id__":15}],"_prefab":{"__type__":"cc.PrefabInfo","root":{"__id__":1},"asset":{"__uuid__":"4awbQznDdNMbMmIcsEi/fM"},"fileId":"b72OknFspN4bwQCIrHQcHP"},"_contentSize":{"__type__":"cc.Size","width":500,"height":60},"_trs":{"__type__":"TypedArray","ctor":"Float64Array","array":[0,75,0,0,0,0,1,1,1,1]}},{"__type__":"cc.Node","_name":"03_zt_3","_parent":{"__id__":9},"_components":[{"__type__":"cc.Sprite","node":{"__id__":10},"_materials":[{"__uuid__":"ecpdLyjvZBwrvm+cedCcQy"}],"_spriteFrame":{"__uuid__":"d9T8MpiQJABq2pHSReVBzh"},"_type":1,"_sizeMode":0}],"_prefab":{"__type__":"cc.PrefabInfo","root":{"__id__":1},"asset":{"__uuid__":"4awbQznDdNMbMmIcsEi/fM"},"fileId":"1etWQSNctEYZKPilXXwsGF"},"_contentSize":{"__type__":"cc.Size","width":560,"height":98},"_trs":{"__type__":"TypedArray","ctor":"Float64Array","array":[0,0,0,0,0,0,1,1,1,1]}},{"__type__":"cc.Node","_name":"TEXT_LABEL","_objFlags":512,"_parent":{"__id__":9},"_active":false,"_components":[{"__id__":12},{"__type__":"cc.Widget","node":{"__id__":11},"alignMode":0,"_alignFlags":45,"_left":2,"_originalWidth":158,"_originalHeight":40}],"_prefab":{"__type__":"cc.PrefabInfo","root":{"__id__":1},"asset":{"__uuid__":"4awbQznDdNMbMmIcsEi/fM"},"fileId":"2eq1mkdiBAna0AQ6tQJEfg"},"_contentSize":{"__type__":"cc.Size","width":158,"height":40},"_anchorPoint":{"__type__":"cc.Vec2","y":1},"_trs":{"__type__":"TypedArray","ctor":"Float64Array","array":[-78,20,0,0,0,0,1,1,1,1]}},{"__type__":"cc.Label","node":{"__id__":11},"_lineHeight":42,"_enableWrapText":false,"_N$verticalAlign":1,"_N$fontFamily":"微软雅黑","_N$overflow":1},{"__type__":"cc.Node","_name":"PLACEHOLDER_LABEL","_objFlags":512,"_parent":{"__id__":9},"_components":[{"__id__":14},{"__type__":"cc.Widget","node":{"__id__":13},"alignMode":0,"_alignFlags":45,"_left":2,"_originalWidth":158,"_originalHeight":40}],"_prefab":{"__type__":"cc.PrefabInfo","root":{"__id__":1},"asset":{"__uuid__":"4awbQznDdNMbMmIcsEi/fM"},"fileId":"9e8pqwI6NPwKez2oB+biUB"},"_color":{"__type__":"cc.Color","r":157,"g":157,"b":157},"_contentSize":{"__type__":"cc.Size","width":498,"height":60},"_anchorPoint":{"__type__":"cc.Vec2","y":1},"_trs":{"__type__":"TypedArray","ctor":"Float64Array","array":[-248,30,0,0,0,0,1,1,1,1]}},{"__type__":"cc.Label","node":{"__id__":13},"_materials":[{"__uuid__":"ecpdLyjvZBwrvm+cedCcQy"}],"_string":"请输入您的手机号码","_N$string":"请输入您的手机号码","_fontSize":30,"_lineHeight":32,"_enableWrapText":false,"_N$verticalAlign":1,"_N$fontFamily":"微软雅黑","_N$overflow":1},{"__type__":"cc.EditBox","node":{"__id__":9},"_useOriginalSize":false,"maxLength":11,"_N$textLabel":{"__id__":12},"_N$placeholderLabel":{"__id__":14},"_N$inputMode":6},{"__type__":"cc.Node","_name":"02_zt_2","_parent":{"__id__":3},"_components":[{"__type__":"cc.Sprite","node":{"__id__":16},"_materials":[{"__uuid__":"ecpdLyjvZBwrvm+cedCcQy"}],"_spriteFrame":{"__uuid__":"42td9jyPJF/bA2zd4rjqSE"}}],"_prefab":{"__type__":"cc.PrefabInfo","root":{"__id__":1},"asset":{"__uuid__":"4awbQznDdNMbMmIcsEi/fM"},"fileId":"f9IgmCqupH5Yit/sOG1V+D"},"_contentSize":{"__type__":"cc.Size","width":404,"height":105},"_trs":{"__type__":"TypedArray","ctor":"Float64Array","array":[0,-122.393,0,0,0,0,1,1,1,1]}},{"__type__":"cc.Node","_name":"label","_parent":{"__id__":3},"_components":[{"__type__":"cc.Label","node":{"__id__":17},"_materials":[{"__uuid__":"ecpdLyjvZBwrvm+cedCcQy"}],"_useOriginalSize":false,"_string":"系统将在7个工作日内为您充值到账，请注意查收","_N$string":"系统将在7个工作日内为您充值到账，请注意查收","_fontSize":25,"_N$horizontalAlign":1,"_N$verticalAlign":1,"_N$fontFamily":"微软雅黑"}],"_prefab":{"__type__":"cc.PrefabInfo","root":{"__id__":1},"asset":{"__uuid__":"4awbQznDdNMbMmIcsEi/fM"},"fileId":"baj5Biwi5JgKahwgjD0pXI"},"_color":{"__type__":"cc.Color","r":84,"g":118,"b":152},"_contentSize":{"__type__":"cc.Size","width":538.67,"height":50.4},"_trs":{"__type__":"TypedArray","ctor":"Float64Array","array":[0,-255.427,0,0,0,0,1,1,1,1]}}],{"__type__":"cc.SpriteFrame","content":{"name":"default_sprite_splash","texture":"02delMVqdBD70a/HSD99FK","rect":[0,0,2,2],"offset":[0,0],"originalSize":[2,2],"capInsets":[0,0,0,0]}},{"__type__":"cc.SpriteFrame","content":{"name":"04_2048_zt_bg","texture":"17dI5XejZMr7tzlWs/XL5u","rect":[0,0,89,66],"offset":[0,0],"originalSize":[89,66],"capInsets":[30,21,28,30]}},{"__type__":"cc.SpriteFrame","content":{"name":"03_zt_3","texture":"5cHtpkPstFgYqyOME71B3a","rect":[0,0,69,98],"offset":[0,0],"originalSize":[69,98],"capInsets":[24,0,27,0]}},{"__type__":"cc.SpriteFrame","content":{"name":"01_zt_1","texture":"d7Zm9P0L1IKrIimRKVkP/c","rect":[0,0,197,49],"offset":[0,0],"originalSize":[197,49],"capInsets":[0,0,0,0]}}]