[[{"__type__":"cc.Prefab","_name":"FMoreIcon","data":{"__id__":1}},{"__type__":"cc.Node","_name":"FMoreIcon","_children":[{"__id__":2}],"_components":[{"__type__":"cc.Sprite","node":{"__id__":1},"_materials":[{"__uuid__":"ecpdLyjvZBwrvm+cedCcQy"}],"_spriteFrame":{"__uuid__":"5fV3CdEy5CuJBxWlIUf+d/"}},{"__type__":"80f2e6b/Q9G8KiGsHNK4+ZE","node":{"__id__":1},"icon":{"__id__":3}},{"__type__":"cc.Animation","node":{"__id__":1},"_defaultClip":{"__uuid__":"97rUZMD3xPqb4kV1+aLHK2"},"_clips":[{"__uuid__":"97rUZMD3xPqb4kV1+aLHK2"}],"playOnLoad":true},{"__type__":"cc.Button","node":{"__id__":1},"clickEvents":[{"__type__":"cc.ClickEvent","target":{"__id__":1},"_componentId":"80f2e6b/Q9G8KiGsHNK4+ZE","handler":"openMorePanel"}],"_N$normalColor":{"__type__":"cc.Color","r":214,"g":214,"b":214}}],"_prefab":{"__type__":"cc.PrefabInfo","root":{"__id__":1},"asset":{"__uuid__":"237w+8u5lLGo5D53p2+2k/"},"fileId":"33+bqXIThD+YPJj+zhiw2G"},"_contentSize":{"__type__":"cc.Size","width":109,"height":115},"_trs":{"__type__":"TypedArray","ctor":"Float64Array","array":[-300,413,0,0,0,0,1,1,1,1]}},{"__type__":"cc.Node","_name":"icon","_parent":{"__id__":1},"_components":[{"__id__":3}],"_prefab":{"__type__":"cc.PrefabInfo","root":{"__id__":1},"asset":{"__uuid__":"237w+8u5lLGo5D53p2+2k/"},"fileId":"71ZMdTeBZATKIm+lSgyAsX"},"_contentSize":{"__type__":"cc.Size","width":85,"height":85},"_trs":{"__type__":"TypedArray","ctor":"Float64Array","array":[-4.5,-3.5,0,0,0,0,1,1,1,1]}},{"__type__":"cc.Sprite","node":{"__id__":2},"_materials":[{"__uuid__":"ecpdLyjvZBwrvm+cedCcQy"}],"_sizeMode":0}],{"__type__":"cc.SpriteFrame","content":{"name":"28_wfjm_lj","texture":"04DSl5lQVDDbJs7tHTVUzB","rect":[1,0,109,115],"offset":[0.5,0],"originalSize":[110,115],"capInsets":[0,0,0,0]}}]