[{"__type__":"cc.SpriteFrame","content":{"name":"03_dqdf_32","texture":"ada7KZHHFIXYDjeatcGsJf","rect":[1,0,302,123],"offset":[-0.5,0.5],"originalSize":[305,124],"capInsets":[0,0,0,0]}},{"__type__":"cc.SpriteFrame","content":{"name":"01_zt_1","texture":"fc3CYsx/9Ox4J9vpenPezq","rect":[0,0,549,62],"offset":[0,0.5],"originalSize":[549,63],"capInsets":[0,0,0,0]}},{"__type__":"cc.SpriteFrame","content":{"name":"02_dqdf_2","texture":"a9DxCbyWRKj4TESfeNAvMJ","rect":[2,2,374,161],"offset":[-0.5,0.5],"originalSize":[379,166],"capInsets":[0,0,0,0]}},[{"__type__":"cc.Prefab","_name":"node_gameOver","data":{"__id__":1}},{"__type__":"cc.Node","_name":"node_gameOver","_children":[{"__id__":2},{"__id__":4},{"__id__":5},{"__id__":6},{"__id__":7}],"_components":[{"__type__":"3d886/vbpNA5K99retBrpQy","node":{"__id__":1},"resurgenceNode":{"__id__":5},"restartNode":{"__id__":6},"currentLabel":{"__id__":3},"historyLabel":{"__id__":9}}],"_prefab":{"__type__":"cc.PrefabInfo","root":{"__id__":1},"asset":{"__uuid__":"deLGhdYo9B8p4WRBHxCnMu"},"fileId":"0aNYPt8RVLRpfZpyhSB/v2"},"_trs":{"__type__":"TypedArray","ctor":"Float64Array","array":[0,0,0,0,0,0,1,1,1,1]}},{"__type__":"cc.Node","_name":"score","_parent":{"__id__":1},"_components":[{"__id__":3}],"_prefab":{"__type__":"cc.PrefabInfo","root":{"__id__":1},"asset":{"__uuid__":"deLGhdYo9B8p4WRBHxCnMu"},"fileId":"41no3oq7NAdIQxJfRJylsU"},"_contentSize":{"__type__":"cc.Size","width":204,"height":80},"_trs":{"__type__":"TypedArray","ctor":"Float64Array","array":[0,221.384,0,0,0,0,1,1,1,1]}},{"__type__":"cc.Label","node":{"__id__":2},"_materials":[{"__uuid__":"ecpdLyjvZBwrvm+cedCcQy"}],"_useOriginalSize":false,"_string":"8888","_N$string":"8888","_fontSize":72,"_lineHeight":80,"_N$file":{"__uuid__":"01WMTDa3VPrJbhHke5W2Tj"},"_isSystemFontUsed":false,"_N$horizontalAlign":1,"_N$verticalAlign":1},{"__type__":"cc.Node","_name":"01_zt_1","_parent":{"__id__":1},"_components":[{"__type__":"cc.Sprite","node":{"__id__":4},"_materials":[{"__uuid__":"ecpdLyjvZBwrvm+cedCcQy"}],"_spriteFrame":{"__uuid__":"68X/tI0L5OIoWmT2vZCqpB"}}],"_prefab":{"__type__":"cc.PrefabInfo","root":{"__id__":1},"asset":{"__uuid__":"deLGhdYo9B8p4WRBHxCnMu"},"fileId":"27zAhmP89H9IhUVhmWvI78"},"_contentSize":{"__type__":"cc.Size","width":549,"height":62},"_trs":{"__type__":"TypedArray","ctor":"Float64Array","array":[0,381.251,0,0,0,0,1,1,1,1]}},{"__type__":"cc.Node","_name":"01_bnt_1","_parent":{"__id__":1},"_components":[{"__type__":"cc.Sprite","node":{"__id__":5},"_materials":[{"__uuid__":"ecpdLyjvZBwrvm+cedCcQy"}],"_spriteFrame":{"__uuid__":"7elC343pNEUbrEkw6qpFJO"}},{"__type__":"cc.Button","node":{"__id__":5},"_normalMaterial":{"__uuid__":"ecpdLyjvZBwrvm+cedCcQy"},"zoomScale":0.8,"clickEvents":[{"__type__":"cc.ClickEvent","target":{"__id__":1},"_componentId":"3d886/vbpNA5K99retBrpQy","handler":"resurgenceHandle"}],"_N$transition":3,"transition":3}],"_prefab":{"__type__":"cc.PrefabInfo","root":{"__id__":1},"asset":{"__uuid__":"deLGhdYo9B8p4WRBHxCnMu"},"fileId":"559o23I/lBy7g5muBpQ0XU"},"_contentSize":{"__type__":"cc.Size","width":374,"height":161},"_trs":{"__type__":"TypedArray","ctor":"Float64Array","array":[0,-180.822,0,0,0,0,1,1,1,0]}},{"__type__":"cc.Node","_name":"02_bnt_2","_parent":{"__id__":1},"_components":[{"__type__":"cc.Sprite","node":{"__id__":6},"_materials":[{"__uuid__":"ecpdLyjvZBwrvm+cedCcQy"}],"_spriteFrame":{"__uuid__":"03VdaOVeBOG7nAyQ69KWF4"}},{"__type__":"cc.Button","node":{"__id__":6},"_normalMaterial":{"__uuid__":"ecpdLyjvZBwrvm+cedCcQy"},"zoomScale":0.8,"clickEvents":[{"__type__":"cc.ClickEvent","target":{"__id__":1},"_componentId":"3d886/vbpNA5K99retBrpQy","handler":"restartHandle"}],"_N$transition":3,"transition":3}],"_prefab":{"__type__":"cc.PrefabInfo","root":{"__id__":1},"asset":{"__uuid__":"deLGhdYo9B8p4WRBHxCnMu"},"fileId":"35LUgWzUpCT5a78H+0XUYO"},"_contentSize":{"__type__":"cc.Size","width":302,"height":123},"_trs":{"__type__":"TypedArray","ctor":"Float64Array","array":[0,-324.878,0,0,0,0,1,1,1,1]}},{"__type__":"cc.Node","_name":"historyLabel","_parent":{"__id__":1},"_children":[{"__id__":8}],"_components":[{"__type__":"cc.Label","node":{"__id__":7},"_materials":[{"__uuid__":"ecpdLyjvZBwrvm+cedCcQy"}],"_useOriginalSize":false,"_string":"历史最高","_N$string":"历史最高","_fontSize":35,"_N$horizontalAlign":1,"_N$verticalAlign":1}],"_prefab":{"__type__":"cc.PrefabInfo","root":{"__id__":1},"asset":{"__uuid__":"deLGhdYo9B8p4WRBHxCnMu"},"fileId":"b4yx4jzfVKrLhINd0sWurG"},"_color":{"__type__":"cc.Color","r":255,"g":215,"b":108},"_contentSize":{"__type__":"cc.Size","width":140,"height":50.4},"_trs":{"__type__":"TypedArray","ctor":"Float64Array","array":[0,26.655,0,0,0,0,1,1,1,1]}},{"__type__":"cc.Node","_name":"scoreLabel","_parent":{"__id__":7},"_components":[{"__id__":9}],"_prefab":{"__type__":"cc.PrefabInfo","root":{"__id__":1},"asset":{"__uuid__":"deLGhdYo9B8p4WRBHxCnMu"},"fileId":"5bbmS93INGy7M0QFh9aN+D"},"_color":{"__type__":"cc.Color","r":255,"g":215,"b":108},"_contentSize":{"__type__":"cc.Size","width":116.79,"height":50.4},"_trs":{"__type__":"TypedArray","ctor":"Float64Array","array":[0,-57.677,0,0,0,0,1,1,1,1]}},{"__type__":"cc.Label","node":{"__id__":8},"_materials":[{"__uuid__":"ecpdLyjvZBwrvm+cedCcQy"}],"_useOriginalSize":false,"_string":"321245","_N$string":"321245","_fontSize":35,"_N$horizontalAlign":1,"_N$verticalAlign":1}]]