[[{"__type__":"cc.Prefab","_name":"FToast","data":{"__id__":1}},{"__type__":"cc.Node","_name":"FToast","_children":[{"__id__":2},{"__id__":3}],"_components":[{"__type__":"cc.Widget","node":{"__id__":1},"_alignFlags":40},{"__type__":"cc.BlockInputEvents","node":{"__id__":1}}],"_prefab":{"__type__":"cc.PrefabInfo","root":{"__id__":1},"asset":{"__uuid__":"45r7T2LV5BWJLrx9v/pAGl"},"fileId":"e7vhm3171KKq7M3jFuhXIP"},"_contentSize":{"__type__":"cc.Size","width":720},"_trs":{"__type__":"TypedArray","ctor":"Float64Array","array":[360,0,0,0,0,0,1,1,1,1]}},{"__type__":"cc.Node","_name":"img_add_bg","_parent":{"__id__":1},"_components":[{"__type__":"cc.Sprite","node":{"__id__":2},"_materials":[{"__uuid__":"ecpdLyjvZBwrvm+cedCcQy"}],"_spriteFrame":{"__uuid__":"50pscr/QVHzKPNk5RmZMTk"},"_sizeMode":0},{"__type__":"cc.Widget","node":{"__id__":2},"_alignFlags":40,"_left":-50,"_right":-50,"_originalWidth":564}],"_prefab":{"__type__":"cc.PrefabInfo","root":{"__id__":1},"asset":{"__uuid__":"45r7T2LV5BWJLrx9v/pAGl"},"fileId":"07odpiAopExqIf0SFYLFON"},"_opacity":220,"_contentSize":{"__type__":"cc.Size","width":820,"height":54},"_trs":{"__type__":"TypedArray","ctor":"Float64Array","array":[0,0,0,0,0,0,1,1,1,1]}},{"__type__":"cc.Node","_name":"msg","_parent":{"__id__":1},"_components":[{"__type__":"cc.Label","node":{"__id__":3},"_materials":[{"__uuid__":"ecpdLyjvZBwrvm+cedCcQy"}],"_useOriginalSize":false,"_string":"This is tip","_N$string":"This is tip","_fontSize":28,"_lineHeight":35,"_N$file":{"__uuid__":"4aN5tuVVhJy7/tt7t4W7A4"},"_isSystemFontUsed":false,"_N$horizontalAlign":1,"_N$verticalAlign":1}],"_prefab":{"__type__":"cc.PrefabInfo","root":{"__id__":1},"asset":{"__uuid__":"45r7T2LV5BWJLrx9v/pAGl"},"fileId":"bf8pxyslNKjJEfmlM6IMOo"},"_contentSize":{"__type__":"cc.Size","width":108.16,"height":44.1},"_trs":{"__type__":"TypedArray","ctor":"Float64Array","array":[0,2,0,0,0,0,1,1,1,1]}}],{"__type__":"cc.SpriteFrame","content":{"name":"img_add_bg","texture":"c2++o/JwNFEqfoEKzjdg99","rect":[0,0,564,54],"offset":[0,0],"originalSize":[564,54],"capInsets":[0,0,0,0]}}]