[{"__type__":"cc.SpriteFrame","content":{"name":"bloacks_2","texture":"6amwsEeXRP9o19V2o/Rb7Z","rect":[0,0,101,111],"offset":[0,0],"originalSize":[101,111],"capInsets":[0,0,0,0]}},[{"__type__":"cc.Prefab","_name":"polygon4","data":{"__id__":1}},{"__type__":"cc.Node","_name":"polygon4","_children":[{"__id__":2},{"__id__":3},{"__id__":4},{"__id__":5}],"_components":[{"__type__":"cc.RigidBody","node":{"__id__":1},"_type":0,"enabledContactListener":true},{"__type__":"cc.PhysicsPolygonCollider","node":{"__id__":1},"_friction":0,"_restitution":0.7,"points":[{"__type__":"cc.Vec2","x":2.9,"y":46.5},{"__type__":"cc.Vec2","x":39.2,"y":24.8},{"__type__":"cc.Vec2","x":40.9,"y":20.6},{"__type__":"cc.Vec2","x":41.4,"y":-20.5},{"__type__":"cc.Vec2","x":38.2,"y":-24.9},{"__type__":"cc.Vec2","x":2.6,"y":-46.4},{"__type__":"cc.Vec2","x":-3.1,"y":-46},{"__type__":"cc.Vec2","x":-37.4,"y":-26.3},{"__type__":"cc.Vec2","x":-41.3,"y":-20.8},{"__type__":"cc.Vec2","x":-41.5,"y":19.7},{"__type__":"cc.Vec2","x":-38.1,"y":25.8},{"__type__":"cc.Vec2","x":-2.4,"y":46.3}]},{"__type__":"3bac05iQnRCHbhvPa7lWI7S","node":{"__id__":1},"lbScore":{"__id__":6}}],"_prefab":{"__type__":"cc.PrefabInfo","root":{"__id__":1},"asset":{"__uuid__":"36ffV/+zZA34qo6UZ21VpK"},"fileId":"a7d2BBejRKdK+KpZup+qqo"},"_contentSize":{"__type__":"cc.Size","width":101,"height":111},"_trs":{"__type__":"TypedArray","ctor":"Float64Array","array":[0,0,0,0,0,0,1,0.8,0.8,1]}},{"__type__":"cc.Node","_name":"bloacks_1","_parent":{"__id__":1},"_components":[{"__type__":"cc.Sprite","node":{"__id__":2},"_materials":[{"__uuid__":"ecpdLyjvZBwrvm+cedCcQy"}],"_spriteFrame":{"__uuid__":"bdt2wK+qhILJyKbg76NQkR"}}],"_prefab":{"__type__":"cc.PrefabInfo","root":{"__id__":1},"asset":{"__uuid__":"36ffV/+zZA34qo6UZ21VpK"},"fileId":"cdP4okZNVK8rOmUiDElgMj"},"_contentSize":{"__type__":"cc.Size","width":76,"height":85},"_trs":{"__type__":"TypedArray","ctor":"Float64Array","array":[0,0,0,0,0,0,1,1,1,1]}},{"__type__":"cc.Node","_name":"bloacks_2","_parent":{"__id__":1},"_components":[{"__type__":"cc.Sprite","node":{"__id__":3},"_materials":[{"__uuid__":"ecpdLyjvZBwrvm+cedCcQy"}],"_spriteFrame":{"__uuid__":"1d4wZRZARDa42evjxIYmF3"}}],"_prefab":{"__type__":"cc.PrefabInfo","root":{"__id__":1},"asset":{"__uuid__":"36ffV/+zZA34qo6UZ21VpK"},"fileId":"877atKiv1Ob6t3OfL8d39r"},"_contentSize":{"__type__":"cc.Size","width":101,"height":111},"_trs":{"__type__":"TypedArray","ctor":"Float64Array","array":[0,0,0,0,0,0,1,1,1,1]}},{"__type__":"cc.Node","_name":"bloacks_3","_parent":{"__id__":1},"_components":[{"__type__":"cc.Sprite","node":{"__id__":4},"_materials":[{"__uuid__":"ecpdLyjvZBwrvm+cedCcQy"}],"_spriteFrame":{"__uuid__":"ecIYnDycdOOZmRCQpI+DG9"}}],"_prefab":{"__type__":"cc.PrefabInfo","root":{"__id__":1},"asset":{"__uuid__":"36ffV/+zZA34qo6UZ21VpK"},"fileId":"57MYIrNZ5GR6gTQWIjFHKa"},"_contentSize":{"__type__":"cc.Size","width":19,"height":103},"_trs":{"__type__":"TypedArray","ctor":"Float64Array","array":[0,0,0,0,0,0,1,1,1,1]}},{"__type__":"cc.Node","_name":"New Label","_parent":{"__id__":1},"_components":[{"__id__":6}],"_prefab":{"__type__":"cc.PrefabInfo","root":{"__id__":1},"asset":{"__uuid__":"36ffV/+zZA34qo6UZ21VpK"},"fileId":"cdS5v9eYZKFJk6SAV8oG46"},"_color":{"__type__":"cc.Color"},"_contentSize":{"__type__":"cc.Size","width":66.74,"height":50.4},"_trs":{"__type__":"TypedArray","ctor":"Float64Array","array":[0,0,0,0,0,0,1,1,1,1]}},{"__type__":"cc.Label","node":{"__id__":5},"_materials":[{"__uuid__":"ecpdLyjvZBwrvm+cedCcQy"}],"_useOriginalSize":false,"_string":"9990","_N$string":"9990","_fontSize":30,"_styleFlags":1,"_N$horizontalAlign":1,"_N$verticalAlign":1}],{"__type__":"cc.SpriteFrame","content":{"name":"bloacks_1","texture":"29YPohA6xHxaU005NQS1G+","rect":[0,0,76,85],"offset":[0,0],"originalSize":[76,85],"capInsets":[0,0,0,0]}},{"__type__":"cc.SpriteFrame","content":{"name":"bloacks_3","texture":"5et7JAak5CuIq/HF0DHsR9","rect":[0,0,19,103],"offset":[0,0],"originalSize":[19,103],"capInsets":[0,0,0,0]}}]