[{"__type__":"cc.SpriteFrame","content":{"name":"23_hb_hd","texture":"72wl9rCi9LhYRpLfaPyiUY","rect":[0,0,66,87],"offset":[0,0],"originalSize":[66,87],"capInsets":[0,0,0,0]}},[{"__type__":"cc.Prefab","_name":"red","data":{"__id__":1}},{"__type__":"cc.Node","_name":"red","_children":[{"__id__":2},{"__id__":3}],"_components":[{"__type__":"cc.RigidBody","node":{"__id__":1},"_type":0,"enabledContactListener":true},{"__type__":"cc.PhysicsPolygonCollider","node":{"__id__":1},"_friction":0,"_restitution":0.7,"points":[{"__type__":"cc.Vec2","x":-31.4,"y":-40.8},{"__type__":"cc.Vec2","x":-31.5,"y":42.3},{"__type__":"cc.Vec2","x":31.3,"y":42.3},{"__type__":"cc.Vec2","x":32.1,"y":-42.2}]},{"__type__":"3bac05iQnRCHbhvPa7lWI7S","node":{"__id__":1},"lbScore":{"__id__":4},"isAddRed":true}],"_prefab":{"__type__":"cc.PrefabInfo","root":{"__id__":1},"asset":{"__uuid__":"46/hYAKjtHIKEtLuJlFvH+"},"fileId":"85PF9BnadDmYvhfKrEcxAt"},"_contentSize":{"__type__":"cc.Size","width":149,"height":157},"_trs":{"__type__":"TypedArray","ctor":"Float64Array","array":[0,0,0,0,0,0,1,0.85,0.85,1]}},{"__type__":"cc.Node","_name":"23_hb_hd","_parent":{"__id__":1},"_components":[{"__type__":"cc.Sprite","node":{"__id__":2},"_materials":[{"__uuid__":"ecpdLyjvZBwrvm+cedCcQy"}],"_spriteFrame":{"__uuid__":"0ap8e3bx9Ihp0ktobODtoV"}}],"_prefab":{"__type__":"cc.PrefabInfo","root":{"__id__":1},"asset":{"__uuid__":"46/hYAKjtHIKEtLuJlFvH+"},"fileId":"6dr11ymDxEeJ7GOGTUpg8m"},"_contentSize":{"__type__":"cc.Size","width":66,"height":87},"_trs":{"__type__":"TypedArray","ctor":"Float64Array","array":[0,0,0,0,0,0,1,1,1,1]}},{"__type__":"cc.Node","_name":"New Label","_parent":{"__id__":1},"_components":[{"__id__":4}],"_prefab":{"__type__":"cc.PrefabInfo","root":{"__id__":1},"asset":{"__uuid__":"46/hYAKjtHIKEtLuJlFvH+"},"fileId":"9eMXApK05E4YChfEQekQDz"},"_color":{"__type__":"cc.Color"},"_contentSize":{"__type__":"cc.Size","width":66.74,"height":50.4},"_trs":{"__type__":"TypedArray","ctor":"Float64Array","array":[0,-20.008,0,0,0,0,1,1,1,1]}},{"__type__":"cc.Label","node":{"__id__":3},"_materials":[{"__uuid__":"ecpdLyjvZBwrvm+cedCcQy"}],"_useOriginalSize":false,"_string":"9990","_N$string":"9990","_fontSize":30,"_styleFlags":1,"_N$horizontalAlign":1,"_N$verticalAlign":1}]]