[[{"__type__":"cc.Prefab","_name":"node_backMain","data":{"__id__":1}},{"__type__":"cc.Node","_name":"node_backMain","_children":[{"__id__":2},{"__id__":3}],"_prefab":{"__type__":"cc.PrefabInfo","root":{"__id__":1},"asset":{"__id__":0},"fileId":"c1xwyFzA5J0JOCSHCpGZLP"},"_trs":{"__type__":"TypedArray","ctor":"Float64Array","array":[0,0,0,0,0,0,1,1,1,1]}},{"__type__":"cc.Node","_name":"backMain","_parent":{"__id__":1},"_components":[{"__type__":"cc.Sprite","node":{"__id__":2},"_materials":[{"__uuid__":"ecpdLyjvZBwrvm+cedCcQy"}],"_spriteFrame":{"__uuid__":"2fGYEUAxpL/ouT5gCJhrTF"}}],"_prefab":{"__type__":"cc.PrefabInfo","root":{"__id__":1},"asset":{"__id__":0},"fileId":"30zbpte8dCJboRAQgHB81+"},"_contentSize":{"__type__":"cc.Size","width":374,"height":161},"_trs":{"__type__":"TypedArray","ctor":"Float64Array","array":[0,72.292,0,0,0,0,1,1,1,1]}},{"__type__":"cc.Node","_name":"continueGame","_parent":{"__id__":1},"_components":[{"__type__":"cc.Sprite","node":{"__id__":3},"_materials":[{"__uuid__":"ecpdLyjvZBwrvm+cedCcQy"}],"_spriteFrame":{"__uuid__":"e24x8uMu1IcJpK/b917AyG"}}],"_prefab":{"__type__":"cc.PrefabInfo","root":{"__id__":1},"asset":{"__id__":0},"fileId":"1aC3v+SCJMmqxGk5wgcgg4"},"_contentSize":{"__type__":"cc.Size","width":348,"height":137},"_trs":{"__type__":"TypedArray","ctor":"Float64Array","array":[0,-83.113,0,0,0,0,1,1,1,1]}}],{"__type__":"cc.SpriteFrame","content":{"name":"01_bnt_1","texture":"d0K/X97bZL3agXDb6AvuHX","rect":[2,2,374,161],"offset":[-0.5,0.5],"originalSize":[379,166],"capInsets":[0,0,0,0]}},{"__type__":"cc.SpriteFrame","content":{"name":"02_bnt_2","texture":"der0kb9sxNYaYviu/zwDGs","rect":[1,0,348,137],"offset":[-0.5,0.5],"originalSize":[351,138],"capInsets":[0,0,0,0]}}]