[{"__type__":"cc.BitmapFont","_name":"NumFont","spriteFrame":{"__uuid__":"dbvt8NEK5D3IiNGzNxXsLe"},"fontSize":19,"_fntConfig":{"commonHeight":19,"fontSize":19,"atlasName":"NumFont.png","fontDefDictionary":{"43":{"rect":{"x":33,"y":42,"width":14,"height":19},"xOffset":0,"yOffset":0,"xAdvance":14},"46":{"rect":{"x":76,"y":21,"width":8,"height":19},"xOffset":0,"yOffset":0,"xAdvance":8},"47":{"rect":{"x":22,"y":0,"width":17,"height":19},"xOffset":0,"yOffset":0,"xAdvance":17},"48":{"rect":{"x":17,"y":42,"width":14,"height":19},"xOffset":0,"yOffset":0,"xAdvance":14},"49":{"rect":{"x":76,"y":0,"width":12,"height":19},"xOffset":0,"yOffset":0,"xAdvance":12},"50":{"rect":{"x":18,"y":21,"width":15,"height":19},"xOffset":0,"yOffset":0,"xAdvance":15},"51":{"rect":{"x":35,"y":21,"width":15,"height":19},"xOffset":0,"yOffset":0,"xAdvance":15},"52":{"rect":{"x":41,"y":0,"width":16,"height":19},"xOffset":0,"yOffset":0,"xAdvance":16},"53":{"rect":{"x":59,"y":0,"width":15,"height":19},"xOffset":0,"yOffset":0,"xAdvance":15},"54":{"rect":{"x":59,"y":21,"width":15,"height":19},"xOffset":0,"yOffset":0,"xAdvance":15},"55":{"rect":{"x":0,"y":42,"width":15,"height":19},"xOffset":0,"yOffset":0,"xAdvance":15},"56":{"rect":{"x":0,"y":21,"width":16,"height":19},"xOffset":0,"yOffset":0,"xAdvance":16},"57":{"rect":{"x":49,"y":42,"width":14,"height":19},"xOffset":0,"yOffset":0,"xAdvance":14},"20803":{"rect":{"x":0,"y":0,"width":20,"height":19},"xOffset":0,"yOffset":0,"xAdvance":20}},"kerningDict":{}}},{"__type__":"cc.SpriteFrame","content":{"name":"NumFont","texture":"cfIAOiTvNGPKunU7K8isuc","rect":[0,0,87,60],"offset":[-0.5,0.5],"originalSize":[88,61],"capInsets":[0,0,0,0]}}]